term_id,token,term_frequency,document_frequency
0,bir,3506,706
1,ki,2931,643
2,bu,2709,673
3,nə,1666,463
4,aşıq,1349,52
5,ey,1269,497
6,hər,1225,462
7,ilə,1222,452
8,kim,1173,498
9,mən,1059,370
10,o,999,197
11,i,997,346
12,də,968,183
13,ol,958,443
14,ələsgər,948,102
15,kimi,838,285
16,sən,800,292
17,var,798,269
18,oldu,718,282
19,da,644,99
20,çox,537,208
21,mənim,536,169
22,məni,488,257
23,gün,485,240
24,dedi,481,118
25,can,457,296
26,tək,427,213
27,idi,419,116
28,mənə,412,194
29,olur,354,170
30,onun,342,140
31,sənə,342,175
32,ona,340,155
33,gül,334,185
34,sənin,317,127
35,dеdi,310,14
36,həm,308,152
37,gör,306,191
38,əgər,303,154
39,öz,299,126
40,olsun,297,113
41,ta,296,199
42,gördü,293,87
43,söz,293,86
44,olmaz,292,167
45,gəl,290,145
46,qədər,288,99
47,ola,286,148
48,yox,277,145
49,ya,276,148
50,səni,265,156
51,olub,264,170
52,sonra,263,48
53,çün,261,168
54,eylə,259,162
55,onu,257,111
56,üçün,255,161
57,a,253,52
58,eylər,251,107
59,belə,250,99
60,əhli,249,161
61,ay,248,104
62,biri,248,66
63,heç,245,95
64,yar,245,153
65,gözəl,238,94
66,könül,236,179
67,olan,236,149
68,yüz,236,129
69,gəldi,234,102
70,elə,230,85
71,zaman,230,117
72,iki,223,114
73,min,223,149
74,xoş,223,135
75,ə,222,36
76,füzuli,220,219
77,yaxşı,220,68
78,eşq,213,133
79,etdi,204,109
80,ələsgərin,203,31
81,necə,200,118
82,aldı,199,59
83,gər,195,145
84,qan,188,133
85,mana,186,82
86,və,181,76
87,səndən,180,116
88,gəlib,179,62
89,deyil,178,102
90,qurban,177,106
91,gərək,174,81
92,olmuş,173,96
93,dil,171,139
94,qəm,171,113
95,sana,171,77
96,göz,170,119
97,yoxdur,170,85
98,olar,169,66
99,bil,168,98
100,amma,167,46
101,et,166,107
102,olsa,166,103
103,az,163,68
104,bax,162,64
105,düşdü,161,95
106,qıl,160,125
107,fələk,159,98
108,qara,158,87
109,su,158,72
110,içində,156,93
111,mənəm,154,54
112,yenə,154,81
113,edər,153,89
114,eylədi,153,94
115,ver,152,57
116,əl,152,98
117,könlüm,146,99
118,bilməz,145,75
119,molla,144,26
120,nədir,144,79
121,dəli,143,27
122,nəsimi,143,141
123,şol,143,72
124,indi,142,70
125,sözün,142,69
126,dünyada,141,72
127,şah,141,67
128,xəbər,140,68
129,baş,137,91
130,məndən,137,97
131,gecə,136,74
132,oğul,135,33
133,gördüm,134,90
134,üz,134,74
135,al,133,81
136,kişi,130,39
137,neçə,130,72
138,dəm,129,95
139,görək,129,23
140,ağlarsan,128,1
141,canım,128,87
142,başına,126,66
143,vaqif,126,52
144,şirin,126,96
145,bəy,125,22
146,edib,125,84
147,onda,125,73
148,qıldı,125,89
149,səhər,125,71
150,mey,124,57
151,ondan,124,89
152,sözü,123,63
153,yol,123,69
154,üzün,123,90
155,еlə,123,23
156,həcər,122,12
157,allah,120,52
158,bəs,119,68
159,çünki,119,91
160,elədi,118,23
161,verdi,117,70
162,gəlir,115,70
163,qaldı,115,69
164,tutub,115,71
165,xaqani,115,41
166,nağı,113,8
167,bizə,112,78
168,eşqin,112,97
169,əli,112,58
170,anın,111,79
171,еy,111,53
172,dünya,110,68
173,etmiş,110,70
174,kəs,110,75
175,sübh,110,45
176,ı,108,10
177,şad,108,65
178,l,107,12
179,olmuşam,107,52
180,getdi,106,60
181,məşədi,106,14
182,üstə,106,63
183,aşiq,105,81
184,alı,104,15
185,ağ,104,71
186,dəxi,104,74
187,yoxdu,104,74
188,biz,103,46
189,içrə,103,80
190,olma,103,81
191,ələsgərə,103,18
192,vardır,102,52
193,özü,102,52
194,etmə,101,74
195,günü,101,70
196,istər,101,71
197,gah,100,48
198,yana,100,62
199,ələsgəri,100,32
200,imiş,99,67
201,sazı,99,16
202,budur,98,67
203,oğlu,98,31
204,üzünü,98,50
205,abi,97,86
206,ah,97,76
207,özgə,97,68
208,gözüm,96,71
209,bеlə,95,31
210,həq,95,65
211,oldum,95,71
212,on,95,48
213,adam,94,32
214,isə,94,52
215,məhəmməd,94,26
216,qoy,94,65
217,xanım,94,12
218,idim,93,50
219,о,93,32
220,cümlə,91,74
221,dedilər,91,37
222,dərdi,91,77
223,hеç,90,29
224,nəzər,90,63
225,aləm,89,74
226,özünü,89,49
227,saldı,88,66
228,еlədi,88,8
229,başa,87,39
230,bilir,87,69
231,olmadı,87,51
232,yerdə,87,60
233,bənzər,86,49
234,yola,86,38
235,etdim,85,44
236,görə,85,39
237,hamı,85,40
238,zülfün,85,73
239,əcəb,85,69
240,aləmdə,84,75
241,başladı,84,18
242,daim,84,58
243,dövran,84,62
244,görüb,84,53
245,gündə,84,43
246,sabah,84,17
247,tez,84,46
248,cahan,83,67
249,onlar,83,36
250,an,82,46
251,anaxanım,82,5
252,ancaq,82,54
253,məgər,82,63
254,yetər,82,45
255,çıxdı,82,49
256,özün,82,58
257,ağa,81,32
258,günəş,81,48
259,lə,81,66
260,qoydu,81,34
261,üç,81,46
262,bunu,80,40
263,dərd,80,60
264,yerə,80,49
265,şahi,80,56
266,kimsə,79,70
267,əlindən,79,56
268,dost,78,58
269,insan,78,50
270,kalvayı,78,12
271,çəkər,78,51
272,dili,77,64
273,gərçi,77,69
274,badə,76,43
275,bundan,76,43
276,camaat,76,11
277,daha,76,39
278,dəfə,76,25
279,dərman,76,67
280,niyə,76,30
281,tamam,76,51
282,bütün,75,32
283,at,74,39
284,dörd,74,46
285,gələn,74,44
286,il,73,43
287,toy,73,14
288,bizim,72,41
289,hələ,72,32
290,mə,72,59
291,r,72,15
292,şair,72,16
293,canı,71,59
294,saqi,71,45
295,surəti,71,65
296,sərvi,71,63
297,tutdu,71,47
298,yer,71,52
299,bəşir,70,7
300,canan,70,43
301,düşər,70,44
302,od,70,45
303,zülfü,70,64
304,bəlkə,69,41
305,görən,69,36
306,pünhan,69,59
307,sənsən,69,56
308,vidadi,69,5
309,çəkdi,69,56
310,dərdə,68,60
311,hüseyn,68,8
312,verib,68,45
313,yoxsa,68,49
314,axır,67,52
315,cahanda,67,58
316,degil,67,48
317,görəndə,67,34
318,soruşdu,67,16
319,tut,67,46
320,xəstə,67,63
321,üzünə,67,42
322,şəm,67,51
323,cavab,66,28
324,cəm,66,63
325,durur,66,16
326,gözü,66,54
327,iş,66,32
328,nola,66,51
329,qulaq,66,26
330,sgəndər,66,12
331,adı,65,45
332,ala,65,56
333,canımı,65,51
334,dilləndi,65,14
335,nədən,65,29
336,sultan,65,46
337,verir,65,41
338,xǝtai,65,54
339,çəkib,65,47
340,bülbül,64,58
341,dünyanın,64,48
342,xaki,64,57
343,dünyanı,63,49
344,hicran,63,51
345,kərəm,63,49
346,nur,63,49
347,sözünü,63,33
348,yanına,63,19
349,yanında,63,43
350,yolunda,63,56
351,çıxar,63,33
352,ələsgərəm,63,55
353,de,62,32
354,gələndə,62,28
355,heyvan,62,49
356,rəvan,62,55
357,yəqin,62,48
358,alıb,61,47
359,götürdü,61,24
360,hanı,61,33
361,həmişə,61,40
362,mərd,61,29
363,pərişan,61,54
364,yazıq,61,43
365,üstünə,61,39
366,üzrə,61,45
367,söhbət,60,29
368,sənsiz,60,28
369,üzü,60,49
370,başqa,59,25
371,bircə,59,30
372,dedim,59,41
373,götürüb,59,21
374,gəlin,59,24
375,s,59,11
376,ayrı,58,42
377,bəli,58,34
378,haqq,58,43
379,həsrət,58,44
380,nuri,58,53
381,nədi,58,18
382,qoca,58,20
383,sizə,58,32
384,çeşmi,58,51
385,böylə,57,47
386,düz,57,32
387,edə,57,52
388,eylədim,57,34
389,görüm,57,29
390,gəlməz,57,25
391,hal,57,51
392,heyran,57,49
393,pəri,57,37
394,tər,57,49
395,tərk,57,50
396,yaman,57,46
397,zər,57,46
398,ş,57,12
399,aləmə,56,40
400,ana,56,42
401,başı,56,45
402,bəri,56,32
403,cami,56,50
404,deyir,56,27
405,dilbər,56,46
406,dur,56,45
407,eylərəm,56,41
408,qul,56,50
409,qız,56,21
410,sahibi,56,45
411,zar,56,48
412,d,55,7
413,eyləmə,55,36
414,ikən,55,46
415,könlümü,55,44
416,lütf,55,50
417,sağ,55,33
418,ələ,55,33
419,aləmi,54,47
420,beş,54,29
421,camalın,54,48
422,düşüb,54,47
423,edən,54,44
424,güli,54,52
425,hiç,54,51
426,keçdi,54,34
427,nеcə,54,26
428,saz,54,28
429,səba,54,47
430,tutar,54,28
431,açdı,53,40
432,döndü,53,25
433,edir,53,31
434,etmək,53,35
435,gördülər,53,16
436,görünür,53,29
437,gözün,53,50
438,gələ,53,22
439,ndi,53,34
440,pul,53,20
441,tərəf,53,34
442,xan,53,22
443,yеnə,53,13
444,zahid,53,49
445,üstündə,53,35
446,əmi,53,10
447,işi,52,38
448,mələk,52,48
449,səri,52,49
450,xəlq,52,40
451,çək,52,37
452,əyan,52,42
453,оl,52,24
454,açıb,51,36
455,bəla,51,47
456,bəndini,51,11
457,ha,51,27
458,hansı,51,33
459,hasil,51,45
460,hǝr,51,31
461,q,51,6
462,qafil,51,47
463,qoyub,51,42
464,vəli,51,49
465,ötrü,51,19
466,şəkər,51,44
467,ayinə,50,12
468,gözəllər,50,35
469,gəlsin,50,29
470,qalmadı,50,33
471,sazını,50,12
472,verər,50,32
473,yad,50,40
474,özünə,50,32
475,bilmədi,49,21
476,böyük,49,28
477,cavad,49,1
478,hüsnün,49,42
479,izhar,49,37
480,leyk,49,36
481,qəmi,49,44
482,sarı,49,23
483,siz,49,21
484,zülfi,49,46
485,şey,49,29
486,bildi,48,38
487,deyib,48,36
488,dust,48,29
489,gündən,48,38
490,gətir,48,27
491,gətirdi,48,30
492,ləbi,48,46
493,ləbin,48,45
494,ləhzə,48,37
495,məcnun,48,45
496,saçın,48,44
497,çay,48,20
498,ərz,48,36
499,alının,47,4
500,artıq,47,34
501,dəyər,47,17
502,gəldin,47,14
503,hamısı,47,20
504,odur,47,33
505,olaydı,47,16
506,olmasa,47,36
507,pişik,47,7
508,sənəm,47,36
509,tərif,47,17
510,tеz,47,12
511,burada,46,15
512,cana,46,39
513,dağlar,46,26
514,deyin,46,11
515,dövlət,46,36
516,düşmüşəm,46,20
517,dərdü,46,43
518,müdam,46,42
519,nеçə,46,21
520,qızıl,46,31
521,sirri,46,38
522,söylə,46,34
523,vеrdi,46,14
524,yan,46,40
525,əsədullah,46,2
526,əzizlərim,46,11
527,axşam,45,22
528,göy,45,35
529,iman,45,38
530,mülki,45,40
531,oğlan,45,16
532,qılır,45,43
533,rüxün,45,34
534,salıb,45,39
535,xəncər,45,12
536,yara,45,29
537,yarı,45,35
538,aşiqi,44,42
539,cam,44,31
540,düşmən,44,26
541,eyləyib,44,38
542,görmədim,44,23
543,istərəm,44,18
544,məst,44,29
545,qəza,44,33
546,sanma,44,40
547,səfa,44,35
548,tərki,44,41
549,vəfa,44,36
550,xar,44,32
551,yandı,44,35
552,bahar,43,36
553,birisi,43,29
554,bizi,43,33
555,cəfa,43,38
556,durub,43,37
557,dе,43,8
558,eşqə,43,38
559,g,43,8
560,get,43,23
561,olmaq,43,39
562,qaşın,43,41
563,rəhm,43,41
564,sal,43,35
565,səndə,43,38
566,vəslin,43,38
567,yavaş,43,8
568,yeri,43,34
569,əvvəl,43,35
570,ara,42,34
571,arif,42,38
572,buna,42,28
573,bəyan,42,34
574,cavan,42,31
575,fikir,42,19
576,gündüz,42,33
577,həqdən,42,32
578,istəməz,42,17
579,mah,42,39
580,məndə,42,33
581,nalə,42,33
582,qəlbi,42,35
583,qələm,42,32
584,sa,42,23
585,sanki,42,29
586,vaxt,42,25
587,vurdu,42,38
588,yaşı,42,35
589,atəşi,41,37
590,başını,41,33
591,candan,41,36
592,cənnət,41,37
593,dağ,41,32
594,dilə,41,28
595,dərdim,41,34
596,el,41,35
597,hərdəm,41,36
598,inan,41,14
599,ləli,41,40
600,qeyri,41,26
601,qəbul,41,30
602,qəmdən,41,35
603,qəmər,41,36
604,ruzi,41,35
605,torpaq,41,21
606,yarın,41,34
607,şükr,41,38
608,əzəldən,41,33
609,anı,40,35
610,atını,40,17
611,canü,40,36
612,daş,40,32
613,doğru,40,34
614,eləyib,40,20
615,eyləməz,40,34
616,gülə,40,24
617,gələr,40,33
618,həmin,40,20
619,mahi,40,37
620,mal,40,20
621,məclis,40,23
622,olubdur,40,35
623,rəhim,40,5
624,seyr,40,36
625,səbr,40,25
626,zahir,40,34
627,əlin,40,36
628,əlində,40,32
629,altı,39,20
630,bеş,39,12
631,dana,39,17
632,götür,39,32
633,ilən,39,31
634,işə,39,26
635,kimin,39,28
636,nihan,39,37
637,odu,39,29
638,surətin,39,33
639,təzə,39,25
640,xoşdur,39,20
641,ürək,39,25
642,alır,38,36
643,aşiqə,38,36
644,canını,38,33
645,deyim,38,21
646,etsə,38,29
647,fəda,38,23
648,həyat,38,32
649,işin,38,27
650,kəsə,38,31
651,parə,38,24
652,tərəfə,38,23
653,yanar,38,25
654,zülm,38,35
655,şərab,38,25
656,ələsgərdən,38,17
657,adını,37,23
658,alməmməd,37,2
659,ayə,37,28
660,başında,37,26
661,burda,37,15
662,bəhri,37,33
663,canə,37,34
664,cür,37,26
665,dal,37,24
666,darı,37,7
667,düşdüm,37,32
668,dеyil,37,19
669,getmə,37,16
670,gеtdi,37,11
671,halı,37,34
672,kamil,37,32
673,saat,37,21
674,sǝn,37,20
675,uzun,37,33
676,viran,37,35
677,çarə,37,35
678,çörək,37,18
679,ələsgərlə,37,14
680,əsər,37,32
681,adamlar,36,15
682,ahü,36,32
683,azad,36,30
684,bağrım,36,31
685,deyə,36,28
686,deyən,36,33
687,ehsan,36,32
688,eyləyən,36,27
689,fikri,36,35
690,gecələr,36,26
691,gedib,36,23
692,gövhər,36,30
693,könlümün,36,32
694,oxudu,36,12
695,pak,36,29
696,qoyma,36,32
697,qönçə,36,34
698,vaxtı,36,20
699,vermə,36,28
700,yada,36,29
701,yaz,36,26
702,yolda,36,31
703,çıxıb,36,30
704,еylə,36,27
705,ayaq,35,27
706,açıldı,35,23
707,bala,35,18
708,bağ,35,27
709,dar,35,31
710,derlər,35,17
711,gözlərin,35,29
712,həmdəm,35,31
713,nar,35,28
714,oldur,35,26
715,qılma,35,34
716,qərq,35,29
717,rəngi,35,30
718,siyah,35,31
719,sözləri,35,22
720,süleyman,35,29
721,uş,35,24
722,xəyal,35,29
723,çıxartdı,35,11
724,üzündə,35,32
725,ələsgərgil,35,10
726,allaha,34,22
727,arasında,34,15
728,aya,34,26
729,badi,34,30
730,bal,34,25
731,birinə,34,24
732,budu,34,27
733,bəzmi,34,29
734,dərdinə,34,30
735,dеyir,34,15
736,eşqi,34,31
737,görmüşəm,34,18
738,gözümdən,34,28
739,hənuz,34,13
740,kişinin,34,12
741,lalə,34,32
742,musa,34,29
743,oldun,34,25
744,olmasın,34,19
745,qoymaz,34,29
746,qızı,34,11
747,çü,34,30
748,özüm,34,25
749,şam,34,24
750,əhlinə,34,29
751,əşi,34,9
752,arvad,33,13
753,ağır,33,24
754,bərabər,33,24
755,eyləmiş,33,21
756,gözləri,33,27
757,hali,33,31
758,hesab,33,22
759,kеçdi,33,14
760,nazik,33,19
761,nişan,33,26
762,olmuşdur,33,21
763,onların,33,22
764,sirrini,33,30
765,sərv,33,31
766,tazə,33,28
767,verə,33,29
768,verən,33,27
769,xeyli,33,28
770,yarə,33,28
771,yolu,33,27
772,çəkmə,33,30
773,əldən,33,31
774,əşk,33,31
775,adlı,32,11
776,ağlar,32,21
777,aşikar,32,29
778,başdan,32,29
779,bilmirəm,32,22
780,cahanı,32,27
781,dağı,32,17
782,deyiləm,32,16
783,din,32,29
784,dərdin,32,27
785,etməz,32,25
786,gözdən,32,28
787,hey,32,20
788,hörmət,32,25
789,kimə,32,25
790,kömək,32,22
791,lakin,32,22
792,li,32,30
793,onlara,32,25
794,pulu,32,9
795,qardaş,32,22
796,qayıtdı,32,11
797,qaşların,32,26
798,qıj,32,2
799,söyün,32,2
800,sözüm,32,26
801,vey,32,10
802,yaradan,32,21
803,yerdən,32,30
804,yəni,32,29
805,yеrə,32,12
806,zövq,32,26
807,çərxi,32,29
808,əlbəttə,32,32
809,əldə,32,28
810,əmə,32,4
811,əql,32,27
812,adın,31,27
813,ayağa,31,22
814,baxdı,31,16
815,birdən,31,19
816,bunlar,31,15
817,dövləti,31,25
818,dövri,31,26
819,dərya,31,27
820,etdin,31,22
821,gərəkdir,31,19
822,kor,31,29
823,külli,31,22
824,kəm,31,29
825,kəsildi,31,13
826,layiq,31,31
827,lazım,31,22
828,necin,31,2
829,olduğun,31,17
830,qalıb,31,22
831,qanı,31,29
832,surət,31,30
833,tapdı,31,27
834,xəndan,31,27
835,yarım,31,28
836,zövqi,31,29
837,zərrə,31,24
838,ən,31,20
839,ad,30,26
840,aç,30,29
841,bilər,30,18
842,bunca,30,27
843,bunun,30,22
844,bəyin,30,12
845,demə,30,26
846,dönüb,30,23
847,dövr,30,26
848,dərdimə,30,28
849,edim,30,23
850,fani,30,24
851,fəğan,30,29
852,gedər,30,26
853,göyçəyə,30,11
854,gənci,30,26
855,gərəkməz,30,7
856,gəz,30,22
857,həqq,30,23
858,işim,30,26
859,kağız,30,10
860,mümkün,30,25
861,nərgisi,30,28
862,oduna,30,28
863,pərvanə,30,25
864,qabağına,30,14
865,qana,30,25
866,qanlı,30,24
867,qaşı,30,26
868,torpağa,30,22
869,xuda,30,28
870,yarəb,30,26
871,yeddi,30,23
872,ölüm,30,21
873,üzündən,30,26
874,şahın,30,17
875,şər,30,27
876,еylədi,30,18
877,asiman,29,22
878,dalınca,29,12
879,demək,29,20
880,dilim,29,26
881,dünyaya,29,24
882,guya,29,28
883,görəsən,29,17
884,göyçə,29,18
885,hüsnünə,29,26
886,köpək,29,8
887,kəbə,29,20
888,məclisdə,29,19
889,oxu,29,18
890,qoyun,29,19
891,qədəm,29,28
892,sayə,29,28
893,səcdə,29,25
894,toya,29,8
895,tən,29,25
896,varmı,29,11
897,vəsli,29,20
898,xəlqə,29,26
899,yaş,29,25
900,adım,28,24
901,aparır,28,8
902,axı,28,14
903,açılsın,28,15
904,aşiqin,28,25
905,bağlı,28,20
906,başın,28,25
907,bilən,28,25
908,bizdən,28,24
909,dilər,28,25
910,dodağın,28,25
911,eylədin,28,16
912,görsə,28,25
913,gözünü,28,22
914,gülüstan,28,25
915,gəh,28,16
916,gəlmədi,28,12
917,h,28,5
918,hacı,28,10
919,hara,28,14
920,huri,28,24
921,hərgiz,28,23
922,hərə,28,17
923,həsrətindən,28,24
924,ilǝ,28,20
925,kimdir,28,24
926,könlü,28,25
927,kəsdi,28,22
928,nǝ,28,22
929,qalan,28,23
930,qılmış,28,24
931,qılıb,28,26
932,qəmin,28,26
933,razı,28,17
934,salmış,28,27
935,sirr,28,24
936,sual,28,24
937,sədəf,28,22
938,tamaşa,28,19
939,türfə,28,26
940,ustad,28,24
941,yaraşır,28,20
942,yoldan,28,21
943,zəhmət,28,23
944,çak,28,21
945,çatanda,28,15
946,ənbər,28,26
947,еşitdi,28,7
948,adəm,27,26
949,birini,27,14
950,boyun,27,26
951,bədən,27,21
952,bəsdir,27,17
953,dolu,27,24
954,dosta,27,23
955,düşəndə,27,21
956,dəstə,27,14
957,dеyim,27,15
958,etmədi,27,18
959,etməyə,27,22
960,eşqində,27,23
961,fəzli,27,22
962,göndərdi,27,16
963,güldü,27,22
964,halın,27,24
965,hazır,27,15
966,kimdən,27,15
967,kimidi,27,6
968,kəndin,27,10
969,meyi,27,23
970,müşkünaz,27,1
971,məhv,27,20
972,nağıya,27,4
973,olasan,27,22
974,onları,27,22
975,pis,27,20
976,qanda,27,26
977,qərar,27,25
978,saf,27,24
979,sübhü,27,13
980,səhnəbanı,27,1
981,sərbəsər,27,19
982,səsi,27,18
983,təki,27,24
984,uzaq,27,24
985,uşaq,27,20
986,yolun,27,22
987,yusifi,27,27
988,zəmanə,27,21
989,çoxdur,27,23
990,ürəyim,27,12
991,şahı,27,23
992,еləyib,27,8
993,acı,26,23
994,aman,26,22
995,asan,26,23
996,atdı,26,21
997,bilsin,26,25
998,buldu,26,23
999,bəndi,26,17
1000,cani,26,24
1001,danışma,26,11
1002,dedin,26,11
1003,didar,26,19
1004,dəhr,26,24
1005,dəmbədəm,26,26
1006,dərs,26,24
1007,eyləsin,26,23
1008,feyzi,26,24
1009,giryan,26,24
1010,göydə,26,19
1011,göyçənin,26,9
1012,göyə,26,22
1013,gеcə,26,11
1014,hüsni,26,19
1015,istədi,26,17
1016,kuyində,26,25
1017,könlümə,26,18
1018,mö,26,23
1019,mǝn,26,21
1020,məhi,26,25
1021,nadan,26,26
1022,naz,26,23
1023,oda,26,24
1024,qamu,26,24
1025,qar,26,20
1026,qədəh,26,21
1027,qətrə,26,18
1028,rəva,26,24
1029,saqın,26,18
1030,sinəsinə,26,13
1031,sor,26,18
1032,söylədi,26,22
1033,tüfəng,26,9
1034,tə,26,24
1035,tələb,26,22
1036,xak,26,18
1037,xali,26,25
1038,xоş,26,9
1039,yandan,26,16
1040,zülfünə,26,22
1041,zərrəcə,26,25
1042,çeşmim,26,25
1043,özündən,26,21
1044,ünsüri,26,3
1045,şeytan,26,20
1046,əzəl,26,24
1047,еvə,26,8
1048,ahu,25,19
1049,arzular,25,8
1050,as,25,11
1051,baxma,25,18
1052,canıma,25,21
1053,dala,25,12
1054,der,25,24
1055,dün,25,24
1056,dünyadan,25,21
1057,dən,25,20
1058,dərdimi,25,20
1059,görcək,25,17
1060,gövhəri,25,23
1061,gülü,25,23
1062,gülün,25,16
1063,gəldilər,25,14
1064,hardasan,25,3
1065,hicr,25,24
1066,hüsn,25,24
1067,həqqi,25,24
1068,inci,25,19
1069,mindi,25,12
1070,mütləq,25,23
1071,məclisə,25,15
1072,məhşər,25,21
1073,neçün,25,17
1074,olmaram,25,8
1075,olsan,25,22
1076,olubdu,25,20
1077,olum,25,22
1078,qohum,25,14
1079,qılan,25,21
1080,rəng,25,21
1081,salma,25,18
1082,seyyid,25,23
1083,sərasər,25,23
1084,tapar,25,20
1085,tərlan,25,23
1086,vəslinə,25,22
1087,xəbərin,25,13
1088,xəlqi,25,19
1089,ədalət,25,23
1090,əşki,25,23
1091,afərin,24,20
1092,ata,24,19
1093,atdan,24,9
1094,atı,24,12
1095,ayağı,24,18
1096,baği,24,17
1097,bağrımı,24,22
1098,bildim,24,24
1099,canlar,24,20
1100,cövhəri,24,21
1101,dastan,24,19
1102,dildən,24,24
1103,düşdülər,24,11
1104,dəf,24,20
1105,dəva,24,23
1106,fəhm,24,19
1107,fələyin,24,18
1108,gözə,24,22
1109,güman,24,21
1110,günün,24,15
1111,gətirib,24,19
1112,halə,24,21
1113,hayıf,24,8
1114,hicrin,24,23
1115,isən,24,21
1116,işlər,24,20
1117,könlünü,24,22
1118,kəndində,24,10
1119,malı,24,20
1120,meyl,24,22
1121,mikayıl,24,3
1122,məhəbbət,24,20
1123,natəvan,24,20
1124,ney,24,20
1125,nökər,24,11
1126,növ,24,19
1127,olacaq,24,13
1128,olsaydı,24,15
1129,oxşar,24,17
1130,pay,24,20
1131,peyda,24,16
1132,qabaq,24,19
1133,qaldım,24,23
1134,qarşı,24,18
1135,qiyamət,24,23
1136,quran,24,18
1137,qədrini,24,13
1138,qəlbim,24,19
1139,rast,24,20
1140,ruhi,24,22
1141,seyri,24,21
1142,suyu,24,19
1143,sözə,24,19
1144,tufan,24,19
1145,təbib,24,23
1146,xumar,24,20
1147,xəta,24,19
1148,yari,24,18
1149,çəkir,24,19
1150,öküz,24,9
1151,ömrüm,24,22
1152,ömür,24,19
1153,üzüm,24,19
1154,şux,24,24
1155,şükür,24,19
1156,əlini,24,20
1157,əlinə,24,19
1158,əlvan,24,21
1159,aqil,23,18
1160,aslan,23,19
1161,ağzı,23,20
1162,bihudə,23,22
1163,bivəfa,23,22
1164,bülbüli,23,23
1165,canın,23,20
1166,cüda,23,20
1167,deyər,23,17
1168,durdu,23,15
1169,dеyin,23,3
1170,elm,23,19
1171,evdə,23,16
1172,fərman,23,18
1173,görməmişəm,23,14
1174,gözlərim,23,22
1175,güllər,23,22
1176,günə,23,20
1177,gəda,23,19
1178,hatəm,23,10
1179,hünər,23,18
1180,hеsab,23,12
1181,ilan,23,20
1182,kar,23,21
1183,keç,23,14
1184,köhnə,23,22
1185,kövsər,23,22
1186,kəndə,23,13
1187,manat,23,6
1188,mətləb,23,21
1189,nahaq,23,20
1190,niqab,23,21
1191,nəfəs,23,20
1192,olanda,23,19
1193,oldular,23,20
1194,onunla,23,15
1195,ox,23,19
1196,qanın,23,21
1197,qatar,23,16
1198,qonşu,23,13
1199,quş,23,20
1200,qış,23,20
1201,rəb,23,14
1202,salar,23,19
1203,seyyida,23,23
1204,sizi,23,12
1205,tənə,23,21
1206,ucundan,23,20
1207,vermiş,23,21
1208,vurar,23,18
1209,vurub,23,23
1210,yadına,23,15
1211,yay,23,20
1212,yaşım,23,21
1213,çeşmeyi,23,22
1214,çin,23,21
1215,öylə,23,20
1216,üzə,23,17
1217,şahlar,23,17
1218,əməl,23,23
1219,ər,23,20
1220,ərşi,23,21
1221,əsir,23,21
1222,əta,23,21
1223,еvinə,23,7
1224,ac,22,18
1225,adama,22,11
1226,ali,22,19
1227,anaxanımın,22,3
1228,and,22,15
1229,artar,22,14
1230,atın,22,14
1231,axırda,22,17
1232,ağzını,22,14
1233,barı,22,18
1234,basdı,22,13
1235,baxanda,22,19
1236,bəxş,22,14
1237,bəşirə,22,7
1238,cananə,22,20
1239,cüt,22,12
1240,dad,22,20
1241,dilbərin,22,20
1242,dilərsən,22,12
1243,doludur,22,10
1244,dönə,22,11
1245,dövründə,22,16
1246,düşən,22,21
1247,dəmadəm,22,19
1248,dəyməz,22,12
1249,edərəm,22,16
1250,eyləyir,22,20
1251,eşitdi,22,14
1252,faş,22,20
1253,fəqr,22,18
1254,gizli,22,21
1255,gözlə,22,8
1256,gözəllərin,22,21
1257,güllə,22,8
1258,gəlmişəm,22,17
1259,gəlsə,22,21
1260,gеdib,22,8
1261,halım,22,21
1262,halını,22,20
1263,haradan,22,14
1264,harda,22,17
1265,hikmət,22,19
1266,hüsnü,22,21
1267,həkim,22,14
1268,həmid,22,3
1269,içindəyəm,22,4
1270,içəri,22,7
1271,kuyin,22,22
1272,könlün,22,22
1273,kəndinə,22,12
1274,lap,22,12
1275,m,22,7
1276,mehman,22,16
1277,meydan,22,13
1278,müddət,22,14
1279,müşkül,22,20
1280,mərdi,22,21
1281,məsti,22,15
1282,naleyi,22,20
1283,nara,22,14
1284,nsan,22,16
1285,nəsiminin,22,22
1286,oynar,22,7
1287,qılmaz,22,15
1288,qılsa,22,17
1289,qədr,22,19
1290,rvaham,22,4
1291,salır,22,20
1292,sin,22,13
1293,sinə,22,17
1294,sultanı,22,19
1295,torpağı,22,11
1296,tərəfdən,22,16
1297,vardı,22,18
1298,verməz,22,14
1299,vəsfini,22,18
1300,vəsl,22,20
1301,vətən,22,18
1302,xalın,22,18
1303,xanə,22,12
1304,xələt,22,19
1305,xəyali,22,21
1306,xеyir,22,11
1307,yanağın,22,22
1308,yandırdı,22,20
1309,şaha,22,18
1310,şəfa,22,17
1311,şəhi,22,19
1312,şərh,22,18
1313,əbəd,22,21
1314,əlli,22,14
1315,əsiri,22,21
1316,əsli,22,21
1317,еylər,22,17
1318,ahim,21,21
1319,alim,21,15
1320,andan,21,18
1321,apardı,21,18
1322,aqibət,21,20
1323,ar,21,21
1324,atlı,21,8
1325,aydır,21,18
1326,ağlı,21,16
1327,bari,21,19
1328,baxıb,21,18
1329,bağlama,21,12
1330,bağı,21,18
1331,başladılar,21,10
1332,başım,21,18
1333,bilirsən,21,16
1334,bilirəm,21,17
1335,birin,21,14
1336,birinin,21,14
1337,boş,21,16
1338,c9,21,3
1339,cismi,21,21
1340,derəm,21,8
1341,didarına,21,4
1342,dostun,21,15
1343,doğrudan,21,13
1344,düşərmi,21,5
1345,dəmi,21,19
1346,dеsin,21,7
1347,etdilər,21,14
1348,eyləmək,21,14
1349,fazil,21,5
1350,geri,21,10
1351,haman,21,18
1352,hava,21,18
1353,köynəyinə,21,10
1354,mehri,21,17
1355,meydana,21,15
1356,möhnəti,21,20
1357,məh,21,19
1358,məlum,21,18
1359,n,21,6
1360,nəfər,21,21
1361,nəqşi,21,20
1362,odlu,21,19
1363,olu,21,10
1364,olun,21,9
1365,orda,21,15
1366,qala,21,16
1367,qurbanın,21,6
1368,qəddi,21,19
1369,qəmzə,21,20
1370,rahət,21,20
1371,sevər,21,12
1372,söhbəti,21,15
1373,sözlərin,21,13
1374,sözünə,21,18
1375,sǝnin,21,18
1376,tapıb,21,17
1377,tari,21,18
1378,tutmuş,21,19
1379,tökülür,21,12
1380,təkcə,21,19
1381,vasil,21,19
1382,vay,21,18
1383,verdim,21,21
1384,versə,21,20
1385,vüsalın,21,19
1386,xeyr,21,13
1387,xürrəm,21,19
1388,xızr,21,20
1389,xəm,21,21
1390,yazdı,21,13
1391,yağış,21,12
1392,yeksan,21,12
1393,yetişdi,21,16
1394,yolunu,21,14
1395,yolçu,21,2
1396,zalım,21,16
1397,zinhar,21,19
1398,çatdı,21,15
1399,çıxan,21,19
1400,şan,21,15
1401,şirvan,21,16
1402,şəmi,21,21
1403,şərif,21,4
1404,əhsən,21,19
1405,əksi,21,20
1406,əla,21,19
1407,əmma,21,21
1408,əqli,21,17
1409,əsla,21,18
1410,əyri,21,18
1411,afitab,20,20
1412,amandı,20,8
1413,aradan,20,14
1414,arizi,20,15
1415,ayağın,20,20
1416,ağkilsə,20,9
1417,bayram,20,14
1418,bağladı,20,19
1419,başıma,20,17
1420,behişt,20,14
1421,cahanın,20,15
1422,cövr,20,19
1423,danışdı,20,10
1424,deyəsən,20,15
1425,dilin,20,20
1426,durmuş,20,12
1427,düşman,20,18
1428,dər,20,16
1429,elmi,20,16
1430,evində,20,14
1431,eylərsən,20,10
1432,fikirləşdi,20,10
1433,gerçək,20,11
1434,görün,20,18
1435,görər,20,15
1436,gözünə,20,19
1437,gəzər,20,19
1438,hamısını,20,11
1439,həsən,20,14
1440,həzər,20,18
1441,keçən,20,16
1442,kəlmə,20,16
1443,kəmali,20,17
1444,lin,20,18
1445,lütfü,20,18
1446,ləzzət,20,16
1447,mişkin,20,20
1448,münkir,20,19
1449,müttəsil,20,20
1450,müştaq,20,18
1451,məclisində,20,14
1452,mələklər,20,18
1453,mərdana,20,16
1454,mərifət,20,18
1455,ni,20,18
1456,qardaşı,20,11
1457,qismət,20,18
1458,qorxuram,20,18
1459,qırmızı,20,13
1460,ruh,20,16
1461,səbəbdən,20,20
1462,sərdar,20,10
1463,sərxoş,20,13
1464,tapılmaz,20,12
1465,tay,20,16
1466,tiği,20,16
1467,töküb,20,18
1468,təmə,20,3
1469,vaqifi,20,10
1470,vüsal,20,14
1471,vəh,20,18
1472,vеrir,20,11
1473,xəbərdar,20,20
1474,yaşıl,20,13
1475,yerinə,20,14
1476,yusif,20,19
1477,yеddi,20,10
1478,zamana,20,16
1479,zəhi,20,17
1480,çoxu,20,11
1481,çıxır,20,17
1482,çəkilib,20,17
1483,çəkə,20,12
1484,çəkən,20,18
1485,ömr,20,19
1486,şikar,20,19
1487,əhməd,20,9
1488,ərzi,20,17
1489,adət,19,19
1490,altında,19,17
1491,arizin,19,19
1492,ayrılır,19,4
1493,ağkilsəyə,19,9
1494,ağıl,19,13
1495,aşiqəm,19,10
1496,bar,19,13
1497,bidar,19,18
1498,biçarə,19,18
1499,bulunmaz,19,7
1500,bunların,19,10
1501,bə,19,8
1502,bərgi,19,16
1503,canımız,19,8
1504,cigər,19,18
1505,cəfərqulu,19,1
1506,daği,19,17
1507,dideyi,19,18
1508,divanə,19,14
1509,dolanır,19,13
1510,doldu,19,16
1511,dünən,19,16
1512,dürri,19,19
1513,düşsə,19,17
1514,dədə,19,6
1515,dərdini,19,15
1516,dərin,19,16
1517,dеyər,19,13
1518,edirəm,19,13
1519,etibar,19,16
1520,fəna,19,16
1521,fəxr,19,13
1522,gahi,19,10
1523,görmək,19,16
1524,görməz,19,15
1525,göylərə,19,19
1526,gözdə,19,6
1527,gözlər,19,16
1528,gözündən,19,18
1529,gözələ,19,9
1530,gülzar,19,16
1531,gülşən,19,17
1532,gǝldi,19,8
1533,gərdən,19,16
1534,hadi,19,1
1535,həya,19,19
1536,ilahi,19,16
1537,iç,19,9
1538,içim,19,13
1539,kamal,19,15
1540,kağızı,19,4
1541,kaş,19,16
1542,key,19,16
1543,keçər,19,15
1544,kə,19,16
1545,kəndindən,19,11
1546,kəsin,19,14
1547,lövhi,19,19
1548,ləbindən,19,18
1549,ləblərin,19,19
1550,maral,19,13
1551,münəvvər,19,19
1552,mədəd,19,9
1553,məlamət,19,18
1554,məna,19,17
1555,mərdan,19,17
1556,mərdümi,19,17
1557,məskən,19,17
1558,nişana,19,12
1559,olanlar,19,16
1560,olmadan,19,11
1561,olmaya,19,15
1562,olsam,19,19
1563,pir,19,16
1564,qalmışam,19,17
1565,qalsın,19,12
1566,qalır,19,18
1567,qiymət,19,18
1568,qızın,19,7
1569,qəlbinə,19,15
1570,qəmindən,19,17
1571,qəmzən,19,18
1572,reyhan,19,19
1573,ruzigar,19,16
1574,sazın,19,12
1575,sidq,19,18
1576,sinəm,19,18
1577,sizin,19,15
1578,səd,19,16
1579,tab,19,19
1580,top,19,18
1581,tökər,19,18
1582,təkrar,19,18
1583,versin,19,16
1584,xalq,19,15
1585,xırda,19,10
1586,xəyalın,19,17
1587,xəzan,19,13
1588,yaxşılıq,19,9
1589,yetdi,19,17
1590,yеri,19,10
1591,zülfünü,19,16
1592,çoxdu,19,16
1593,ümidim,19,17
1594,üryan,19,14
1595,əgərçi,19,19
1596,əlimdən,19,15
1597,ahım,18,17
1598,almaq,18,12
1599,atası,18,8
1600,ayna,18,16
1601,aşıqlar,18,9
1602,aşığam,18,10
1603,baxın,18,7
1604,bağrı,18,17
1605,başından,18,16
1606,bidad,18,18
1607,bilmədim,18,11
1608,bimürvət,18,18
1609,boyu,18,16
1610,büti,18,16
1611,bəd,18,17
1612,bəhs,18,11
1613,bəladır,18,18
1614,bəndə,18,16
1615,bəşər,18,17
1616,cövrü,18,17
1617,daşı,18,17
1618,di,18,12
1619,dildar,18,15
1620,dönər,18,17
1621,dünyayə,18,17
1622,düşmüş,18,16
1623,düşsün,18,15
1624,düşərsən,18,4
1625,dəhrdə,18,17
1626,dərdli,18,14
1627,fərhad,18,18
1628,gedən,18,13
1629,göydən,18,16
1630,gülzari,18,16
1631,gəldim,18,15
1632,gəlmiş,18,17
1633,gərəkdi,18,7
1634,gеt,18,7
1635,halına,18,16
1636,hamınızın,18,9
1637,hardan,18,15
1638,it,18,10
1639,içinə,18,10
1640,içər,18,10
1641,kənar,18,17
1642,lazımdı,18,17
1643,mina,18,18
1644,müsəlman,18,17
1645,müşgünaz,18,2
1646,nagəh,18,17
1647,nağının,18,3
1648,nöqsan,18,15
1649,nəyə,18,15
1650,orada,18,11
1651,qamətin,18,18
1652,qanan,18,6
1653,qansı,18,5
1654,qarə,18,17
1655,qaçan,18,17
1656,qonaq,18,10
1657,qur,18,18
1658,quru,18,16
1659,qılmağa,18,15
1660,rövşən,18,18
1661,salan,18,17
1662,saət,18,17
1663,sirrin,18,18
1664,son,18,14
1665,soyuq,18,13
1666,söylər,18,16
1667,sə,18,8
1668,səkkiz,18,13
1669,səninlə,18,13
1670,sər,18,18
1671,sərf,18,16
1672,səs,18,17
1673,səxavət,18,11
1674,tanı,18,14
1675,tökdü,18,16
1676,usta,18,5
1677,varsa,18,17
1678,verirəm,18,5
1679,versən,18,11
1680,vurur,18,15
1681,xaqaninin,18,12
1682,xeyir,18,12
1683,xəcalət,18,17
1684,xərab,18,17
1685,yalan,18,18
1686,yanan,18,17
1687,yeni,18,13
1688,yеrdə,18,11
1689,çoban,18,11
1690,çıxıbdı,18,11
1691,çəkmiş,18,18
1692,öldü,18,11
1693,üzlü,18,14
1694,əks,18,14
1695,əlim,18,17
1696,ərşə,18,16
1697,əzab,18,16
1698,əzmi,18,18
1699,anda,17,15
1700,atəş,17,17
1701,ayı,17,12
1702,aşıqlıq,17,5
1703,aşığın,17,10
1704,balı,17,10
1705,baxtım,17,8
1706,bağında,17,15
1707,billah,17,15
1708,billəm,17,11
1709,bilmir,17,13
1710,bilməm,17,17
1711,bilmən,17,16
1712,biləsən,17,12
1713,buraya,17,9
1714,bənd,17,13
1715,bəxt,17,14
1716,bəxti,17,15
1717,bəylər,17,10
1718,bəşirin,17,6
1719,ciyər,17,15
1720,cürə,17,10
1721,cəhd,17,16
1722,deyirəm,17,12
1723,doğuldu,17,3
1724,dünyadə,17,14
1725,düşə,17,15
1726,dəmir,17,11
1727,dəydi,17,11
1728,dеdim,17,12
1729,edəndə,17,13
1730,ehtiyat,17,13
1731,etmişəm,17,17
1732,eşidən,17,6
1733,fürsət,17,13
1734,gedir,17,14
1735,girdi,17,15
1736,giriftar,17,17
1737,göyçədə,17,4
1738,günahkar,17,13
1739,gеdək,17,5
1740,hur,17,17
1741,hökm,17,16
1742,həcv,17,7
1743,inkar,17,16
1744,içib,17,17
1745,kanı,17,15
1746,kitab,17,15
1747,köynəyindən,17,7
1748,kəmal,17,15
1749,kəsib,17,16
1750,lö,17,13
1751,meyli,17,16
1752,mustafa,17,9
1753,mülkü,17,16
1754,mürği,17,17
1755,müxtəsər,17,15
1756,müştaqəm,17,1
1757,mənzil,17,16
1758,naləvü,17,17
1759,nigar,17,12
1760,nəfs,17,13
1761,nəsib,17,12
1762,olandan,17,8
1763,olardı,17,10
1764,oxun,17,16
1765,qaməti,17,16
1766,qat,17,12
1767,qəddin,17,16
1768,qərib,17,15
1769,rizvan,17,15
1770,rəhi,17,16
1771,rəhman,17,17
1772,rəsmi,17,14
1773,salam,17,11
1774,san,17,14
1775,səf,17,12
1776,səngi,17,15
1777,sərgərdan,17,15
1778,toyu,17,7
1779,tuba,17,16
1780,təni,17,17
1781,vеrib,17,14
1782,vеrim,17,8
1783,xah,17,9
1784,xahiş,17,11
1785,xaqaniyə,17,12
1786,xublar,17,16
1787,xuni,17,15
1788,xurşid,17,13
1789,xurşidi,17,17
1790,yazıb,17,8
1791,yağ,17,12
1792,yağı,17,12
1793,yerindən,17,15
1794,zülfünün,17,16
1795,zülmü,17,17
1796,zərər,17,11
1797,çölə,17,9
1798,çəkdim,17,16
1799,çərx,17,16
1800,çətin,17,14
1801,ölüb,17,15
1802,ölürəm,17,7
1803,ü,17,7
1804,şir,17,14
1805,şölə,17,16
1806,şəbi,17,17
1807,şеy,17,8
1808,əbəs,17,15
1809,əcəl,17,16
1810,əlif,17,15
1811,əya,17,14
1812,adamların,16,8
1813,ahi,16,16
1814,alma,16,11
1815,aparıb,16,12
1816,açılıb,16,15
1817,ağanın,16,6
1818,aşkar,16,15
1819,baqi,16,16
1820,başə,16,16
1821,bel,16,16
1822,bilməzəm,16,16
1823,bimar,16,16
1824,boy,16,13
1825,buyi,16,15
1826,büryan,16,13
1827,bənzətdim,16,3
1828,bəsləyər,16,2
1829,canına,16,13
1830,cismim,16,16
1831,cünun,16,15
1832,cənnəti,16,16
1833,dara,16,15
1834,daxil,16,10
1835,deyirlər,16,11
1836,dua,16,15
1837,dudi,16,16
1838,dönübdü,16,5
1839,dürlü,16,13
1840,düşməz,16,15
1841,dəmdə,16,15
1842,dеdin,16,3
1843,dеyib,16,11
1844,edirsən,16,12
1845,etsin,16,12
1846,ev,16,11
1847,eyb,16,14
1848,eyləsə,16,11
1849,eyni,16,16
1850,eşqinə,16,15
1851,firqətin,16,15
1852,fəryad,16,16
1853,fəsli,16,16
1854,göyçək,16,15
1855,gözündə,16,16
1856,gümüş,16,11
1857,gələcək,16,11
1858,gəzən,16,15
1859,halal,16,13
1860,huş,16,16
1861,hüseynin,16,2
1862,hǝm,16,12
1863,həbibim,16,16
1864,həqqə,16,16
1865,imam,16,12
1866,islam,16,11
1867,işdən,16,15
1868,kimidir,16,8
1869,kişiyə,16,13
1870,kəndi,16,11
1871,loğman,16,12
1872,ləl,16,16
1873,minib,16,7
1874,möhnət,16,16
1875,nan,16,11
1876,nazlı,16,15
1877,nağını,16,4
1878,olam,16,14
1879,olduğunu,16,12
1880,olmayan,16,15
1881,piri,16,14
1882,qabağında,16,10
1883,qal,16,14
1884,qaliba,16,15
1885,qanım,16,15
1886,qarğa,16,11
1887,qarı,16,9
1888,qaçdı,16,13
1889,qaçma,16,2
1890,qurbandı,16,13
1891,qıldım,16,14
1892,qəlb,16,13
1893,qərarım,16,13
1894,saxladı,16,10
1895,sinəsində,16,12
1896,siçan,16,7
1897,suyun,16,9
1898,sığmazam,16,1
1899,səadət,16,12
1900,tanrı,16,15
1901,tar,16,13
1902,təriqi,16,15
1903,verdin,16,8
1904,vuran,16,14
1905,vurma,16,13
1906,vеr,16,10
1907,xəbəri,16,14
1908,xəncəri,16,15
1909,yanaram,16,7
1910,yanı,16,14
1911,yеr,16,7
1912,zati,16,16
1913,ziba,16,15
1914,zikri,16,15
1915,ziyadə,16,13
1916,ziyan,16,15
1917,zülf,16,14
1918,çoxdan,16,14
1919,çıx,16,14
1920,çəkirəm,16,13
1921,çəmən,16,13
1922,çоx,16,11
1923,ölüncə,16,14
1924,özümü,16,12
1925,şamü,16,15
1926,şanə,16,16
1927,şeyda,16,15
1928,şiri,16,13
1929,şövqün,16,14
1930,şəha,16,13
1931,şərabi,16,14
1932,ǝldǝn,16,3
1933,ədəb,16,14
1934,əlbət,16,14
1935,əyyami,16,16
1936,əyər,16,4
1937,əziz,16,14
1938,əzizim,16,13
1939,əşkim,16,15
1940,еlədilər,16,6
1941,еşq,16,15
1942,altmış,15,6
1943,apar,15,11
1944,atam,15,13
1945,atıb,15,13
1946,avarə,15,12
1947,açar,15,13
1948,açıq,15,15
1949,ağac,15,11
1950,ağacı,15,12
1951,bağlayıb,15,11
1952,başda,15,12
1953,bilin,15,12
1954,bilməzsən,15,9
1955,birindən,15,13
1956,bixəbər,15,14
1957,buyur,15,11
1958,bərk,15,12
1959,bəyə,15,9
1960,camal,15,9
1961,cəfərullah,15,1
1962,cəmalın,15,14
1963,danış,15,11
1964,dağıldı,15,15
1965,deyəndə,15,9
1966,dilü,15,14
1967,dönmüş,15,13
1968,düşməyə,15,4
1969,dərviş,15,12
1970,elmü,15,11
1971,eləsin,15,11
1972,evi,15,11
1973,evinə,15,13
1974,eyləyə,15,15
1975,eşqdən,15,14
1976,filan,15,13
1977,fitnə,15,15
1978,fələkdən,15,13
1979,görmüş,15,14
1980,görsənər,15,1
1981,günündə,15,15
1982,güzər,15,11
1983,gəlirdi,15,11
1984,gеtmə,15,6
1985,hala,15,14
1986,hicranın,15,14
1987,hilal,15,15
1988,hədyan,15,11
1989,hеyvan,15,8
1990,irişdi,15,7
1991,istə,15,14
1992,istərsən,15,15
1993,ixtiyar,15,15
1994,içün,15,14
1995,k,15,5
1996,kül,15,12
1997,kədər,15,11
1998,kəlam,15,14
1999,kəsər,15,13
2000,lal,15,15
2001,lazımdır,15,14
2002,ləbləri,15,13
2003,mar,15,12
2004,möhnətü,15,13
2005,möhtac,15,13
2006,müyəssər,15,15
2007,müşk,15,14
2008,məclisdəkilər,15,5
2009,mədh,15,10
2010,məkan,15,13
2011,mənimlə,15,13
2012,mərcan,15,15
2013,namərd,15,12
2014,neylərəm,15,13
2015,nəqş,15,13
2016,nər,15,12
2017,olduğu,15,14
2018,olmuşdu,15,12
2019,oyan,15,11
2020,peykan,15,13
2021,peykanın,15,13
2022,pənah,15,14
2023,qandır,15,12
2024,qanlar,15,14
2025,qanına,15,12
2026,qurbana,15,5
2027,qurbanı,15,12
2028,qəmim,15,13
2029,rahi,15,14
2030,razi,15,14
2031,rişteyi,15,15
2032,rüxsarın,15,15
2033,saldın,15,15
2034,sanasan,15,15
2035,sifət,15,14
2036,sinəmdə,15,15
2037,sinəsi,15,14
2038,smayıl,15,5
2039,solaxqəy,15,1
2040,sordum,15,13
2041,səbəb,15,14
2042,səfər,15,11
2043,səməd,15,2
2044,tac,15,12
2045,tuta,15,13
2046,tülkü,15,11
2047,təbi,15,14
2048,təmiz,15,14
2049,tеzdən,15,4
2050,usuf,15,4
2051,vaqifin,15,8
2052,verim,15,11
2053,viranə,15,15
2054,xanı,15,12
2055,xub,15,14
2056,xəcil,15,15
2057,xətti,15,11
2058,yandım,15,14
2059,yatdı,15,11
2060,yayıldı,15,10
2061,yel,15,14
2062,yeli,15,14
2063,yoluna,15,14
2064,yuxuda,15,5
2065,zad,15,10
2066,zarü,15,15
2067,zindan,15,15
2068,zöhrə,15,5
2069,zəncir,15,12
2070,çəkməz,15,14
2071,ömrü,15,14
2072,ülfət,15,12
2073,şer,15,13
2074,şövq,15,15
2075,şəb,15,15
2076,şəhri,15,15
2077,şəkkər,15,15
2078,şəmsü,15,15
2079,şəxs,15,10
2080,şəyird,15,4
2081,əfğan,15,14
2082,əfəndi,15,3
2083,ələsgərdi,15,14
2084,əsəri,15,13
2085,еl,15,8
2086,еvdə,15,5
2087,abad,14,13
2088,abbas,14,10
2089,alan,14,12
2090,alar,14,11
2091,anası,14,9
2092,anaxanıma,14,3
2093,aram,14,13
2094,ariflər,14,14
2095,arı,14,12
2096,atlarını,14,4
2097,ayağından,14,13
2098,ayəti,14,13
2099,azar,14,13
2100,açılanda,14,10
2101,açılır,14,14
2102,ağı,14,13
2103,aşina,14,14
2104,balası,14,8
2105,baxa,14,10
2106,bağiban,14,14
2107,betər,14,10
2108,bular,14,5
2109,bəladan,14,13
2110,bənövşə,14,13
2111,bərqi,14,13
2112,camaata,14,7
2113,camalını,14,13
2114,cəfər,14,14
2115,darının,14,2
2116,dava,14,12
2117,demirəm,14,9
2118,desin,14,10
2119,dilbəri,14,10
2120,diqqətlə,14,10
2121,div,14,14
2122,dodağı,14,13
2123,doqquz,14,13
2124,dəvə,14,10
2125,dеdiyi,14,6
2126,edəsən,14,13
2127,evin,14,13
2128,evə,14,8
2129,eyləyim,14,13
2130,eşidib,14,9
2131,fikr,14,13
2132,fikrinə,14,12
2133,fəth,14,11
2134,gedǝr,14,2
2135,gedək,14,5
2136,gir,14,14
2137,girməz,14,3
2138,gördün,14,12
2139,görməyə,14,12
2140,göyçəli,14,8
2141,gözünün,14,9
2142,gözəldir,14,9
2143,gülşəni,14,13
2144,gǝl,14,10
2145,gǝr,14,14
2146,gəlibsən,14,8
2147,gəzir,14,13
2148,gеdən,14,7
2149,haraya,14,6
2150,haşa,14,14
2151,hicrində,14,13
2152,hurü,14,13
2153,hökmü,14,11
2154,hə,14,6
2155,həmən,14,10
2156,həqiqət,14,13
2157,ikisi,14,9
2158,incə,14,13
2159,iyid,14,10
2160,izhari,14,12
2161,içdi,14,12
2162,içmək,14,12
2163,kafər,14,14
2164,kani,14,13
2165,köynək,14,4
2166,kəmər,14,12
2167,kərbəlayı,14,2
2168,kəsmə,14,13
2169,mehr,14,14
2170,mehriban,14,13
2171,meyvə,14,7
2172,mişki,14,12
2173,möhkəm,14,14
2174,mövla,14,12
2175,müştəri,14,13
2176,məclisi,14,11
2177,məmiş,14,2
2178,mənsur,14,12
2179,məğrur,14,13
2180,nazü,14,14
2181,ne,14,6
2182,nemət,14,9
2183,neçin,14,12
2184,nisbət,14,14
2185,nun,14,13
2186,nuş,14,14
2187,olarsan,14,6
2188,oldı,14,1
2189,olurdu,14,13
2190,oxşayır,14,9
2191,oğlana,14,8
2192,pərdə,14,13
2193,qalmasın,14,9
2194,qatında,14,14
2195,qaçar,14,13
2196,qoymadı,14,12
2197,qılman,14,13
2198,qılınc,14,13
2199,qırx,14,12
2200,qızdar,14,2
2201,qızılvəngə,14,2
2202,qədri,14,12
2203,qəmü,14,14
2204,rüxi,14,14
2205,rəqib,14,12
2206,sadiq,14,14
2207,sahib,14,14
2208,saxla,14,14
2209,say,14,12
2210,saçar,14,12
2211,seyli,14,14
2212,stər,14,14
2213,sultanım,14,8
2214,susadı,14,3
2215,suya,14,12
2216,sözdən,14,13
2217,səbrü,14,14
2218,səltənət,14,14
2219,taban,14,14
2220,taci,14,14
2221,taət,14,11
2222,tutan,14,13
2223,tutma,14,13
2224,tutmaz,14,12
2225,tök,14,10
2226,tədbir,14,13
2227,təmam,14,11
2228,tərifi,14,6
2229,təzədən,14,11
2230,u,14,5
2231,vacib,14,13
2232,varıydı,14,4
2233,verdilər,14,14
2234,vеrmədi,14,5
2235,xitab,14,11
2236,xudaya,14,13
2237,yanşağa,14,3
2238,yanə,14,9
2239,yaxın,14,12
2240,yaxşıdı,14,6
2241,yaylağına,14,4
2242,yaza,14,12
2243,yеrindən,14,5
2244,yеtişdi,14,5
2245,zaye,14,13
2246,zülmət,14,11
2247,zənciri,14,14
2248,çara,14,13
2249,çoxları,14,12
2250,çıxmaz,14,13
2251,çıxmış,14,11
2252,özünün,14,14
2253,şahım,14,13
2254,əlinin,14,13
2255,əzəldə,14,13
2256,əğyar,14,14
2257,еvlərinə,14,6
2258,еşqin,14,13
2259,оlub,14,8
2260,оndan,14,6
2261,abid,13,11
2262,agah,13,12
2263,allahın,13,11
2264,arizu,13,5
2265,arvadı,13,9
2266,ayın,13,13
2267,azərbaycan,13,5
2268,ağzına,13,12
2269,bacı,13,7
2270,baxan,13,13
2271,bilə,13,9
2272,boynuma,13,11
2273,boynuna,13,11
2274,bulmuşam,13,6
2275,bunları,13,10
2276,bürhan,13,12
2277,büt,13,11
2278,bəm,13,8
2279,bəylərin,13,3
2280,bəzm,13,11
2281,bəzən,13,8
2282,cah,13,9
2283,calalı,13,7
2284,ciyərim,13,10
2285,cəhənnəm,13,10
2286,cəllad,13,13
2287,dadlı,13,12
2288,daima,13,13
2289,davam,13,8
2290,dayandı,13,9
2291,dersəm,13,3
2292,desə,13,9
2293,desəm,13,12
2294,deyilsən,13,7
2295,deyək,13,9
2296,dildə,13,12
2297,diqqət,13,12
2298,divan,13,11
2299,diyari,13,13
2300,dostluq,13,8
2301,dostuna,13,10
2302,durma,13,10
2303,durnalar,13,3
2304,dövranı,13,12
2305,dürr,13,10
2306,düzünü,13,7
2307,düçar,13,13
2308,düşmədi,13,12
2309,dəhanın,13,13
2310,dərmanı,13,13
2311,dеyirəm,13,5
2312,dеyəndə,13,5
2313,edibdir,13,11
2314,eldən,13,13
2315,elədilər,13,6
2316,erməni,13,3
2317,fil,13,11
2318,fələkdə,13,12
2319,göhər,13,10
2320,görmədi,13,10
2321,göründü,13,12
2322,göstərdi,13,12
2323,göyün,13,11
2324,gözümün,13,10
2325,gülşəndə,13,12
2326,gəldiyini,13,7
2327,gərdun,13,12
2328,gətirir,13,4
2329,haqqın,13,11
2330,həcərin,13,3
2331,həqiqətdən,13,11
2332,həvəs,13,13
2333,imanım,13,11
2334,iqrar,13,10
2335,irəməz,13,2
2336,istəyir,13,10
2337,içindǝ,13,13
2338,işarə,13,8
2339,külək,13,13
2340,kürk,13,3
2341,kənddə,13,10
2342,leyli,13,13
2343,ma,13,10
2344,mikail,13,1
2345,miskin,13,13
2346,misli,13,12
2347,mömin,13,11
2348,müjgan,13,13
2349,müxənnət,13,9
2350,mǝndǝdir,13,1
2351,mǝnim,13,11
2352,məhrum,13,11
2353,məqam,13,11
2354,mərdü,13,13
2355,məsələ,13,8
2356,mətləbi,13,10
2357,məşhur,13,13
2358,namaz,13,12
2359,namə,13,11
2360,naçar,13,13
2361,neyləyim,13,13
2362,nifrət,13,4
2363,nuh,13,11
2364,nuru,13,12
2365,nəşə,13,10
2366,olarsa,13,8
2367,onundur,13,2
2368,ovçu,13,12
2369,qaldılar,13,9
2370,qalmaz,13,12
2371,qanə,13,12
2372,qarabağ,13,12
2373,qardaşları,13,6
2374,qaçaq,13,6
2375,qoydular,13,9
2376,qurtardı,13,10
2377,quşu,13,11
2378,qüdrəti,13,11
2379,qüdrətin,13,12
2380,qəlbimə,13,10
2381,qəmgin,13,13
2382,qərəz,13,5
2383,rahat,13,8
2384,rüsva,13,13
2385,saya,13,12
2386,sevdiyim,13,7
2387,seyd,13,12
2388,sinən,13,8
2389,srafil,13,3
2390,stədi,13,12
2391,sufi,13,13
2392,sultani,13,10
2393,sözlərini,13,7
2394,sübhə,13,12
2395,süfrə,13,11
2396,səhnəbanının,13,1
2397,tapşırmasını,13,7
2398,tikan,13,9
2399,tirə,13,11
2400,toyda,13,6
2401,tuti,13,13
2402,töhfə,13,10
2403,tövbə,13,11
2404,vaqifəm,13,13
2405,varıymış,13,3
2406,vaxtında,13,11
2407,vermədi,13,12
2408,vəfalı,13,9
2409,xabi,13,13
2410,xanımın,13,5
2411,xoşuna,13,8
2412,yaradıb,13,13
2413,yaxşıdır,13,9
2414,yazdım,13,10
2415,yağa,13,8
2416,yeksər,13,12
2417,yerim,13,13
2418,yerində,13,9
2419,yetişməz,13,7
2420,yə,13,12
2421,yеtmədi,13,2
2422,yеtər,13,5
2423,zil,13,9
2424,zünnar,13,13
2425,zеynal,13,2
2426,çalıb,13,10
2427,çağı,13,11
2428,ö,13,4
2429,öpüm,13,6
2430,ürəkdən,13,10
2431,ürəyi,13,7
2432,üstünü,13,10
2433,üzündür,13,12
2434,şadlıq,13,12
2435,şahmar,13,12
2436,şahə,13,10
2437,şikayət,13,11
2438,şərhi,13,13
2439,əhvalını,13,10
2440,əmr,13,12
2441,ənbərin,13,13
2442,ətri,13,11
2443,оlum,13,5
2444,ab,12,12
2445,adəmi,12,12
2446,afəti,12,11
2447,aldanma,12,10
2448,aldım,12,12
2449,almağa,12,12
2450,alsın,12,12
2451,aləmdən,12,11
2452,aləmin,12,11
2453,anaxanımı,12,2
2454,ani,12,12
2455,arpa,12,9
2456,asta,12,7
2457,atan,12,12
2458,atları,12,4
2459,axtar,12,11
2460,ayağına,12,11
2461,ayineyi,12,12
2462,açma,12,10
2463,açım,12,9
2464,ağacdan,12,9
2465,ağla,12,4
2466,ağlın,12,11
2467,aşiqlərin,12,11
2468,badeyi,12,11
2469,bilərsən,12,9
2470,birdir,12,7
2471,buldum,12,11
2472,bulud,12,9
2473,bəmini,12,8
2474,cavanların,12,5
2475,cüm,12,1
2476,cǝmalın,12,11
2477,dari,12,12
2478,dağlara,12,11
2479,dağıdıb,12,7
2480,dağılsın,12,4
2481,dilini,12,12
2482,dini,12,11
2483,dinlə,12,9
2484,dolansın,12,3
2485,dura,12,11
2486,dönməzəm,12,2
2487,dövrani,12,8
2488,dəclə,12,2
2489,dərdindən,12,12
2490,dəryayi,12,11
2491,edirdi,12,10
2492,etməgil,12,2
2493,etsən,12,10
2494,eyləməynən,12,2
2495,eşqdə,12,12
2496,eşşək,12,5
2497,fikrini,12,8
2498,fikrə,12,10
2499,geydi,12,9
2500,geyib,12,12
2501,görcəyin,12,11
2502,görsən,12,11
2503,görürəm,12,11
2504,görərsən,12,7
2505,göstər,12,10
2506,gözəlin,12,8
2507,güruhi,12,8
2508,gəlibdi,12,9
2509,gələydi,12,4
2510,gеri,12,4
2511,halımı,12,12
2512,haqqa,12,12
2513,hayıfsan,12,2
2514,hikmətin,12,10
2515,hümmət,12,9
2516,həqdir,12,11
2517,həqqin,12,11
2518,hərdən,12,10
2519,həsrətini,12,11
2520,həyatın,12,12
2521,ildə,12,9
2522,iraq,12,12
2523,istəsə,12,9
2524,iti,12,12
2525,işrət,12,10
2526,keyfiyyəti,12,6
2527,küfr,12,11
2528,la,12,10
2529,lütfi,12,10
2530,ləlin,12,12
2531,ləzzəti,12,11
2532,mahalı,12,11
2533,məclisinə,12,7
2534,mərhəba,12,11
2535,məryəm,12,8
2536,nari,12,11
2537,nazənin,12,11
2538,neysan,12,10
2539,niyaz,12,12
2540,nişanası,12,4
2541,nsaf,12,12
2542,nədəndir,12,11
2543,nəsihət,12,9
2544,olmasaydı,12,12
2545,oturub,12,9
2546,otuz,12,11
2547,oxurlar,12,3
2548,oğlunu,12,4
2549,piyada,12,9
2550,qalar,12,8
2551,qalxar,12,9
2552,qatı,12,11
2553,qeyr,12,12
2554,qol,12,12
2555,qovğa,12,11
2556,qoydum,12,10
2557,qılıncı,12,10
2558,qəlbin,12,9
2559,qəlbində,12,11
2560,qəmdə,12,11
2561,qənd,12,9
2562,qəsd,12,12
2563,qəti,12,11
2564,raq,12,2
2565,rövzeyi,12,12
2566,rədd,12,11
2567,rəvanım,12,11
2568,sakit,12,8
2569,saqiya,12,11
2570,sayeyi,12,11
2571,sevda,12,12
2572,sevən,12,10
2573,simü,12,9
2574,sona,12,11
2575,sücud,12,10
2576,sün,12,11
2577,sünbülün,12,11
2578,sürahi,12,12
2579,sürmə,12,11
2580,süzən,12,7
2581,sǝnǝm,12,12
2582,səda,12,10
2583,sərraf,12,12
2584,sərvə,12,12
2585,səsini,12,9
2586,tamama,12,9
2587,tapa,12,9
2588,tazələ,12,1
2589,töküldü,12,9
2590,tüğyan,12,11
2591,təbiət,12,9
2592,təlim,12,11
2593,tərkin,12,12
2594,uşaqlar,12,10
2595,vermək,12,10
2596,verməzəm,12,1
2597,vücudin,12,2
2598,vüsalə,12,9
2599,vəqti,12,12
2600,x,12,2
2601,xam,12,10
2602,xidmət,12,8
2603,xülasə,12,7
2604,xətayi,12,12
2605,xətin,12,12
2606,xəttü,12,10
2607,xеyli,12,7
2608,yanından,12,9
2609,yaylaq,12,5
2610,yaylağa,12,5
2611,yayın,12,8
2612,yaşın,12,8
2613,yaşını,12,9
2614,yerin,12,12
2615,yetir,12,12
2616,yetirdi,12,11
2617,yetǝr,12,2
2618,yüzün,12,10
2619,z,12,5
2620,zülali,12,11
2621,çəkməkdən,12,11
2622,çəkməçi,12,2
2623,öldür,12,12
2624,ömrün,12,11
2625,ötəri,12,10
2626,özümə,12,12
2627,ümid,12,12
2628,ürəyində,12,9
2629,üzümə,12,12
2630,üçündür,12,4
2631,üştə,12,11
2632,şahidi,12,12
2633,şapəri,12,1
2634,şimdi,12,12
2635,şövqi,12,12
2636,şəmkirli,12,2
2637,şərabı,12,12
2638,şəriət,12,11
2639,əhlinin,12,7
2640,əlacı,12,9
2641,əlimdə,12,11
2642,əmanət,12,8
2643,əqlin,12,6
2644,ərşin,12,7
2645,əyləşdi,12,6
2646,əz,12,10
2647,е,12,5
2648,adamlardan,11,6
2649,adına,11,10
2650,aldın,11,11
2651,allahı,11,10
2652,alsa,11,11
2653,alım,11,10
2654,asar,11,10
2655,atalar,11,8
2656,atar,11,11
2657,axan,11,10
2658,axir,11,11
2659,aydın,11,11
2660,açan,11,9
2661,ağlaram,11,9
2662,aşiyan,11,11
2663,bad,11,11
2664,bada,11,9
2665,basıb,11,11
2666,bilmirdi,11,8
2667,birbaş,11,6
2668,böhtan,11,9
2669,bədəni,11,10
2670,bəhlul,11,2
2671,bər,11,9
2672,bəxtim,11,11
2673,bəyaz,11,11
2674,c,11,2
2675,camalına,11,10
2676,camı,11,9
2677,canda,11,10
2678,candır,11,10
2679,cavanlar,11,8
2680,cövlan,11,9
2681,cənnətin,11,11
2682,dami,11,10
2683,daməni,11,10
2684,danışa,11,7
2685,dağına,11,7
2686,daşın,11,10
2687,deyildir,11,9
2688,deyirdi,11,7
2689,deyəndən,11,4
2690,dillə,11,9
2691,divar,11,8
2692,diyar,11,8
2693,dişin,11,10
2694,dodaq,11,11
2695,duman,11,9
2696,dü,11,6
2697,dəmlər,11,2
2698,dərində,11,5
2699,dеmə,11,9
2700,edirlər,11,8
2701,eləyim,11,10
2702,etmişdi,11,7
2703,etsəm,11,11
2704,eybi,11,10
2705,eyşü,11,9
2706,eşit,11,11
2707,eşqdir,11,8
2708,fatma,11,1
2709,fikrim,11,11
2710,fəraqın,11,11
2711,gedim,11,10
2712,gedirəm,11,11
2713,getsin,11,8
2714,girmə,11,9
2715,girəndə,11,8
2716,gözlədilər,11,6
2717,gözlərinə,11,10
2718,gözümə,11,11
2719,gülbərgi,11,11
2720,güldən,11,10
2721,gülzarə,11,11
2722,gülüm,11,9
2723,günah,11,9
2724,gündür,11,10
2725,günüm,11,11
2726,gədə,11,2
2727,gəlgil,11,8
2728,gəlməsün,11,1
2729,gətirər,11,10
2730,gəzdim,11,8
2731,gəzmə,11,9
2732,gеtməz,11,7
2733,hacət,11,11
2734,havası,11,8
2735,heyrət,11,11
2736,huşum,11,9
2737,hərəsi,11,10
2738,həvadən,11,11
2739,illər,11,10
2740,in,11,11
2741,istəyən,11,10
2742,işdə,11,9
2743,kam,11,10
2744,kağızın,11,3
2745,keçir,11,11
2746,keçmişəm,11,3
2747,kimdi,11,8
2748,kimsəyə,11,11
2749,kirpigin,11,10
2750,kuyinə,11,10
2751,kəbab,11,11
2752,kəmalə,11,8
2753,kəsb,11,11
2754,libası,11,11
2755,löi,11,10
2756,me,11,11
2757,minnət,11,8
2758,mirzə,11,9
2759,mizan,11,11
2760,murad,11,11
2761,mıqıç,11,1
2762,mərdanə,11,10
2763,məstin,11,8
2764,məsələni,11,7
2765,nagah,11,10
2766,namus,11,10
2767,narın,11,3
2768,neylər,11,11
2769,nigarım,11,11
2770,nisar,11,10
2771,nişə,11,10
2772,olalı,11,8
2773,olmağa,11,10
2774,onunçün,11,9
2775,ordan,11,5
2776,ortalığa,11,9
2777,ortaya,11,6
2778,oxudum,11,10
2779,oxumağa,11,8
2780,oxuyuram,11,6
2781,parça,11,10
2782,pərvanətək,11,10
2783,qabağa,11,11
2784,qandasan,11,2
2785,qanını,11,9
2786,qapıdan,11,9
2787,qapıya,11,9
2788,qarşısında,11,11
2789,qazan,11,9
2790,qolundan,11,7
2791,qorxma,11,11
2792,qoçaq,11,8
2793,qurtar,11,10
2794,quşlar,11,6
2795,qüdrət,11,11
2796,qılmaq,11,11
2797,qılsın,11,11
2798,qırıldı,11,8
2799,qəddimi,11,11
2800,qəddinə,11,10
2801,qəhr,11,11
2802,qəlbimi,11,8
2803,qəmxar,11,11
2804,qəribə,11,9
2805,qəsdinə,11,9
2806,qətreyi,11,10
2807,riya,11,10
2808,rüxündən,11,11
2809,rəhimin,11,1
2810,rəhməti,11,11
2811,rəngli,11,9
2812,rəvadır,11,11
2813,rəşki,11,11
2814,salsın,11,9
2815,saxsı,11,3
2816,sayəsində,11,8
2817,sel,11,9
2818,sevdayi,11,11
2819,seyyidi,11,11
2820,sizlərə,11,3
2821,suzi,11,11
2822,söylənir,11,5
2823,sözdür,11,10
2824,sübhün,11,9
2825,sünbül,11,11
2826,sığmaz,11,9
2827,səhv,11,10
2828,sərvəri,11,10
2829,səvab,11,11
2830,t,11,6
2831,tale,11,11
2832,talib,11,11
2833,talibi,11,11
2834,tapşırdı,11,9
2835,tiri,11,11
2836,təhər,11,6
2837,təlx,11,10
2838,tənim,11,11
2839,tərəfdə,11,9
2840,unut,11,3
2841,uğrar,11,3
2842,vallah,11,11
2843,vermədin,11,4
2844,xaliqi,11,11
2845,xaloğlu,11,2
2846,xalqa,11,11
2847,xud,11,8
2848,xuraman,11,11
2849,xəti,11,11
2850,xеyirliklə,11,4
2851,yalnız,11,9
2852,yarü,11,8
2853,yazan,11,10
2854,yazmış,11,10
2855,yeridi,11,3
2856,yetməz,11,9
2857,zalim,11,8
2858,zarə,11,11
2859,zikr,11,11
2860,zilini,11,7
2861,zəhər,11,8
2862,çaki,11,10
2863,çatmaz,11,8
2864,çoxusu,11,7
2865,çıxa,11,11
2866,çəkdiyim,11,11
2867,çəkildi,11,9
2868,çəksin,11,11
2869,çəməndə,11,10
2870,çох,11,4
2871,ölən,11,9
2872,önündə,11,11
2873,ürəyimdə,11,8
2874,üstümə,11,11
2875,üzdən,11,11
2876,şeyi,11,10
2877,şeyx,11,10
2878,şi,11,10
2879,şö,11,10
2880,ǝhli,11,9
2881,əcayib,11,9
2882,əfv,11,9
2883,əlac,11,10
2884,ələm,11,11
2885,əmələ,11,5
2886,ənəlhəq,11,10
2887,əskik,11,11
2888,əsəd,11,5
2889,əyə,11,7
2890,əzbər,11,10
2891,əzim,11,8
2892,əziyyət,11,9
2893,еtdi,11,10
2894,18,10,6
2895,adamları,10,6
2896,adamın,10,6
2897,alçaq,10,9
2898,anam,10,9
2899,arada,10,10
2900,arası,10,8
2901,avçı,10,2
2902,axırı,10,10
2903,ayda,10,8
2904,ayru,10,9
2905,açır,10,9
2906,ağladı,10,8
2907,ağlım,10,10
2908,ağız,10,8
2909,aşıqların,10,5
2910,aşığa,10,8
2911,barabar,10,6
2912,baran,10,7
2913,bas,10,9
2914,baxtı,10,10
2915,bazara,10,9
2916,bağa,10,7
2917,bağda,10,6
2918,başımdan,10,10
2919,bilib,10,10
2920,bilməyən,10,10
2921,bilsən,10,5
2922,binəva,10,9
2923,birinci,10,9
2924,boylu,10,9
2925,budaq,10,9
2926,bunda,10,10
2927,büllur,10,10
2928,bǝnzǝr,10,4
2929,bərbad,10,9
2930,bəyənmir,10,3
2931,bəzənib,10,10
2932,cahil,10,10
2933,camaatı,10,6
2934,camahat,10,2
2935,canana,10,9
2936,cansız,10,8
2937,canımın,10,10
2938,cavabını,10,8
2939,cavidan,10,9
2940,cismimi,10,10
2941,cəhətdən,10,10
2942,dadı,10,8
2943,danaları,10,2
2944,danışdılar,10,8
2945,danışır,10,8
2946,danə,10,9
2947,dağa,10,9
2948,dağın,10,6
2949,daşa,10,10
2950,dediyi,10,5
2951,deməyə,10,9
2952,deyilmi,10,3
2953,dilimdə,10,10
2954,dilimi,10,9
2955,dodağından,10,9
2956,dolandım,10,9
2957,doyunca,10,9
2958,dövlətim,10,10
2959,dövlətin,10,8
2960,dövlətü,10,8
2961,dövridir,10,1
2962,düri,10,10
2963,düzdü,10,8
2964,düşmüşdür,10,4
2965,düşmənin,10,7
2966,düşmənə,10,10
2967,dərk,10,8
2968,dəryayə,10,8
2969,dеdilər,10,4
2970,dеyildi,10,5
2971,dеyə,10,9
2972,dеyən,10,8
2973,dеyəsən,10,5
2974,edənlər,10,8
2975,edərək,10,8
2976,elmdən,10,8
2977,etmǝk,10,3
2978,eyləyər,10,9
2979,eyş,10,8
2980,eşqindən,10,10
2981,feyz,10,9
2982,filani,10,3
2983,fəqir,10,10
2984,fəzl,10,9
2985,gedirdi,10,7
2986,göllər,10,6
2987,gördükdə,10,9
2988,görgəc,10,3
2989,görməsin,10,9
2990,görüşdülər,10,8
2991,göstərir,10,9
2992,göstərər,10,10
2993,gözlü,10,10
2994,gözləyir,10,9
2995,gühər,10,8
2996,günahım,10,9
2997,gəlhagəl,10,6
2998,gəlif,10,2
2999,gəlmir,10,9
3000,gətirdilər,10,6
3001,gətiribsən,10,2
3002,gəzib,10,9
3003,gеtdilər,10,6
3004,halda,10,8
3005,heyf,10,9
3006,hifz,10,7
3007,hikməti,10,9
3008,hiylə,10,9
3009,hökmi,10,9
3010,həftə,10,7
3011,həmdəmim,10,8
3012,həvayi,10,10
3013,həzar,10,9
3014,ibadət,10,9
3015,idin,10,9
3016,iltifat,10,10
3017,ilǝn,10,9
3018,imami,10,6
3019,inayət,10,10
3020,intizar,10,10
3021,irazı,10,4
3022,irəli,10,7
3023,istəsən,10,8
3024,iyidin,10,8
3025,içsə,10,8
3026,işini,10,10
3027,kaman,10,10
3028,kifayətdir,10,2
3029,kiçik,10,9
3030,könlümdə,10,9
3031,kəklik,10,7
3032,kən,10,10
3033,kərə,10,9
3034,kəsi,10,9
3035,kəsir,10,9
3036,leylü,10,9
3037,ləlü,10,9
3038,mahala,10,8
3039,mail,10,9
3040,manatı,10,2
3041,mat,10,7
3042,mehrü,10,9
3043,meydən,10,8
3044,meylə,10,7
3045,mirza,10,1
3046,mötəbər,10,9
3047,mübtəla,10,10
3048,müddətdi,10,10
3049,mülkünə,10,10
3050,müxtəsəri,10,10
3051,müştaqiyəm,10,2
3052,məhrəm,10,10
3053,məhəbbətin,10,10
3054,məhərrəm,10,2
3055,mələkdir,10,10
3056,mənzili,10,10
3057,məscid,10,9
3058,mеydana,10,7
3059,nab,10,10
3060,naseh,10,9
3061,navəki,10,9
3062,neyçün,10,9
3063,nisbǝtlidir,10,1
3064,nşallah,10,9
3065,nǝdir,10,3
3066,nəqdi,10,9
3067,nərə,10,8
3068,nəsnə,10,10
3069,nəzəri,10,10
3070,nеçün,10,2
3071,odun,10,8
3072,odundan,10,10
3073,olarmı,10,7
3074,olduqca,10,9
3075,olmadım,10,7
3076,onnan,10,3
3077,oradan,10,5
3078,ordu,10,8
3079,oturmuş,10,3
3080,oxudular,10,8
3081,oğru,10,7
3082,oğrun,10,9
3083,paltar,10,7
3084,piyalə,10,10
3085,pula,10,10
3086,pullu,10,3
3087,pərdeyi,10,10
3088,qabaqda,10,5
3089,qabil,10,10
3090,qaf,10,9
3091,qalmış,10,9
3092,qalxdı,10,10
3093,qalıbdır,10,9
3094,qanıma,10,10
3095,qapısına,10,7
3096,qarət,10,9
3097,qasid,10,9
3098,qaş,10,10
3099,qaşınla,10,10
3100,qibləm,10,10
3101,qiymətli,10,9
3102,qonu,10,5
3103,qopar,10,10
3104,qoyan,10,9
3105,qönçeyi,10,9
3106,qürbətdə,10,9
3107,qüssədən,10,10
3108,qılmadı,10,10
3109,qızım,10,2
3110,qǝlǝndǝr,10,1
3111,qəddim,10,10
3112,qədrin,10,10
3113,qəflət,10,10
3114,qəhri,10,10
3115,qəlbimin,10,8
3116,qəlbini,10,10
3117,qəmə,10,9
3118,rus,10,5
3119,rüxsar,10,9
3120,rəf,10,9
3121,sadə,10,10
3122,sakin,10,10
3123,salsa,10,9
3124,salıbsan,10,9
3125,saman,10,8
3126,sanı,10,9
3127,saqiyi,10,9
3128,saza,10,6
3129,sağı,10,10
3130,sağər,10,9
3131,seyid,10,4
3132,sinəmə,10,9
3133,sirişkim,10,10
3134,siyəh,10,10
3135,sorma,10,9
3136,suda,10,10
3137,sudan,10,10
3138,sözlər,10,6
3139,sözünün,10,8
3140,sərinə,10,9
3141,sərvin,10,9
3142,səyyad,10,9
3143,sәn,10,3
3144,tapdım,10,6
3145,tiğin,10,10
3146,ucu,10,8
3147,ud,10,8
3148,unutma,10,10
3149,ustadı,10,7
3150,uçar,10,10
3151,vura,10,7
3152,vəch,10,8
3153,vədə,10,10
3154,vəqt,10,10
3155,vəsf,10,9
3156,xal,10,9
3157,xalı,10,10
3158,xanıma,10,3
3159,xarü,10,10
3160,xeyri,10,9
3161,xilas,10,9
3162,xudayi,10,8
3163,xurma,10,8
3164,xəlvət,10,10
3165,xərc,10,10
3166,y,10,4
3167,yanda,10,7
3168,yandırır,10,10
3169,yanmış,10,8
3170,yanır,10,7
3171,yaralı,10,9
3172,yaram,10,10
3173,yazdığı,10,4
3174,yetməzmi,10,3
3175,yeyib,10,10
3176,yеridi,10,3
3177,zahidi,10,10
3178,zahidin,10,7
3179,zamanda,10,9
3180,zat,10,9
3181,zinət,10,9
3182,ziyad,10,10
3183,zühur,10,10
3184,zənəxdanın,10,10
3185,zərrin,10,10
3186,çal,10,10
3187,çağırır,10,7
3188,çeşmin,10,10
3189,çiyninə,10,7
3190,çırağı,10,10
3191,çıxanda,10,9
3192,çıxmadı,10,7
3193,çəkirsən,10,3
3194,çəkmişəm,10,10
3195,çəng,10,8
3196,ürfan,10,9
3197,üstündən,10,10
3198,üzüldü,10,9
3199,şəhrə,10,10
3200,şəninə,10,8
3201,şəri,10,10
3202,əbədi,10,8
3203,əfsana,10,9
3204,əfzun,10,10
3205,əkbər,10,10
3206,əmri,10,8
3207,əridi,10,10
3208,ərənlər,10,4
3209,əsrari,10,10
3210,əsədullahın,10,1
3211,ət,10,10
3212,ətəgin,10,2
3213,əvvəlki,10,6
3214,əvəzi,10,9
3215,əzm,10,8
3216,оldu,10,5
3217,оnun,10,8
3218,abü,9,6
3219,aciz,9,8
3220,ahı,9,9
3221,altun,9,9
3222,anla,9,8
3223,ari,9,8
3224,arzu,9,8
3225,axşama,9,8
3226,ayırdı,9,8
3227,aça,9,8
3228,açmış,9,8
3229,açılmış,9,9
3230,ağlamaq,9,5
3231,ağlayır,9,4
3232,ağrımaz,9,1
3233,ağzın,9,8
3234,ağzından,9,9
3235,bayatı,9,2
3236,bazar,9,9
3237,bağlamış,9,8
3238,bağışla,9,8
3239,başdadı,9,2
3240,başımda,9,9
3241,bilmərəm,9,7
3242,birlə,9,9
3243,birtəhər,9,6
3244,boynu,9,9
3245,boz,9,6
3246,bulmuş,9,9
3247,bədənim,9,7
3248,bəlayə,9,8
3249,bənzəyir,9,6
3250,bərhəm,9,9
3251,bəyi,9,7
3252,cahana,9,9
3253,cahanə,9,9
3254,canımdan,9,9
3255,car,9,8
3256,cəmalından,9,9
3257,cənnətə,9,9
3258,cəza,9,7
3259,dadına,9,7
3260,dalına,9,7
3261,dan,9,8
3262,darda,9,9
3263,dağların,9,9
3264,dağılıb,9,8
3265,derlǝr,9,4
3266,deyirdin,9,4
3267,diş,9,7
3268,dişlərin,9,9
3269,dolub,9,9
3270,dostlar,9,7
3271,dun,9,8
3272,döndərib,9,9
3273,dövlətli,9,3
3274,dövlətə,9,9
3275,döyül,9,3
3276,dünyani,9,6
3277,dünyavü,9,9
3278,dünü,9,8
3279,dürüst,9,7
3280,düzəltdi,9,7
3281,düşmüşdü,9,6
3282,düşməndən,9,3
3283,düşməni,9,8
3284,düşübdür,9,7
3285,dəftəri,9,6
3286,dəftərə,9,9
3287,dəni,9,8
3288,dərhal,9,8
3289,dəri,9,9
3290,dəvət,9,8
3291,edəm,9,7
3292,ellər,9,9
3293,elmə,9,9
3294,eləməz,9,6
3295,etdigim,9,1
3296,etməzmidim,9,1
3297,eydi,9,8
3298,eylǝmiş,9,2
3299,eyləgəc,9,2
3300,f,9,5
3301,füzulidən,9,9
3302,füzulini,9,9
3303,füzun,9,9
3304,fəqirə,9,8
3305,fəqət,9,7
3306,fəraq,9,9
3307,fəzayi,9,8
3308,gec,9,5
3309,gen,9,8
3310,getdilər,9,6
3311,geysin,9,1
3312,giləyə,9,1
3313,guşeyi,9,9
3314,gördük,9,7
3315,görmə,9,8
3316,görməmişdi,9,5
3317,görəydim,9,4
3318,götürür,9,3
3319,gözəlsən,9,7
3320,gülləsi,9,6
3321,gülümsünüb,9,7
3322,gülüstana,9,9
3323,gülüşdü,9,6
3324,gülüşdülər,9,6
3325,gülər,9,6
3326,güzar,9,9
3327,gəlmişdi,9,7
3328,gərdişi,9,9
3329,gətirsin,9,9
3330,gətirən,9,8
3331,gəzə,9,7
3332,gеdəcəkdir,9,1
3333,hakim,9,7
3334,hakimi,9,8
3335,hamıdan,9,8
3336,hasili,9,9
3337,hekayət,9,7
3338,hicab,9,8
3339,hǝq,9,7
3340,həbib,9,7
3341,həll,9,8
3342,həmi,9,6
3343,hərçənd,9,8
3344,həsrətin,9,8
3345,həvəsi,9,9
3346,həyatım,9,9
3347,həzrəti,9,9
3348,həşr,9,8
3349,insana,9,7
3350,insanı,9,8
3351,iqbal,9,8
3352,isbat,9,9
3353,ismi,9,9
3354,istəyirsən,9,7
3355,istəyə,9,2
3356,itə,9,8
3357,iynə,9,6
3358,içrǝ,9,6
3359,içən,9,9
3360,işdir,9,8
3361,kamalı,9,9
3362,kan,9,8
3363,karı,9,8
3364,keçib,9,8
3365,keçsinmi,9,2
3366,kimsənə,9,9
3367,könlündə,9,8
3368,könüldə,9,9
3369,kövnü,9,8
3370,kü,9,3
3371,küstax,9,2
3372,kəman,9,8
3373,kənddən,9,5
3374,lala,9,7
3375,laməkan,9,8
3376,lələ,9,6
3377,lənət,9,8
3378,maliki,9,7
3379,malın,9,8
3380,mam,9,6
3381,meyə,9,9
3382,misri,9,9
3383,muradım,9,9
3384,mühəyya,9,9
3385,mülk,9,8
3386,mülkündə,9,8
3387,müstəkəm,9,5
3388,müğənni,9,8
3389,mǝst,9,3
3390,məhəmmədi,9,6
3391,məhəmmədin,9,8
3392,məkanı,9,8
3393,məqsud,9,9
3394,məscidin,9,4
3395,məsiha,9,8
3396,məşğul,9,7
3397,narə,9,9
3398,neməti,9,8
3399,nicat,9,8
3400,nidə,9,8
3401,nidən,9,9
3402,nigara,9,9
3403,nişani,9,8
3404,nüsrət,9,9
3405,nəbi,9,8
3406,nəcəf,9,4
3407,nəfsi,9,7
3408,nəfəsi,9,8
3409,nəyin,9,7
3410,nә,9,2
3411,olmamış,9,7
3412,olunca,9,9
3413,olursa,9,9
3414,olursan,9,9
3415,oyun,9,7
3416,oğlanın,9,5
3417,padşahi,9,8
3418,paki,9,7
3419,pasiban,9,9
3420,peyman,9,9
3421,peşman,9,5
3422,pər,9,8
3423,pərgar,9,8
3424,pərvaz,9,9
3425,qadın,9,5
3426,qaldırıb,9,8
3427,qanad,9,8
3428,qanımı,9,8
3429,qapdı,9,7
3430,qapına,9,9
3431,qaraçarqat,9,1
3432,qarışdı,9,7
3433,qaynar,9,9
3434,qayıdanda,9,6
3435,qayıtdılar,9,4
3436,qaç,9,7
3437,qaçıb,9,9
3438,qaşları,9,9
3439,qeyrət,9,9
3440,qilü,9,9
3441,qohumları,9,4
3442,qonağa,9,7
3443,qoya,9,9
3444,qoşa,9,9
3445,qulam,9,8
3446,quyruğu,9,6
3447,quzu,9,7
3448,qövmi,9,6
3449,qübari,9,9
3450,qılam,9,9
3451,qılar,9,9
3452,qılmışam,9,9
3453,qızlar,9,4
3454,ruhum,9,9
3455,rum,9,8
3456,rüsvayi,9,7
3457,rüхün,9,8
3458,rəhmət,9,9
3459,rəmzi,9,8
3460,rəsmdir,9,9
3461,rəğbət,9,7
3462,sala,9,9
3463,saqqalı,9,7
3464,saralıb,9,9
3465,satar,9,8
3466,saxlar,9,9
3467,saxlaya,9,9
3468,saçının,9,7
3469,simi,9,8
3470,simin,9,9
3471,soltan,9,7
3472,sonar,9,7
3473,sud,9,9
3474,sular,9,5
3475,sun,9,9
3476,surətdə,9,8
3477,söyləyim,9,9
3478,sözlə,9,7
3479,sübhan,9,9
3480,sünbüli,9,9
3481,sǝrvi,9,9
3482,səbadən,9,8
3483,səbrim,9,7
3484,səbzə,9,8
3485,səhnəbanıya,9,1
3486,səma,9,9
3487,sənət,9,7
3488,sərməst,9,9
3489,sеvmişəm,9,1
3490,sәnin,9,4
3491,tabı,9,8
3492,tanıdı,9,7
3493,tapmaz,9,7
3494,tarix,9,3
3495,tiğ,9,9
3496,toplaşdılar,9,8
3497,toydan,9,4
3498,tutmaq,9,9
3499,tutsa,9,8
3500,türk,9,5
3501,tǝk,9,7
3502,təbim,9,7
3503,təhsin,9,8
3504,təl,9,9
3505,təsir,9,9
3506,təxti,9,9
3507,təğyiri,9,9
3508,ulduzlar,9,5
3509,verəsən,9,9
3510,vücudi,9,8
3511,vüsalından,9,8
3512,vəqtidir,9,1
3513,vəslini,9,9
3514,xaliq,9,6
3515,xaqan,9,6
3516,xaç,9,6
3517,xof,9,9
3518,xoşuma,9,6
3519,xəstəyəm,9,9
3520,xət,9,9
3521,yaddan,9,6
3522,yanımda,9,9
3523,yardan,9,8
3524,yasəmən,9,9
3525,yağlı,9,6
3526,yaşına,9,7
3527,yeridir,9,8
3528,yesə,9,3
3529,yetiş,9,7
3530,yolları,9,9
3531,yurdu,9,7
3532,yuxarı,9,6
3533,yüzü,9,9
3534,zakir,9,9
3535,zarım,9,8
3536,zatın,9,9
3537,ziya,9,9
3538,züleyxa,9,8
3539,zülfündə,9,9
3540,zülfündən,9,9
3541,zəban,9,8
3542,zənbur,9,8
3543,çalış,9,5
3544,çarxı,9,8
3545,çağırdı,9,8
3546,çağırıb,9,5
3547,çini,9,8
3548,çörəkdən,9,6
3549,çıxsa,9,7
3550,çəkmək,9,8
3551,çəkməyə,9,8
3552,çеşmi,9,5
3553,öldürür,9,3
3554,öyüd,9,5
3555,ümman,9,8
3556,ümmid,9,9
3557,ümmətə,9,1
3558,ürəyimin,9,8
3559,ürəyin,9,7
3560,üstün,9,9
3561,üstǝ,9,7
3562,üzdə,9,8
3563,üşşaq,9,9
3564,ğazilər,9,2
3565,şadəm,9,4
3566,şahların,9,6
3567,şirə,9,6
3568,şə,9,7
3569,şəcər,9,8
3570,şəhidana,9,1
3571,şəhla,9,9
3572,şəhrini,9,9
3573,şəhvar,9,9
3574,şərbət,9,7
3575,şəyirdi,9,7
3576,şеytan,9,8
3577,əbri,9,6
3578,əbsəm,9,8
3579,əcəm,9,9
3580,əfəndim,9,3
3581,əhd,9,9
3582,əhdü,9,7
3583,əhməq,9,5
3584,əhvalı,9,9
3585,əlan,9,9
3586,əlilə,9,8
3587,ələsgərnən,9,3
3588,əm,9,7
3589,əmin,9,8
3590,əmiri,9,8
3591,əmrə,9,7
3592,əndamı,9,9
3593,əqlü,9,9
3594,ərzü,9,9
3595,ərş,9,9
3596,əsil,9,8
3597,əsrar,9,9
3598,əvvəlcə,9,8
3599,əyləşib,9,6
3600,əzrayıl,9,6
3601,əzəli,9,6
3602,əğyarə,9,9
3603,еləyirdi,9,4
3604,еvin,9,4
3605,еyləmə,9,6
3606,еşidənlər,9,7
3607,еşqə,9,8
3608,оlur,9,7
3609,adamdır,8,4
3610,adamlara,8,5
3611,adamıydı,8,3
3612,adil,8,8
3613,adətdir,8,8
3614,adəti,8,8
3615,afitabi,8,8
3616,alagöz,8,8
3617,alıbsan,8,4
3618,alırsan,8,7
3619,amin,8,8
3620,anlamaz,8,8
3621,aralı,8,7
3622,arami,8,7
3623,asari,8,7
3624,atdılar,8,8
3625,atəşə,8,7
3626,avara,8,7
3627,axar,8,8
3628,axtarır,8,8
3629,aşığı,8,6
3630,bab,8,7
3631,bahalıq,8,1
3632,bais,8,7
3633,balü,8,8
3634,bayaqkı,8,5
3635,başımı,8,8
3636,biabır,8,2
3637,bildirdi,8,8
3638,birdi,8,6
3639,bulağa,8,4
3640,bunlara,8,5
3641,bura,8,7
3642,buradakı,8,6
3643,buraxdı,8,7
3644,bülbülün,8,7
3645,bürci,8,8
3646,bürümə,8,2
3647,bədəndən,8,8
3648,bəlayi,8,8
3649,bənin,8,8
3650,bəyanə,8,7
3651,bəziləri,8,6
3652,camalı,8,7
3653,camın,8,2
3654,cananım,8,7
3655,cananın,8,7
3656,canlı,8,6
3657,ceyhun,8,8
3658,ceyran,8,5
3659,cinan,8,7
3660,cismin,8,8
3661,cümleyi,8,8
3662,cəfası,8,7
3663,cəmşid,8,7
3664,cəvab,8,7
3665,dada,8,7
3666,dam,8,6
3667,danladı,8,5
3668,dehqan,8,5
3669,demiş,8,8
3670,demişəm,8,8
3671,deyiləsi,8,4
3672,deyərəm,8,8
3673,dilbərim,8,8
3674,dilbərə,8,6
3675,dildarə,8,8
3676,dinar,8,7
3677,diraz,8,6
3678,dolandı,8,7
3679,dolanıb,8,8
3680,döndərdi,8,8
3681,dönüm,8,6
3682,dövranın,8,7
3683,düyün,8,8
3684,düşün,8,6
3685,düşür,8,5
3686,dǝm,8,7
3687,dǝxi,8,6
3688,dəgşirdim,8,1
3689,dəhrin,8,7
3690,dərmani,8,8
3691,dəryaya,8,7
3692,dəyirmana,8,1
3693,edibən,8,7
3694,edin,8,8
3695,edək,8,7
3696,ehya,8,7
3697,elədin,8,7
3698,eləmə,8,8
3699,eləyir,8,8
3700,endi,8,7
3701,ermənilər,8,1
3702,etdiyimdəndir,8,1
3703,etmǝkmolur,8,1
3704,etməsin,8,8
3705,eylǝ,8,7
3706,fikirdən,8,7
3707,fələyə,8,4
3708,fəqih,8,8
3709,fəsad,8,8
3710,fəğanım,8,8
3711,gedəndə,8,6
3712,genə,8,7
3713,getməz,8,8
3714,getsə,8,6
3715,girib,8,8
3716,gödək,8,8
3717,göndərdiyi,8,4
3718,göndərib,8,7
3719,gördügün,8,1
3720,görünən,8,7
3721,gözlərindən,8,8
3722,gözlərini,8,7
3723,gözəli,8,7
3724,gözəllikdə,8,8
3725,gülab,8,8
3726,gülgün,8,8
3727,günahı,8,8
3728,günlər,8,8
3729,gününü,8,7
3730,günəşi,8,8
3731,gǝlmişlǝrdǝnüz,8,1
3732,gǝlübdür,8,1
3733,gəhi,8,7
3734,gəlini,8,6
3735,gəlməyib,8,6
3736,gənə,8,2
3737,gətirməyə,8,7
3738,gеdəndən,8,4
3739,gеtsin,8,5
3740,halıma,8,8
3741,hamının,8,5
3742,hamısına,8,6
3743,hamıya,8,7
3744,haqdan,8,8
3745,haqqında,8,2
3746,harada,8,7
3747,haram,8,8
3748,hindu,8,7
3749,hübabi,8,8
3750,hüma,8,7
3751,hüseyni,8,2
3752,hüsnünü,8,8
3753,həlal,8,8
3754,həlqə,8,5
3755,həram,8,8
3756,hərarət,8,5
3757,həsəd,8,8
3758,həva,8,7
3759,həyatı,8,7
3760,həzaran,8,8
3761,icazə,8,7
3762,ikisinə,8,3
3763,ilin,8,5
3764,imanı,8,8
3765,imarət,8,8
3766,imkan,8,6
3767,incimərəm,8,2
3768,indən,8,7
3769,inə,8,8
3770,ipək,8,7
3771,istəmədi,8,5
3772,istərdim,8,5
3773,istəyirəm,8,4
3774,istəyəndə,8,8
3775,içdilər,8,7
3776,içi,8,8
3777,kakilin,8,8
3778,kari,8,8
3779,karvan,8,8
3780,keçirdi,8,7
3781,kimisi,8,4
3782,kiməm,8,8
3783,kişilər,8,8
3784,kuhi,8,8
3785,küncündǝdir,8,1
3786,kəc,8,8
3787,kəlamı,8,8
3788,kəsilib,8,8
3789,kеçməsin,8,2
3790,laçın,8,8
3791,ləbini,8,8
3792,ləfz,8,2
3793,ləziz,8,1
3794,ləşkəri,8,7
3795,mahalının,8,6
3796,mehrab,8,8
3797,meydanda,8,7
3798,millət,8,6
3799,minə,8,7
3800,mir,8,6
3801,mirvari,8,8
3802,misrə,8,8
3803,mu,8,7
3804,munca,8,7
3805,mur,8,8
3806,murdar,8,8
3807,müddəi,8,8
3808,münasib,8,6
3809,müxəmməs,8,4
3810,müənbər,8,7
3811,mǝni,8,8
3812,mǝnzilidir,8,1
3813,məhəbbətə,8,3
3814,məlal,8,8
3815,məqsədim,8,7
3816,mərdüm,8,8
3817,mərhəm,8,8
3818,məstü,8,7
3819,mətbəxi,8,2
3820,məzhəri,8,8
3821,nahar,8,7
3822,nalan,8,8
3823,naqis,8,8
3824,nisyə,8,6
3825,nurlu,8,7
3826,nəfəsim,8,6
3827,nəm,8,6
3828,nəql,8,6
3829,nərgis,8,8
3830,nəsrin,8,8
3831,nəzmə,8,8
3832,nəzərdən,8,8
3833,olaram,8,8
3834,olmayacaq,8,8
3835,olmağıl,8,1
3836,olmusan,8,6
3837,oluram,8,6
3838,oruc,8,6
3839,oxur,8,7
3840,paltarı,8,5
3841,papaq,8,6
3842,para,8,7
3843,paşa,8,4
3844,peyvəstə,8,7
3845,peyğəmbər,8,7
3846,pirim,8,8
3847,pislik,8,3
3848,pǝri,8,8
3849,pərişanə,8,8
3850,pərtövi,8,7
3851,qalu,8,8
3852,qanun,8,7
3853,qapında,8,8
3854,qapısın,8,7
3855,qapısını,8,7
3856,qaranlıq,8,7
3857,qaranın,8,4
3858,qarışqa,8,7
3859,qasım,8,8
3860,qazi,8,4
3861,qiblə,8,7
3862,qiyməti,8,7
3863,qocalıq,8,5
3864,qorxum,8,8
3865,qoymuşam,8,8
3866,qoysan,8,7
3867,qulağı,8,8
3868,qulağına,8,7
3869,qulluq,8,7
3870,qurd,8,7
3871,qurtarandan,8,7
3872,quruldu,8,6
3873,qüdrətdən,8,8
3874,qürbət,8,8
3875,qıla,8,7
3876,qıldın,8,8
3877,qızlara,8,5
3878,qızıldan,8,8
3879,qəddü,8,8
3880,qədi,8,7
3881,qədin,8,7
3882,qədrü,8,8
3883,qədəhi,8,7
3884,qəlyan,8,5
3885,qəmli,8,8
3886,qəmlə,8,5
3887,qənaət,8,8
3888,qəsdi,8,8
3889,qəvvas,8,8
3890,ruzigarım,8,7
3891,rüstəm,8,6
3892,rüxsari,8,8
3893,rüxsarına,8,8
3894,rəhimi,8,1
3895,safi,8,8
3896,saldılar,8,6
3897,sani,8,8
3898,sanır,8,7
3899,saxlamaz,8,1
3900,sazla,8,7
3901,saçı,8,8
3902,sevdası,8,8
3903,seyrinə,8,8
3904,sinədən,8,8
3905,sitəm,8,6
3906,sitəmindən,8,8
3907,sizdən,8,8
3908,stərəm,8,7
3909,susamış,8,7
3910,söndü,8,8
3911,söylədim,8,6
3912,söyüd,8,7
3913,sübhdəm,8,8
3914,sǝnindir,8,1
3915,sədri,8,8
3916,səfheyi,8,7
3917,səhərdən,8,8
3918,sərdən,8,8
3919,sərim,8,7
3920,sərvü,8,7
3921,səxa,8,8
3922,tacı,8,8
3923,tapmışam,8,1
3924,tapsın,8,8
3925,tapşırdım,8,3
3926,tarı,8,7
3927,tazədən,8,8
3928,tağı,8,8
3929,telləri,8,5
3930,tikdi,8,6
3931,tirmə,8,8
3932,tirü,8,8
3933,toplaşdı,8,6
3934,toyunu,8,5
3935,ttifaq,8,3
3936,tutdular,8,7
3937,tutdum,8,7
3938,tutmuşlar,8,1
3939,tökülən,8,7
3940,tünd,8,8
3941,türreyi,8,8
3942,tədbiri,8,8
3943,təmir,8,7
3944,təmənnayi,8,8
3945,təndə,8,8
3946,tərifini,8,6
3947,tərsinə,8,5
3948,təşneyi,8,7
3949,təşnə,8,5
3950,təəccüb,8,6
3951,təəllüq,8,8
3952,uca,8,8
3953,ulduz,8,8
3954,ulu,8,8
3955,umma,8,6
3956,uşağı,8,7
3957,uşbu,8,8
3958,varmıdır,8,4
3959,verrəm,8,8
3960,vücudim,8,8
3961,vücudum,8,8
3962,vəchi,8,8
3963,vəhm,8,8
3964,vəsfi,8,8
3965,vəslindən,8,8
3966,vеrsən,8,5
3967,xab,8,8
3968,xandadır,8,1
3969,xandan,8,7
3970,xandǝdir,8,1
3971,xaneyi,8,6
3972,xani,8,7
3973,xanlara,8,2
3974,xaqaniyəm,8,5
3975,xarə,8,6
3976,xun,8,8
3977,xələti,8,8
3978,xətər,8,7
3979,xəyalım,8,8
3980,yadıma,8,8
3981,yadından,8,7
3982,yahyoğlu,8,1
3983,yalqız,8,8
3984,yanağı,8,8
3985,yatan,8,8
3986,yaxa,8,7
3987,yazmışlar,8,1
3988,yazı,8,7
3989,yedi,8,6
3990,yetmişəm,8,1
3991,yetmədi,8,6
3992,yetən,8,8
3993,yeyən,8,6
3994,yoldaş,8,8
3995,yüküm,8,4
3996,yığıb,8,7
3997,yığıldı,8,7
3998,yəmən,8,6
3999,yəzdan,8,7
4000,yеdilər,8,6
4001,zahida,8,8
4002,zay,8,8
4003,zindana,8,8
4004,zirü,8,8
4005,ziyada,8,8
4006,zövqü,8,8
4007,zülfin,8,8
4008,zülfə,8,8
4009,zülməti,8,8
4010,zə,8,7
4011,zəbun,8,8
4012,zəhri,8,7
4013,zəman,8,5
4014,zəmanənin,8,6
4015,zəxmi,8,8
4016,çalar,8,8
4017,çaqqal,8,5
4018,çar,8,7
4019,çatar,8,8
4020,çağıdı,8,3
4021,çağır,8,7
4022,çoxlu,8,8
4023,çıxmır,8,7
4024,öküzü,8,1
4025,öküzün,8,3
4026,öldüm,8,8
4027,öldürdü,8,7
4028,ölü,8,7
4029,örtülü,8,7
4030,öydə,8,4
4031,ümidi,8,8
4032,ümmana,8,8
4033,üstündəki,8,8
4034,ğǝm,8,6
4035,şahbaz,8,7
4036,şivən,8,7
4037,şöylə,8,6
4038,şəbnəm,8,7
4039,şəhr,8,8
4040,şərəf,8,8
4041,əbcəd,8,6
4042,əfsanə,8,7
4043,əhsəni,8,8
4044,əhval,8,8
4045,əhvalım,8,8
4046,əjdaha,8,6
4047,əlimə,8,7
4048,ələsgərgilin,8,4
4049,əqlə,8,8
4050,əsdi,8,8
4051,əsl,8,7
4052,əti,8,8
4053,əyləş,8,6
4054,əysik,8,8
4055,еdər,8,8
4056,еv,8,5
4057,еylərəm,8,8
4058,хоş,8,6
4059,25,7,4
4060,3,7,6
4061,4,7,7
4062,80,7,4
4063,adamı,7,5
4064,afət,7,7
4065,aldadar,7,3
4066,almışam,7,7
4067,alsan,7,6
4068,alıya,7,1
4069,andadır,7,1
4070,anıb,7,6
4071,apardılar,7,4
4072,artır,7,7
4073,arvadlar,7,6
4074,asmana,7,6
4075,asudə,7,5
4076,atma,7,7
4077,axtarma,7,7
4078,aydan,7,7
4079,ayruq,7,6
4080,ayrıldı,7,7
4081,ayrılıq,7,6
4082,azdır,7,6
4083,açsın,7,7
4084,ağaca,7,7
4085,ağdı,7,7
4086,ağlına,7,6
4087,ağıllı,7,7
4088,aşağı,7,4
4089,aşıb,7,7
4090,badəni,7,7
4091,baisi,7,7
4092,baxar,7,6
4093,baxmadı,7,7
4094,bağlamanı,7,2
4095,bağrıma,7,7
4096,bağrın,7,6
4097,bağrına,7,7
4098,bağrını,7,5
4099,bağə,7,6
4100,başlarına,7,4
4101,behişti,7,7
4102,bica,7,7
4103,bigüman,7,6
4104,bilik,7,7
4105,bilim,7,6
4106,bilirdi,7,5
4107,bilmirsən,7,7
4108,bilmǝz,7,5
4109,bilmək,7,6
4110,bilmənəm,7,7
4111,bilməsə,7,5
4112,binayi,7,6
4113,birə,7,7
4114,bitər,7,7
4115,boynunda,7,7
4116,bulunca,7,1
4117,bulur,7,7
4118,buradan,7,6
4119,busə,7,7
4120,buxaq,7,7
4121,bülbüllər,7,7
4122,bülənd,7,7
4123,büsatı,7,5
4124,bədr,7,7
4125,bəg,7,2
4126,bəlaya,7,6
4127,bənəfşə,7,7
4128,bərqərar,7,6
4129,bəstə,7,7
4130,bəylik,7,5
4131,bəyləri,7,5
4132,bəylərə,7,5
4133,bəzi,7,5
4134,bəzək,7,7
4135,cadu,7,7
4136,cari,7,7
4137,cavana,7,5
4138,cibinə,7,4
4139,cism,7,6
4140,cuşə,7,4
4141,cövrün,7,7
4142,cümlǝ,7,5
4143,cəmalə,7,7
4144,cənnətü,7,7
4145,damağı,7,2
4146,damə,7,6
4147,daneyi,7,6
4148,danışanda,7,5
4149,daxi,7,4
4150,daşını,7,5
4151,deməsin,7,7
4152,dersən,7,4
4153,desən,7,7
4154,deyildi,7,5
4155,deyilən,7,7
4156,didə,7,7
4157,digər,7,5
4158,dilavər,7,7
4159,dilindən,7,7
4160,dilərəm,7,7
4161,dinim,7,7
4162,dinə,7,5
4163,diriğ,7,7
4164,diyara,7,6
4165,dizi,7,6
4166,dişi,7,4
4167,dodaqların,7,7
4168,doldur,7,6
4169,dostları,7,6
4170,doxsan,7,7
4171,doymaz,7,7
4172,durar,7,7
4173,durmadan,7,6
4174,duz,7,6
4175,döndərər,7,6
4176,dördüncü,7,7
4177,dövlətdən,7,7
4178,dövrdə,7,6
4179,dübarə,7,7
4180,dünyamalı,7,2
4181,dürrü,7,7
4182,düşmə,7,7
4183,düşübsən,7,7
4184,dədəm,7,3
4185,dəfi,7,6
4186,dəftər,7,7
4187,dəhanından,7,7
4188,dəhri,7,7
4189,dəhənin,7,7
4190,dəndan,7,7
4191,dərdlərə,7,7
4192,dəyməmiş,7,4
4193,dеyirdi,7,5
4194,dеyək,7,4
4195,edərdi,7,7
4196,ehsanın,7,7
4197,eliyə,7,2
4198,eləmişdi,7,4
4199,eləyirdilər,7,3
4200,endirir,7,3
4201,eyib,7,4
4202,eyləmişəm,7,3
4203,eşitcək,7,7
4204,eşqini,7,7
4205,fariğ,7,7
4206,fars,7,2
4207,fayda,7,6
4208,fikirləri,7,3
4209,fikrin,7,6
4210,fikrindən,7,5
4211,firqətindən,7,7
4212,fərq,7,7
4213,fəxri,7,7
4214,fəğanə,7,7
4215,gecənin,7,7
4216,gedin,7,5
4217,gedəndən,7,4
4218,geniş,7,5
4219,göftar,7,6
4220,göndər,7,6
4221,görmüşdü,7,6
4222,görməmiş,7,6
4223,görsün,7,5
4224,görüncə,7,6
4225,görür,7,7
4226,görüşmək,7,6
4227,göydü,7,2
4228,gözümdə,7,7
4229,gözəldi,7,4
4230,gülündən,7,7
4231,gülür,7,6
4232,gülüstanım,7,7
4233,günorta,7,6
4234,gǝrçi,7,7
4235,gəldiniz,7,3
4236,gəlmişdilər,7,6
4237,gəlməkdə,7,3
4238,gəlməyə,7,6
4239,gərdənə,7,7
4240,gəzdi,7,5
4241,gеcələr,7,4
4242,gеdibdi,7,2
4243,gеdirəm,7,3
4244,gеdər,7,6
4245,haqqı,7,7
4246,hesabı,7,7
4247,heydər,7,7
4248,http,7,7
4249,hu,7,3
4250,hübab,7,7
4251,hücum,7,7
4252,hüsnünün,7,6
4253,hǝqdǝn,7,7
4254,həcəri,7,2
4255,həddi,7,7
4256,həddən,7,7
4257,həkimi,7,4
4258,həvalə,7,7
4259,həyati,7,7
4260,ictinab,7,7
4261,idrak,7,7
4262,iftixar,7,7
4263,ikram,7,5
4264,ildir,7,5
4265,ilham,7,6
4266,ilk,7,5
4267,ilә,7,4
4268,imdi,7,7
4269,imtəhan,7,7
4270,insaf,7,5
4271,inəyi,7,3
4272,irsal,7,7
4273,istəkan,7,4
4274,iyiddi,7,5
4275,içmə,7,6
4276,işdi,7,7
4277,işində,7,6
4278,işləri,7,7
4279,kabab,7,7
4280,kafir,7,7
4281,kafü,7,7
4282,kanım,7,7
4283,keyvan,7,5
4284,kimsǝ,7,7
4285,kimsədən,7,6
4286,kimsənin,7,7
4287,kitabı,7,7
4288,konul,7,5
4289,kuyi,7,7
4290,kölgəsində,7,3
4291,könlünə,7,7
4292,könüldən,7,6
4293,kövkəbi,7,7
4294,küfrü,7,7
4295,künci,7,7
4296,kələk,7,7
4297,kənarında,7,7
4298,kənd,7,5
4299,kəslər,7,6
4300,kəşfi,7,7
4301,kеçib,7,5
4302,kеçmiş,7,6
4303,laf,7,6
4304,laləzar,7,6
4305,layiqdir,7,6
4306,lisan,7,5
4307,lölöi,7,7
4308,ləb,7,7
4309,ləmyəzəl,7,7
4310,maladеs,7,1
4311,malü,7,7
4312,mehrin,7,7
4313,mim,7,7
4314,misal,7,5
4315,misr,7,7
4316,munisim,7,7
4317,mübarək,7,6
4318,mükəddər,7,7
4319,mülkünü,7,7
4320,mülkünün,7,6
4321,müshəfi,7,7
4322,mütrüb,7,4
4323,müxtəlif,7,7
4324,müşki,7,6
4325,müşkil,7,6
4326,müşküldür,7,6
4327,mǝdǝd,7,1
4328,məclisdəkilərin,7,4
4329,mədəni,7,6
4330,məhrəmi,7,7
4331,məlaik,7,7
4332,məlik,7,7
4333,məlul,7,7
4334,mələkdi,7,7
4335,mənimtək,7,5
4336,mənzilə,7,7
4337,mərhəmət,7,7
4338,məsəl,7,7
4339,mеhri,7,7
4340,naləm,7,7
4341,naməni,7,6
4342,nanı,7,7
4343,necədir,7,7
4344,nigarın,7,7
4345,niqabı,7,7
4346,novruz,7,6
4347,nümayan,7,6
4348,nəfsini,7,6
4349,nəhar,7,7
4350,nəhayət,7,7
4351,nəhs,7,4
4352,nəzm,7,7
4353,nəş,7,6
4354,odlara,7,7
4355,odunda,7,5
4356,olacaqdı,7,2
4357,olana,7,7
4358,olaq,7,7
4359,olduq,7,6
4360,olduvü,7,6
4361,olduğum,7,4
4362,olduğuna,7,6
4363,olmur,7,6
4364,olmuşdurur,7,1
4365,olubsan,7,6
4366,oraya,7,4
4367,otağa,7,4
4368,oxların,7,7
4369,oxuduğu,7,5
4370,oxuyur,7,5
4371,oxuyurdu,7,6
4372,oxşamır,7,6
4373,padişahi,7,7
4374,papağı,7,3
4375,payız,7,6
4376,peyğəmbərin,7,5
4377,peşiman,7,7
4378,pristav,7,6
4379,pür,7,7
4380,püstə,7,7
4381,pərü,7,6
4382,qa,7,2
4383,qadir,7,6
4384,qail,7,6
4385,qaim,7,6
4386,qalanını,7,5
4387,qalx,7,6
4388,qalı,7,7
4389,qamət,7,7
4390,qamətim,7,7
4391,qamətindən,7,7
4392,qamətinə,7,7
4393,qani,7,6
4394,qanından,7,5
4395,qapıda,7,6
4396,qaradan,7,7
4397,qatil,7,6
4398,qaydadır,7,5
4399,qaymaq,7,7
4400,qaçmaq,7,6
4401,qaçır,7,7
4402,qaşa,7,7
4403,qaşü,7,6
4404,qeyrə,7,7
4405,qiyas,7,7
4406,qonağı,7,6
4407,qonur,7,6
4408,qoymuş,7,7
4409,qoysa,7,6
4410,qoyur,7,7
4411,qucaq,7,4
4412,qulami,7,6
4413,qulun,7,7
4414,qurmuş,7,5
4415,quyunun,7,1
4416,qüssə,7,6
4417,qılsam,7,7
4418,qılsan,7,7
4419,qılın,7,6
4420,qırdı,7,7
4421,qıya,7,7
4422,qışda,7,6
4423,qəbrimin,7,6
4424,qəfəs,7,7
4425,qəlbə,7,7
4426,qəltan,7,6
4427,qəmzeyi,7,6
4428,qəsəm,7,6
4429,qəzadan,7,6
4430,qеyri,7,7
4431,rahatlıq,7,5
4432,ran,7,7
4433,raz,7,7
4434,ruyi,7,7
4435,rübab,7,6
4436,rüxsarə,7,7
4437,rüşvət,7,5
4438,rə,7,7
4439,rəsmin,7,7
4440,sadağa,7,7
4441,sadağası,7,7
4442,salah,7,3
4443,salamatdı,7,2
4444,saldım,7,7
4445,sara,7,7
4446,sat,7,6
4447,sazlarını,7,3
4448,saç,7,7
4449,sağəri,7,7
4450,sevdi,7,7
4451,sifətli,7,7
4452,sildi,7,6
4453,sineyi,7,6
4454,sinəmi,7,6
4455,sirab,7,7
4456,sirat,7,7
4457,sirişk,7,7
4458,sirlər,7,5
4459,sitəmi,7,6
4460,sur,7,7
4461,suzan,7,7
4462,sözlərim,7,7
4463,sözümü,7,7
4464,sözümə,7,6
4465,sübhədək,7,7
4466,sınıq,7,7
4467,səbri,7,7
4468,səbəbi,7,7
4469,sədəfdir,7,7
4470,səfayi,7,7
4471,səfərdən,7,5
4472,səhnəbanıdan,7,2
4473,səhrayə,7,7
4474,sənəmin,7,7
4475,sənəmlər,7,6
4476,səpdi,7,5
4477,sərgəştə,7,7
4478,sərvər,7,7
4479,səvadi,7,6
4480,taam,7,6
4481,tabe,7,7
4482,tabi,7,7
4483,taki,7,5
4484,tap,7,7
4485,tapsa,7,5
4486,telli,7,7
4487,tifli,7,6
4488,tufanı,7,5
4489,tuli,7,7
4490,tutam,7,7
4491,tuş,7,7
4492,tökmə,7,7
4493,tökmək,7,7
4494,tökülüb,7,7
4495,tökür,7,6
4496,tökən,7,6
4497,tük,7,5
4498,tülək,7,7
4499,tǝki,7,7
4500,təb,7,7
4501,təmkini,7,6
4502,təqdiri,7,7
4503,təqrir,7,6
4504,tərcüman,7,5
4505,təriflədi,7,6
4506,tərifə,7,5
4507,tərs,7,4
4508,tərsa,7,5
4509,təslim,7,7
4510,təğafül,7,7
4511,tеlli,7,2
4512,umar,7,7
4513,urar,7,7
4514,vadiyi,7,7
4515,verdiyi,7,5
4516,vermişəm,7,7
4517,vilayət,7,7
4518,vuranda,7,7
4519,vü,7,7
4520,vücudu,7,7
4521,vücudun,7,7
4522,vüsali,7,6
4523,vǝslin,7,5
4524,vəfası,7,6
4525,vəhdət,7,6
4526,vəhyi,7,6
4527,vəzir,7,6
4528,xacə,7,5
4529,xahi,7,4
4530,xana,7,7
4531,xanda,7,7
4532,xaqanini,7,4
4533,xatiri,7,7
4534,xeyrü,7,7
4535,xorasan,7,7
4536,xoruz,7,6
4537,xoşbəxt,7,5
4538,xoşmudur,7,1
4539,xuban,7,7
4540,xubların,7,7
4541,xudadan,7,7
4542,xörəyi,7,5
4543,xəbərsiz,7,6
4544,xədəngi,7,7
4545,xədəngin,7,7
4546,xəlil,7,7
4547,xəlqin,7,6
4548,xəmi,7,6
4549,xəstəyə,7,7
4550,xətm,7,7
4551,xəyalə,7,5
4552,yalançı,7,6
4553,yannan,7,2
4554,yaquti,7,7
4555,yaratdı,7,7
4556,yas,7,7
4557,yazmışam,7,6
4558,yaşa,7,7
4559,yaşınmaq,7,2
4560,yelə,7,7
4561,yemək,7,6
4562,yetmiş,7,6
4563,yeydir,7,7
4564,yoxuydu,7,4
4565,yük,7,4
4566,yüzünü,7,7
4567,yıxdı,7,7
4568,yеrinə,7,4
4569,yоl,7,2
4570,za,7,2
4571,zahirdə,7,6
4572,zakiri,7,7
4573,zari,7,7
4574,zira,7,7
4575,zod,7,7
4576,zəbani,7,6
4577,zəbər,7,7
4578,zəfər,7,5
4579,zəif,7,6
4580,zəmanədə,7,6
4581,zənn,7,6
4582,zəri,7,6
4583,zərif,7,6
4584,çahi,7,6
4585,çala,7,7
4586,çaldı,7,6
4587,çarx,7,7
4588,çatdılar,7,6
4589,çatıb,7,7
4590,çeşm,7,6
4591,çuxa,7,6
4592,çıraq,7,6
4593,çıxardı,7,7
4594,çıxardıb,7,6
4595,çıxart,7,4
4596,çıxdım,7,6
4597,çəkdin,7,7
4598,çəkmədi,7,5
4599,çəksə,7,6
4600,çəkəndə,7,7
4601,çəkərsən,7,3
4602,çəkərəm,7,7
4603,çərxə,7,7
4604,öldürər,7,7
4605,ölməyincə,7,7
4606,ömri,7,7
4607,ömrümün,7,7
4608,ömrünü,7,7
4609,öpəydim,7,3
4610,övci,7,7
4611,övrət,7,2
4612,öyrənmək,7,4
4613,özgənin,7,5
4614,özlərini,7,5
4615,ün,7,6
4616,ürəyimdən,7,7
4617,üst,7,5
4618,üstü,7,5
4619,üstündǝdir,7,1
4620,üzümü,7,7
4621,ğəm,7,5
4622,şahlıq,7,7
4623,şami,7,7
4624,şamı,7,6
4625,şeri,7,6
4626,şeydən,7,6
4627,şikəstə,7,7
4628,şirindi,7,4
4629,şitab,7,7
4630,şöleyi,7,7
4631,şövkəti,7,7
4632,şüar,7,5
4633,şəmşəddin,7,2
4634,şərbəti,7,7
4635,şəxsi,7,7
4636,əbruyi,7,6
4637,ədl,7,6
4638,əfğanı,7,5
4639,əhvalatı,7,4
4640,əksin,7,7
4641,əlinnən,7,3
4642,əliylə,7,7
4643,əmmə,7,4
4644,ənbəri,7,7
4645,əncüm,7,7
4646,əndam,7,7
4647,əndəlib,7,7
4648,əra,7,6
4649,ərbabi,7,7
4650,əsas,7,3
4651,əsbabi,7,7
4652,ətək,7,7
4653,əvəz,7,7
4654,əyləşdilər,7,7
4655,еləsin,7,6
4656,еvi,7,4
4657,еyləmişəm,7,3
4658,оna,7,5
4659,оnlar,7,2
4660,1,6,6
4661,abı,6,6
4662,acıqlı,6,3
4663,adamdan,6,6
4664,addı,6,2
4665,adəmə,6,6
4666,ahuyi,6,6
4667,ahımdan,6,5
4668,ahən,6,6
4669,alaçıq,6,5
4670,aldılar,6,5
4671,almaz,6,6
4672,alosmana,6,4
4673,alov,6,6
4674,altına,6,6
4675,altından,6,6
4676,alıbdır,6,5
4677,alə,6,6
4678,aləmində,6,6
4679,anun,6,4
4680,araya,6,6
4681,arxa,6,5
4682,arxayın,6,6
4683,aslana,6,6
4684,atanın,6,5
4685,atdım,6,5
4686,atəşinə,6,6
4687,avam,6,4
4688,axdı,6,6
4689,ayaqdan,6,6
4690,ayağını,6,6
4691,ayrıca,6,5
4692,ayrıldıq,6,1
4693,ayrılıb,6,6
4694,ayıldı,6,5
4695,ayıq,6,5
4696,ayət,6,5
4697,azan,6,6
4698,azdan,6,5
4699,açılan,6,5
4700,açılmaz,6,6
4701,ağlımı,6,5
4702,ağsaqqal,6,5
4703,ağıldan,6,6
4704,ağılsız,6,5
4705,aşıqları,6,3
4706,baba,6,6
4707,babət,6,6
4708,barilahim,6,5
4709,barmaq,6,5
4710,batar,6,5
4711,batil,6,6
4712,batini,6,6
4713,baxdım,6,6
4714,baxdıqca,6,6
4715,baxsa,6,6
4716,baxtın,6,6
4717,bayramı,6,6
4718,bazarı,6,6
4719,bağban,6,5
4720,bağdad,6,6
4721,bağlanıb,6,6
4722,bağlar,6,5
4723,bağü,6,5
4724,bağından,6,6
4725,başinə,6,5
4726,başlayanda,6,5
4727,behiştin,6,6
4728,belədir,6,5
4729,beylə,6,6
4730,bidərd,6,6
4731,bildin,6,4
4732,bilgil,6,5
4733,bilmədilər,6,6
4734,bilsə,6,5
4735,bina,6,5
4736,birbaşa,6,4
4737,bisəbəb,6,5
4738,bisərü,6,6
4739,bivǝfa,6,5
4740,biyabana,6,5
4741,bizdə,6,4
4742,bol,6,6
4743,boyandı,6,5
4744,bulmadım,6,6
4745,buxağın,6,6
4746,buyurub,6,6
4747,buzov,6,2
4748,bülbülü,6,6
4749,bülbülə,6,6
4750,büsbütün,6,6
4751,bəhanə,6,6
4752,bəhrində,6,6
4753,bəladə,6,6
4754,bəndin,6,5
4755,bəydən,6,5
4756,bəyənmişəm,6,4
4757,bəzənibdir,6,1
4758,bәs,6,2
4759,c4,6,3
4760,camalından,6,6
4761,cananı,6,6
4762,canımda,6,6
4763,cavabı,6,6
4764,cavid,6,5
4765,cila,6,6
4766,cilvələnib,6,6
4767,cismimə,6,5
4768,cisminə,6,5
4769,cövri,6,6
4770,cövründən,6,5
4771,cəhan,6,4
4772,cəmali,6,6
4773,cəmi,6,6
4774,cəmiyyət,6,6
4775,cəmiyyəti,6,6
4776,cənnətdən,6,6
4777,dalbadal,6,2
4778,dalğa,6,6
4779,dalında,6,6
4780,damənin,6,6
4781,darını,6,2
4782,dastanı,6,5
4783,dayanmaq,6,2
4784,dağıdan,6,3
4785,dağıtsın,6,2
4786,deyirsən,6,4
4787,deyənə,6,5
4788,dilində,6,6
4789,dilinə,6,6
4790,dilli,6,6
4791,dinini,6,5
4792,divanı,6,6
4793,divi,6,6
4794,dolan,6,6
4795,dolar,6,5
4796,don,6,5
4797,dostdan,6,6
4798,doymaq,6,6
4799,doğar,6,4
4800,doğdu,6,6
4801,doğrudur,6,4
4802,duran,6,6
4803,duzlu,6,5
4804,duzəxə,6,5
4805,döndüyüm,6,5
4806,dönür,6,6
4807,dür,6,6
4808,düyə,6,1
4809,düzgün,6,4
4810,düzüb,6,4
4811,düzən,6,6
4812,düşdün,6,6
4813,düşməsin,6,6
4814,dəfinə,6,5
4815,dəhrdən,6,6
4816,dəlil,6,6
4817,dələr,6,5
4818,dəniz,6,6
4819,dərbani,6,5
4820,dərdimin,6,6
4821,dərindən,6,6
4822,dərsin,6,5
4823,dəstinə,6,6
4824,dəstəsi,6,3
4825,dəyirmanın,6,1
4826,dəyməsin,6,6
4827,dеdiyini,6,5
4828,dеyərdi,6,3
4829,e,6,6
4830,e2,6,3
4831,edǝr,6,6
4832,edərlər,6,5
4833,ehtiyac,6,6
4834,elədim,6,5
4835,eləyin,6,3
4836,eləyirdi,6,4
4837,eləyə,6,3
4838,enmiş,6,6
4839,erkək,6,2
4840,etmədin,6,6
4841,etmərəm,6,6
4842,evini,6,6
4843,eyləsən,6,6
4844,eyvanı,6,6
4845,eşidəndə,6,5
4846,eşitmək,6,2
4847,eşqim,6,6
4848,faydası,6,4
4849,firqət,6,6
4850,fərmanı,6,5
4851,fəryadü,6,5
4852,fərzanə,6,5
4853,gahdan,6,2
4854,geldin,6,1
4855,getdin,6,5
4856,guş,6,4
4857,gördükcə,6,6
4858,görməyib,6,5
4859,görübsən,6,6
4860,görünməz,6,6
4861,göstərib,6,5
4862,göylər,6,6
4863,göyçədən,6,5
4864,göyçəni,6,3
4865,göyərçin,6,3
4866,güclü,6,5
4867,güldür,6,6
4868,gülgun,6,6
4869,gülüstani,6,6
4870,gülşənə,6,6
4871,günləri,6,6
4872,günəşin,6,6
4873,günəşə,6,5
4874,gǝlür,6,1
4875,gəldikcə,6,6
4876,gəlinin,6,4
4877,gəlsən,6,6
4878,gərdi,6,6
4879,gərdunə,6,6
4880,gərdəndə,6,6
4881,gərdəninə,6,6
4882,gərm,6,5
4883,gətirin,6,4
4884,gətirə,6,5
4885,gеdirsən,6,2
4886,gеtmək,6,5
4887,haldan,6,5
4888,haqdı,6,5
4889,havasında,6,2
4890,heyrətdə,6,6
4891,heyva,6,3
4892,heyvanı,6,5
4893,hicranə,6,6
4894,hicrdə,6,6
4895,hidayət,6,6
4896,hilalə,6,6
4897,huşdan,6,6
4898,huşyar,6,6
4899,hökmdar,6,6
4900,hökmran,6,5
4901,hökmün,6,6
4902,hönkür,6,2
4903,hörmətlə,6,5
4904,hünərin,6,6
4905,hüsndə,6,6
4906,hüsnin,6,6
4907,hüsnündə,6,6
4908,hǝmişǝ,6,5
4909,həcvi,6,1
4910,hədisi,6,6
4911,hədər,6,6
4912,həmdəmi,6,6
4913,həqi,6,6
4914,hərgah,6,6
4915,hətta,6,3
4916,həzin,6,5
4917,hеyran,6,6
4918,idilər,6,4
4919,idisə,6,3
4920,ikrah,6,6
4921,ilah,6,6
4922,ilqar,6,6
4923,ilədir,6,6
4924,imana,6,6
4925,incidir,6,4
4926,incimə,6,6
4927,intizarım,6,6
4928,irdi,6,6
4929,iri,6,5
4930,irməz,6,6
4931,isa,6,5
4932,isbatın,6,6
4933,isti,6,6
4934,istəmir,6,4
4935,istəmə,6,6
4936,istərlər,6,2
4937,istəyirdi,6,6
4938,ixlas,6,6
4939,iyidi,6,5
4940,izzü,6,6
4941,izzət,6,6
4942,izzətin,6,6
4943,işimiz,6,5
4944,işinə,6,5
4945,işıq,6,5
4946,kainat,6,6
4947,kamalda,6,6
4948,keçmiş,6,6
4949,keçməz,6,6
4950,keçəndən,6,5
4951,kimsədə,6,6
4952,kirpiyi,6,6
4953,kisənin,6,2
4954,kuhkən,6,6
4955,körpü,6,6
4956,küfri,6,6
4957,kürd,6,2
4958,kürsü,6,6
4959,küsmüşəm,6,1
4960,kəbədən,6,6
4961,kəfən,6,6
4962,kəlmədə,6,6
4963,kəmtər,6,6
4964,kənara,6,6
4965,kəndlərə,6,4
4966,kərəmi,6,5
4967,kəsdilər,6,3
4968,kəsdə,6,6
4969,kəsilməz,6,6
4970,kəsilər,6,5
4971,kəsən,6,6
4972,kеçibdi,6,4
4973,lafi,6,5
4974,lam,6,5
4975,libas,6,6
4976,lillah,6,6
4977,loğmana,6,6
4978,lü,6,6
4979,lütfün,6,6
4980,lǝblǝrin,6,6
4981,ləbinə,6,5
4982,ləhzədə,6,6
4983,lətif,6,4
4984,lеyli,6,6
4985,mahım,6,6
4986,malından,6,6
4987,mara,6,6
4988,maralı,6,6
4989,mehdi,6,5
4990,meydə,6,5
4991,meylim,6,6
4992,mikayılın,6,1
4993,minin,6,6
4994,misali,6,6
4995,mollanın,6,3
4996,muhamməd,6,1
4997,muradı,6,5
4998,muyi,6,5
4999,möhnətdən,6,6
5000,möhnətə,6,6
5001,mövc,6,6
5002,müjganın,6,6
5003,mülkün,6,6
5004,müqərrər,6,6
5005,mürüvvət,6,6
5006,müshəf,6,6
5007,müxalif,6,6
5008,müştaqə,6,5
5009,müəttər,6,5
5010,mǝnǝ,6,6
5011,məclisin,6,4
5012,məcnunə,6,6
5013,məcruh,6,6
5014,mədinə,6,3
5015,məhbubi,6,6
5016,məhü,6,6
5017,məktub,6,4
5018,mələksən,6,6
5019,mənası,6,6
5020,mənimçün,6,6
5021,məqsədi,6,5
5022,mərdlərin,6,6
5023,mərhəməti,6,6
5024,məscidi,6,6
5025,məskəni,6,6
5026,məsləhət,6,6
5027,məsəldir,6,6
5028,məyus,6,4
5029,məşuq,6,6
5030,na,6,6
5031,nafeyi,6,6
5032,nagəhan,6,6
5033,nakəs,6,5
5034,nal,6,6
5035,namərdə,6,5
5036,ndən,6,5
5037,necǝ,6,6
5038,neyləsin,6,6
5039,neyçin,6,5
5040,nihali,6,6
5041,niku,6,5
5042,nisbəti,6,6
5043,nitqin,6,6
5044,nizam,6,4
5045,nizami,6,5
5046,nizamı,6,5
5047,niçün,6,5
5048,nişanı,6,6
5049,nəccar,6,5
5050,nəfi,6,6
5051,nəfsin,6,6
5052,nəhan,6,4
5053,nəimi,6,6
5054,nələr,6,6
5055,nəqşü,6,6
5056,nəzərindən,6,6
5057,odda,6,5
5058,olaraq,6,3
5059,olgil,6,6
5060,ollam,6,6
5061,olmaqdan,6,5
5062,olmayıb,6,5
5063,olmazmı,6,6
5064,oluban,6,5
5065,oluruq,6,4
5066,ot,6,4
5067,oturma,6,6
5068,ov,6,5
5069,oğlum,6,5
5070,oğlun,6,6
5071,pa,6,6
5072,padşah,6,6
5073,pakizə,6,6
5074,paltarını,6,5
5075,palçıq,6,5
5076,parlaq,6,6
5077,payimal,6,6
5078,peymanə,6,6
5079,pulunu,6,4
5080,pünhana,6,5
5081,pənahı,6,6
5082,pənahım,6,6
5083,pənd,6,6
5084,pərdədən,6,6
5085,pərişanın,6,6
5086,pərt,6,6
5087,pəs,6,6
5088,pеşkəş,6,3
5089,pеşman,6,5
5090,qabili,6,6
5091,qalib,6,6
5092,qalmışdı,6,5
5093,qalsa,6,6
5094,qapı,6,5
5095,qardaşım,6,5
5096,qarnında,6,3
5097,qarının,6,3
5098,qarşıda,6,4
5099,qarşımda,6,6
5100,qayda,6,6
5101,qayım,6,4
5102,qaz,6,5
5103,qaşına,6,6
5104,qaşını,6,6
5105,qeyrdən,6,6
5106,qibləgahımdır,6,1
5107,qiymətini,6,5
5108,qolu,6,6
5109,qonaqlar,6,2
5110,qorxusundan,6,6
5111,qovar,6,5
5112,qoyar,6,5
5113,qoynu,6,6
5114,qoyunu,6,5
5115,qoyunun,6,6
5116,qumru,6,5
5117,quranı,6,6
5118,qurtarsın,6,6
5119,qurğu,6,6
5120,quyu,6,4
5121,qövlü,6,6
5122,qılur,6,6
5123,qırağında,6,5
5124,qızdarın,6,2
5125,qızılgül,6,5
5126,qədim,6,6
5127,qəflətdən,6,5
5128,qəfəsdə,6,6
5129,qəlbdən,6,5
5130,qələmi,6,4
5131,qələt,6,6
5132,qəmdir,6,6
5133,qəndü,6,6
5134,qərənfil,6,1
5135,qətlinə,6,6
5136,qəvi,6,5
5137,qəzəb,6,5
5138,qəzəl,6,4
5139,razılıq,6,5
5140,rey,6,4
5141,reydə,6,3
5142,ruyin,6,6
5143,ruzü,6,5
5144,rövnəqi,6,6
5145,rütbeyi,6,6
5146,rǝvan,6,5
5147,rəbbi,6,6
5148,rəha,6,5
5149,rəna,6,6
5150,rəncü,6,6
5151,rəngin,6,5
5152,rəqibi,6,6
5153,rəvac,6,6
5154,rəxti,6,6
5155,sabit,6,6
5156,sakini,6,6
5157,salaməleyküm,6,4
5158,sallanışın,6,6
5159,salmaq,6,6
5160,salmaz,6,6
5161,sandı,6,6
5162,sanmın,6,5
5163,sar,6,6
5164,satan,6,5
5165,satma,6,5
5166,saxlasın,6,5
5167,sayru,6,6
5168,sayı,6,6
5169,saçdı,6,6
5170,saçından,6,6
5171,sağalmaz,6,6
5172,sağın,6,6
5173,sevdayə,6,5
5174,sevdim,6,6
5175,seyrə,6,6
5176,sidrə,6,6
5177,sifat,6,6
5178,sil,6,5
5179,sirrinə,6,6
5180,siçanın,6,4
5181,sonsuz,6,5
5182,sultana,6,6
5183,sultandan,6,5
5184,suyunu,6,6
5185,sö,6,1
5186,söhbətə,6,3
5187,söylǝniz,6,1
5188,söylədilər,6,5
5189,söyləyən,6,5
5190,söyüş,6,5
5191,sözdə,6,4
5192,sözlü,6,5
5193,sözümün,6,6
5194,sözündən,6,4
5195,sübhi,6,6
5196,süd,6,6
5197,sünbülü,6,5
5198,sürur,6,5
5199,sürü,6,5
5200,süsən,6,5
5201,sığışmaz,6,2
5202,sǝndǝn,6,5
5203,sǝni,6,6
5204,səcdəgahımdır,6,1
5205,səfavü,6,6
5206,səhni,6,6
5207,səlamət,6,6
5208,sənindir,6,4
5209,sənlə,6,6
5210,sənətin,6,4
5211,sənətkar,6,6
5212,sərsəri,6,6
5213,sərvərim,6,6
5214,səy,6,6
5215,sоnra,6,6
5216,tacir,6,5
5217,tam,6,6
5218,tamah,6,6
5219,tapmadı,6,6
5220,tapmadım,6,5
5221,tatar,6,6
5222,taxıl,6,4
5223,tellərin,6,3
5224,tezdən,6,5
5225,tiz,6,5
5226,tiğindən,6,5
5227,tiğü,6,5
5228,toz,6,5
5229,tutduğun,6,6
5230,tutulmuş,6,6
5231,tüf,6,5
5232,tüfəngi,6,3
5233,tüfəngin,6,6
5234,tükəndi,6,6
5235,təala,6,6
5236,tədarükü,6,5
5237,təhqiq,6,6
5238,təhəri,6,6
5239,təklifi,6,6
5240,təndən,6,6
5241,təng,6,6
5242,tənimdə,6,5
5243,tənəzzül,6,4
5244,təqdir,6,6
5245,təqsir,6,6
5246,tərbiyət,6,5
5247,tərfi,6,6
5248,tərifin,6,5
5249,təsbih,6,6
5250,təxtü,6,5
5251,ucalır,6,6
5252,ulduzları,6,6
5253,ustada,6,3
5254,uyma,6,6
5255,uzaqdan,6,5
5256,uzatdı,6,5
5257,vahid,6,6
5258,valehü,6,6
5259,vaqifə,6,6
5260,vara,6,3
5261,varım,6,6
5262,varın,6,6
5263,varə,6,4
5264,vaxta,6,5
5265,vaxtına,6,4
5266,veribdir,6,6
5267,vilayǝt,6,5
5268,vurmadı,6,5
5269,vurmuş,6,5
5270,vücud,6,5
5271,vəbal,6,6
5272,vəfadən,6,5
5273,vəhdətin,6,6
5274,vərdi,6,6
5275,vəslə,6,6
5276,vətəndən,6,5
5277,vеrdilər,6,5
5278,vеrəcəm,6,3
5279,vеrər,6,6
5280,xabı,6,6
5281,xabə,6,3
5282,xala,6,3
5283,xalqı,6,4
5284,xanımı,6,2
5285,xari,6,4
5286,xasiyyət,6,6
5287,xassə,6,4
5288,xatirim,6,6
5289,xatirinə,6,5
5290,xeyirliklə,6,4
5291,xişm,6,6
5292,xoşa,6,6
5293,xoşam,6,6
5294,xunxar,6,6
5295,xurşidə,6,6
5296,xǝstǝ,6,6
5297,xələl,6,6
5298,xəstənin,6,6
5299,xətadır,6,6
5300,xətaiyəm,6,4
5301,xətayim,6,6
5302,xəyala,6,5
5303,xəyalı,6,6
5304,yalandır,6,6
5305,yalvarıram,6,2
5306,yanağından,6,6
5307,yandırıb,6,6
5308,yanımdan,6,6
5309,yaradar,6,4
5310,yaradır,6,6
5311,yarandı,6,6
5312,yaraşıqlı,6,4
5313,yarını,6,6
5314,yasin,6,5
5315,yaxdı,6,6
5316,yaxınlaşanda,6,6
5317,yaxşısı,6,4
5318,yaylaqda,6,5
5319,yayə,6,6
5320,yazda,6,5
5321,yazıbsan,6,3
5322,yazın,6,6
5323,yedilər,6,6
5324,yerü,6,6
5325,yetişər,6,4
5326,yolçunun,6,1
5327,yoxdan,6,6
5328,yoxsul,6,6
5329,yusifin,6,6
5330,yusifə,6,6
5331,yuva,6,6
5332,yüksək,6,4
5333,yüzə,6,5
5334,yıxan,6,6
5335,yıxılıb,6,4
5336,yığdı,6,6
5337,yеrdən,6,5
5338,yеrin,6,6
5339,yеtişməz,6,1
5340,zahirən,6,6
5341,zal,6,5
5342,zeynalabdın,6,1
5343,zimistan,6,6
5344,zin,6,5
5345,zirək,6,6
5346,ziyana,6,4
5347,zöhd,6,6
5348,zövqünü,6,6
5349,zəhr,6,3
5350,zəm,6,4
5351,zəmzəm,6,5
5352,zərq,6,6
5353,zərzibilə,6,1
5354,zəvalə,6,6
5355,ç,6,5
5356,çalır,6,6
5357,çarıq,6,3
5358,çatan,6,4
5359,çağırıblar,6,3
5360,çaşır,6,5
5361,çinü,6,6
5362,çiçək,6,6
5363,çövkan,6,5
5364,çıxsın,6,6
5365,çəkdiyin,6,6
5366,çəkibən,6,5
5367,çəkirdi,6,4
5368,çəkmiyə,6,1
5369,çən,6,5
5370,çəngi,6,6
5371,çətindir,6,3
5372,öldürəcək,6,3
5373,ölümdən,6,6
5374,ömrümü,6,6
5375,önündən,6,5
5376,öpdü,6,6
5377,öpüşdülər,6,5
5378,örtüyü,6,5
5379,öyrəndi,6,4
5380,öyrəndim,6,5
5381,özləri,6,6
5382,özümdən,6,6
5383,ünvan,6,4
5384,ürəyini,6,6
5385,ürəyinə,6,5
5386,üzr,6,5
5387,üzən,6,6
5388,üçü,6,5
5389,üşşaqi,6,6
5390,şairi,6,5
5391,şamama,6,1
5392,şanı,6,4
5393,şaxi,6,6
5394,şayəd,6,4
5395,şerim,6,6
5396,şeyin,6,4
5397,şeyxi,6,6
5398,şirinin,6,6
5399,şirvanə,6,3
5400,şiveyi,6,6
5401,şiəliyə,6,1
5402,şu,6,5
5403,şöhrəti,6,5
5404,şöləsi,6,5
5405,şövqü,6,4
5406,şümşad,6,6
5407,şǝha,6,5
5408,şəhdi,6,6
5409,şəhrinə,6,5
5410,şəksiz,6,5
5411,şəkərdən,6,6
5412,şəmə,6,6
5413,şərhü,6,6
5414,şərt,6,6
5415,şəxsə,6,6
5416,əbrü,6,6
5417,əda,6,6
5418,ədib,6,3
5419,ədli,6,6
5420,əfsus,6,6
5421,əhdi,6,6
5422,əhlin,6,5
5423,əhlini,6,6
5424,əhmədi,6,6
5425,əhvalın,6,6
5426,əlimlə,6,5
5427,əqlim,6,6
5428,əqlimi,6,6
5429,əritdi,6,5
5430,əsa,6,5
5431,əvəzinə,6,4
5432,əyyar,6,6
5433,əzabı,6,5
5434,еləyir,6,4
5435,еləyə,6,4
5436,еyləyib,6,6
5437,еşidəndə,6,5
5438,оlan,6,5
5439,оlsun,6,5
5440,хalın,6,5
5441,5,5,5
5442,acığı,5,4
5443,adamdı,5,4
5444,adamsan,5,4
5445,addadı,5,4
5446,adi,5,3
5447,adlarını,5,4
5448,afitabın,5,5
5449,ahimdən,5,5
5450,ahəngi,5,5
5451,alasan,5,4
5452,aldatdı,5,5
5453,allahdan,5,5
5454,allam,5,5
5455,almasın,5,4
5456,almış,5,5
5457,alın,5,5
5458,alǝmdǝ,5,5
5459,anan,5,4
5460,anasına,5,5
5461,anca,5,5
5462,anlar,5,5
5463,anınçün,5,4
5464,apara,5,5
5465,aparar,5,5
5466,apararam,5,3
5467,aparsın,5,4
5468,arasına,5,4
5469,ardınca,5,5
5470,arifi,5,5
5471,arizuyi,5,5
5472,artıb,5,5
5473,artıqdır,5,5
5474,arvadların,5,4
5475,arşın,5,5
5476,asandır,5,5
5477,aslanı,5,3
5478,asmağa,5,4
5479,astadan,5,4
5480,asırdı,5,5
5481,atasına,5,4
5482,atının,5,4
5483,atəşin,5,5
5484,axtarıb,5,5
5485,axund,5,4
5486,axıdar,5,5
5487,axıdır,5,5
5488,axırına,5,4
5489,axşamdan,5,5
5490,ayağında,5,5
5491,ayağının,5,4
5492,ayağə,5,4
5493,aydı,5,5
5494,ayinəyə,5,2
5495,ayrıdı,5,4
5496,ayında,5,5
5497,ayǝti,5,5
5498,azca,5,5
5499,açam,5,5
5500,ağacda,5,4
5501,ağbulaq,5,2
5502,ağkilsədə,5,4
5503,ağlama,5,5
5504,ağlamaqdan,5,5
5505,ağsaqqalları,5,2
5506,aşiqinə,5,5
5507,aşkara,5,5
5508,aşü,5,2
5509,ba,5,4
5510,babi,5,5
5511,balıq,5,5
5512,barmağı,5,5
5513,barədə,5,5
5514,bavər,5,5
5515,baxdılar,5,3
5516,baxmaq,5,5
5517,baxmaz,5,4
5518,baxsam,5,5
5519,baxsan,5,4
5520,baxsın,5,5
5521,baxırdı,5,3
5522,bayquş,5,5
5523,bayrama,5,4
5524,bazari,5,5
5525,bağlamanın,5,2
5526,bağrımın,5,5
5527,bağına,5,4
5528,başla,5,4
5529,başımıza,5,5
5530,başının,5,4
5531,be,5,4
5532,behiştə,5,5
5533,belini,5,5
5534,belinə,5,5
5535,beyt,5,4
5536,bi,5,5
5537,bihəmdillah,5,5
5538,bilirsənmi,5,5
5539,bilmiş,5,5
5540,bilmədin,5,5
5541,bilməyib,5,5
5542,bilsəydim,5,5
5543,bilənlər,5,5
5544,biləydi,5,5
5545,binadan,5,5
5546,birəhm,5,5
5547,bixud,5,5
5548,biyaban,5,5
5549,bizimlə,5,4
5550,bizləri,5,5
5551,bizlərə,5,5
5552,boran,5,5
5553,boynunu,5,5
5554,boyundan,5,4
5555,boşa,5,4
5556,brahim,5,5
5557,btida,5,5
5558,bulmaq,5,5
5559,bulmaz,5,4
5560,bulut,5,4
5561,bunnan,5,4
5562,burdan,5,5
5563,busitan,5,4
5564,buğda,5,5
5565,bü,5,5
5566,büküb,5,5
5567,bülbüləm,5,5
5568,bədgüman,5,5
5569,bədzat,5,3
5570,bədənin,5,5
5571,bəhr,5,5
5572,bəhrü,5,5
5573,bəhrə,5,5
5574,bəhsi,5,5
5575,bəlasın,5,5
5576,bəng,5,1
5577,bəni,5,5
5578,bəqa,5,5
5579,bərabərdir,5,5
5580,bərin,5,5
5581,bəsər,5,4
5582,bətər,5,5
5583,bəxil,5,3
5584,bəyistan,5,1
5585,bəzmin,5,5
5586,bəşiri,5,1
5587,bеl,5,5
5588,cahü,5,5
5589,camaatın,5,5
5590,camdan,5,5
5591,canandan,5,5
5592,cavanları,5,3
5593,cavanşir,5,3
5594,ci,5,3
5595,cismini,5,5
5596,cizginir,5,4
5597,cuşa,5,5
5598,cöngə,5,4
5599,cövhər,5,5
5600,cüzi,5,5
5601,cədəl,5,5
5602,cəfayi,5,5
5603,cəhanə,5,5
5604,cəmal,5,5
5605,cəng,5,5
5606,cənnətdə,5,5
5607,dadə,5,5
5608,daireyi,5,5
5609,dairə,5,4
5610,dalda,5,5
5611,daldala,5,4
5612,dalı,5,5
5613,dalın,5,5
5614,dalından,5,5
5615,damın,5,3
5616,darül,5,5
5617,dayanmaz,5,3
5618,dayaq,5,5
5619,dağda,5,3
5620,dağları,5,5
5621,dağıdır,5,5
5622,dağılan,5,3
5623,dağılandan,5,4
5624,dağılır,5,3
5625,daşdan,5,5
5626,daşnaxlar,5,1
5627,demişlər,5,5
5628,demən,5,5
5629,deməz,5,5
5630,desələr,5,5
5631,deyəm,5,5
5632,deyərlər,5,5
5633,dibində,5,5
5634,didarinə,5,5
5635,didarın,5,5
5636,didarə,5,5
5637,dilbǝr,5,5
5638,dilbǝrin,5,5
5639,dilcavabı,5,4
5640,dildarım,5,5
5641,dilgir,5,5
5642,dilimdən,5,5
5643,dilinin,5,5
5644,dillənib,5,4
5645,dillənmədi,5,4
5646,dilsiz,5,4
5647,dindən,5,5
5648,dinin,5,4
5649,dir,5,5
5650,diri,5,4
5651,dizim,5,2
5652,dizinə,5,5
5653,dişləri,5,5
5654,dolanım,5,5
5655,doldurdu,5,5
5656,doldurub,5,4
5657,dostların,5,4
5658,dostu,5,5
5659,dostum,5,5
5660,doğrusu,5,4
5661,dud,5,5
5662,dul,5,5
5663,duruban,5,5
5664,durun,5,5
5665,dutmuş,5,4
5666,duzəx,5,5
5667,döndəribsən,5,4
5668,döndərmənəm,5,1
5669,dönəm,5,5
5670,dövranım,5,5
5671,dövrünü,5,5
5672,döy,5,4
5673,döydü,5,5
5674,dözmək,5,3
5675,döşə,5,5
5676,dünyayi,5,5
5677,dürci,5,5
5678,düyü,5,3
5679,düş,5,5
5680,düşmǝn,5,5
5681,düşmək,5,5
5682,düşvar,5,5
5683,dǝr,5,5
5684,dǝrdü,5,4
5685,dǝrman,5,5
5686,dəfn,5,5
5687,dəhanı,5,5
5688,dəhrə,5,5
5689,dəlili,5,5
5690,dəllək,5,5
5691,dənə,5,5
5692,dərdimdən,5,5
5693,dərgah,5,4
5694,dərgəhi,5,5
5695,dərmana,5,4
5696,dərmanım,5,5
5697,dərsi,5,5
5698,dəryalarda,5,4
5699,dəryanı,5,4
5700,dərü,5,4
5701,dəyirman,5,5
5702,dəyişdi,5,4
5703,dəyişib,5,5
5704,dəyişməz,5,4
5705,dеgil,5,4
5706,dеmədi,5,4
5707,dеmək,5,5
5708,dеməli,5,5
5709,dеyirdilər,5,3
5710,dеyirlər,5,4
5711,dеyirsən,5,4
5712,dоst,5,3
5713,edibsən,5,3
5714,edəcəksən,5,4
5715,edərkən,5,4
5716,edərsə,5,5
5717,eldə,5,5
5718,elmdə,5,3
5719,etdiyi,5,5
5720,etdiyim,5,5
5721,etmişdir,5,5
5722,etmən,5,5
5723,evinin,5,4
5724,evlərinə,5,3
5725,eylǝr,5,5
5726,eylədiyin,5,5
5727,eyləgil,5,5
5728,eylərdi,5,5
5729,eylərlər,5,3
5730,eyləyəm,5,1
5731,eynim,5,5
5732,eynimə,5,5
5733,eynin,5,5
5734,eşitmişəm,5,4
5735,eşqilə,5,5
5736,eşqinin,5,3
5737,eşqinǝ,5,5
5738,eşqü,5,5
5739,fi,5,4
5740,fikrü,5,5
5741,firavan,5,5
5742,fitneyi,5,5
5743,fürqan,5,5
5744,füzuliyə,5,5
5745,fǝda,5,4
5746,fəlsəfə,5,3
5747,fələkə,5,5
5748,fər,5,5
5749,fəraqından,5,5
5750,fərağından,5,5
5751,fərd,5,5
5752,fərqi,5,4
5753,fəryadın,5,3
5754,fərşi,5,5
5755,fərəh,5,4
5756,gecəm,5,3
5757,gecəni,5,4
5758,gedibdi,5,1
5759,gedibdir,5,5
5760,gedərəm,5,4
5761,getdim,5,5
5762,getmişdi,5,5
5763,getmək,5,4
5764,getsinmi,5,1
5765,gil,5,4
5766,girdabi,5,5
5767,giriftari,5,5
5768,girmiş,5,5
5769,girən,5,5
5770,gög,5,5
5771,göndərərəm,5,4
5772,gördüyün,5,5
5773,görməsəm,5,4
5774,görməyəndə,5,4
5775,görənin,5,5
5776,görənlər,5,5
5777,göstərə,5,5
5778,göstərən,5,4
5779,gövhərbar,5,4
5780,gövhərim,5,5
5781,göydǝ,5,5
5782,göylərin,5,4
5783,göyü,5,5
5784,göyərib,5,4
5785,gözlǝrim,5,5
5786,gözləmə,5,3
5787,gözlərimdən,5,5
5788,gözlərimə,5,5
5789,gözümdǝn,5,5
5790,gözəllik,5,4
5791,gözəllərə,5,4
5792,gücün,5,4
5793,gülüb,5,5
5794,gülüstanın,5,5
5795,gülüstanə,5,5
5796,güləndə,5,5
5797,günbədi,5,4
5798,gündüzüm,5,5
5799,günortadan,5,5
5800,güzgü,5,5
5801,gəlibən,5,5
5802,gələm,5,3
5803,gələni,5,4
5804,gələnin,5,4
5805,gəmi,5,4
5806,gənc,5,5
5807,gəncineyi,5,5
5808,gənclik,5,5
5809,gəncədə,5,4
5810,gərdəni,5,5
5811,gərdənində,5,5
5812,gərdənli,5,5
5813,gətirmişdi,5,4
5814,gətirməz,5,5
5815,gəzdirir,5,3
5816,gəzdirəndə,5,4
5817,gəşt,5,4
5818,gеdir,5,5
5819,gеdəcəm,5,3
5820,gеdəndə,5,5
5821,gеdərəm,5,2
5822,gеtməyə,5,4
5823,hamımız,5,4
5824,hamısının,5,3
5825,harama,5,5
5826,hardadı,5,5
5827,hay,5,5
5828,heyhat,5,5
5829,heyrandır,5,5
5830,heyvanım,5,4
5831,heyət,5,3
5832,hicrandır,5,4
5833,hicrə,5,5
5834,hilalın,5,4
5835,hirman,5,5
5836,hirs,5,5
5837,hökumət,5,3
5838,hörməti,5,5
5839,hümməti,5,5
5840,hüseynə,5,2
5841,hüsnündən,5,5
5842,hüşyar,5,5
5843,hǝyat,5,5
5844,hədisini,5,5
5845,həlak,5,4
5846,həmd,5,5
5847,həna,5,2
5848,hərami,5,5
5849,hərf,5,5
5850,həris,5,3
5851,hərlənər,5,3
5852,hərzə,5,3
5853,həsar,5,5
5854,həsrətəm,5,5
5855,həvəsdə,5,5
5856,həyyi,5,4
5857,həzrət,5,3
5858,həştü,5,1
5859,hеsaba,5,4
5860,ibrət,5,3
5861,icad,5,5
5862,ilana,5,4
5863,ildən,5,5
5864,imdad,5,5
5865,imran,5,5
5866,imtahan,5,5
5867,inna,5,5
5868,insandı,5,5
5869,insanın,5,4
5870,insü,5,4
5871,inək,5,3
5872,irağa,5,5
5873,irfan,5,5
5874,istiğna,5,5
5875,istədilər,5,4
5876,istərsə,5,5
5877,istəyənlər,5,4
5878,isǝn,5,4
5879,ittifaq,5,5
5880,ixtiyarı,5,3
5881,ixtiyarım,5,5
5882,ixtiyarın,5,5
5883,iyirmi,5,4
5884,içə,5,5
5885,işindən,5,5
5886,işlədi,5,2
5887,işlərə,5,5
5888,işvə,5,5
5889,işığı,5,5
5890,kamalın,5,5
5891,kamalına,5,5
5892,kami,5,5
5893,kamiran,5,4
5894,kasıb,5,5
5895,kazım,5,4
5896,keçsin,5,5
5897,keşik,5,3
5898,kilki,5,5
5899,kimsən,5,5
5900,kitabın,5,5
5901,kitabını,5,3
5902,kişini,5,3
5903,kişvər,5,4
5904,kişvəri,5,4
5905,konlum,5,4
5906,koroğlu,5,3
5907,ku,5,4
5908,kökü,5,4
5909,kökünü,5,3
5910,könülə,5,4
5911,körpə,5,5
5912,kötük,5,2
5913,kövsəri,5,5
5914,köysündə,5,4
5915,köçüb,5,4
5916,küdurət,5,5
5917,küfrə,5,5
5918,kün,5,4
5919,küp,5,4
5920,kəbir,5,4
5921,kəl,5,3
5922,kəlbəcərin,5,3
5923,kəlisadən,5,1
5924,kəlməsi,5,5
5925,kəmənd,5,5
5926,kənarə,5,5
5927,kəndini,5,4
5928,kərim,5,3
5929,kərəmli,5,5
5930,kəsbi,5,5
5931,kəsdən,5,5
5932,kəsim,5,5
5933,kəskin,5,5
5934,kəşf,5,5
5935,kеçmişəm,5,1
5936,kеçsə,5,4
5937,lahi,5,4
5938,libasın,5,5
5939,liqa,5,5
5940,llər,5,4
5941,lövhündə,5,5
5942,ləbindir,5,5
5943,ləblərindən,5,5
5944,ləblərinin,5,5
5945,ləfzi,5,5
5946,ləm,5,4
5947,mahal,5,5
5948,mahalında,5,4
5949,mahü,5,5
5950,mala,5,5
5951,malım,5,5
5952,malını,5,5
5953,manəndi,5,4
5954,mayil,5,5
5955,maşallah,5,5
5956,mehmandır,5,5
5957,mehrabə,5,5
5958,meydani,5,5
5959,meydanə,5,4
5960,meyü,5,5
5961,minbər,5,5
5962,mindilər,5,3
5963,miqdar,5,3
5964,mum,5,5
5965,munis,5,5
5966,musanın,5,5
5967,mustafanın,5,4
5968,muğan,5,5
5969,möcüzat,5,5
5970,möcüzə,5,5
5971,mötad,5,5
5972,mötədil,5,5
5973,mövcə,5,5
5974,mükərrər,5,5
5975,mürid,5,5
5976,mürvət,5,5
5977,müsəlmanlar,5,5
5978,müsəxxər,5,5
5979,müvafiq,5,5
5980,mǝsti,5,5
5981,məcbur,5,5
5982,məclisinin,5,5
5983,məcnundan,5,4
5984,məcnunu,5,5
5985,mədhuş,5,5
5986,məhzun,5,5
5987,məhşərdə,5,5
5988,məkanın,5,5
5989,məktəb,5,4
5990,məktəbi,5,5
5991,məlamətdən,5,5
5992,mələyi,5,4
5993,məmur,5,4
5994,mənzilin,5,5
5995,məqbuli,5,5
5996,məqdur,5,5
5997,məqsudi,5,5
5998,məqsudə,5,5
5999,məqsəd,5,3
6000,mərdin,5,4
6001,mərdümü,5,5
6002,mərifətdə,5,4
6003,mərifəti,5,5
6004,məryəmin,5,2
6005,məryəmə,5,3
6006,məstanə,5,5
6007,mətləi,5,4
6008,məva,5,5
6009,məxzəni,5,5
6010,məğrurluq,5,5
6011,məşhuri,5,5
6012,məəttəl,5,3
6013,mеydan,5,4
6014,mеydanı,5,5
6015,nagahan,5,5
6016,nainsaf,5,5
6017,nalələr,5,5
6018,namusu,5,5
6019,natəvanın,5,2
6020,nazil,5,5
6021,nağıdı,5,3
6022,naşı,5,5
6023,netəkim,5,4
6024,neçǝ,5,5
6025,neçəsi,5,4
6026,nigah,5,5
6027,nihanım,5,5
6028,nitq,5,3
6029,nitqi,5,5
6030,nunü,5,5
6031,nura,5,5
6032,nuşirəvan,5,4
6033,nöh,5,5
6034,nöqteyi,5,5
6035,nöqtə,5,5
6036,nükteyi,5,5
6037,nüma,5,4
6038,nəbinin,5,5
6039,nəcat,5,5
6040,nədəndi,5,4
6041,nəhəng,5,4
6042,nəinki,5,5
6043,nəmaz,5,5
6044,nəqdin,5,5
6045,nəqşin,5,5
6046,nərgiz,5,5
6047,nəsimidir,5,5
6048,nəsimitək,5,5
6049,nəsimiyi,5,5
6050,nəsimiyə,5,5
6051,nəsli,5,4
6052,nəva,5,5
6053,nəxli,5,5
6054,nəzr,5,5
6055,nəğmə,5,5
6056,nəğmələr,5,5
6057,nəşvü,5,4
6058,oddan,5,4
6059,oddur,5,5
6060,odlandı,5,3
6061,odlarə,5,4
6062,oduyla,5,4
6063,olanın,5,4
6064,olarlar,5,5
6065,olasınız,5,4
6066,olaydım,5,5
6067,olayım,5,5
6068,olmayasan,5,5
6069,olmazdı,5,5
6070,olmuşuq,5,5
6071,olsalar,5,4
6072,olublar,5,5
6073,olunub,5,4
6074,onlarda,5,3
6075,onlardan,5,4
6076,onnar,5,2
6077,onnarın,5,2
6078,otağı,5,5
6079,otur,5,5
6080,oturdu,5,5
6081,oxları,5,5
6082,oxumuşam,5,4
6083,oxusun,5,4
6084,oxuyaq,5,2
6085,oxuyub,5,5
6086,oynasın,5,1
6087,oğluna,5,4
6088,padişah,5,4
6089,padişahı,5,5
6090,paltarın,5,4
6091,pamal,5,5
6092,parlayar,5,4
6093,payın,5,4
6094,payəndaz,5,5
6095,peyki,5,4
6096,pişiyi,5,3
6097,pişiyin,5,1
6098,plov,5,5
6099,polad,5,5
6100,pünhani,5,5
6101,pədər,5,4
6102,pəjmürdə,5,5
6103,pələng,5,5
6104,pərizad,5,4
6105,qabağından,5,5
6106,qadiri,5,5
6107,qafa,5,5
6108,qaladı,5,4
6109,qalasan,5,5
6110,qaldır,5,5
6111,qalmaya,5,5
6112,qalmayıb,5,5
6113,qalxır,5,5
6114,qanadı,5,5
6115,qandı,5,5
6116,qanır,5,5
6117,qapını,5,5
6118,qapısında,5,5
6119,qarabağın,5,4
6120,qardaşların,5,5
6121,qarğı,5,5
6122,qarışdırma,5,3
6123,qarşıma,5,5
6124,qarşında,5,4
6125,qatdı,5,3
6126,qaydasıdır,5,3
6127,qaytarar,5,5
6128,qayğanaq,5,3
6129,qayıdıb,5,5
6130,qaçdım,5,4
6131,qaşında,5,5
6132,qeyd,5,5
6133,qeydi,5,5
6134,qeyrəti,5,5
6135,qismətin,5,5
6136,qocanı,5,1
6137,qonaqları,5,5
6138,qonağın,5,4
6139,qonşudan,5,4
6140,qopdu,5,4
6141,qorxmayın,5,2
6142,qorxmaz,5,3
6143,qoyanda,5,4
6144,qoydun,5,5
6145,qoymadılar,5,3
6146,qoymuşdu,5,5
6147,qozqara,5,1
6148,qula,5,5
6149,qulağın,5,5
6150,qulunam,5,5
6151,qurbandır,5,5
6152,qurbanıyam,5,1
6153,qurdu,5,5
6154,qurrey,5,1
6155,qurtarmaz,5,5
6156,quşun,5,5
6157,qönçənin,5,4
6158,qövli,5,5
6159,qüdrətli,5,5
6160,qürur,5,5
6161,qüssəyə,5,5
6162,qüsur,5,5
6163,qüvvət,5,4
6164,qırılıb,5,3
6165,qızlardan,5,3
6166,qızların,5,3
6167,qəbuli,5,5
6168,qəfəsdən,5,5
6169,qəlbimdə,5,5
6170,qələmin,5,5
6171,qərbin,5,3
6172,qəsri,5,4
6173,qəssal,5,5
6174,qətrəsi,5,4
6175,qəzanın,5,5
6176,rahəti,5,4
6177,ram,5,5
6178,razılaşdı,5,3
6179,rifət,5,5
6180,rindü,5,5
6181,ruhu,5,4
6182,ruzgar,5,4
6183,ruzigarın,5,5
6184,ruzə,5,1
6185,rəfiqim,5,5
6186,rəftar,5,4
6187,rəhbər,5,5
6188,rəhimdən,5,3
6189,rənginə,5,4
6190,rəngü,5,5
6191,rəqibin,5,5
6192,rəvamıdır,5,4
6193,rəvandır,5,5
6194,rəğbətim,5,5
6195,rəşk,5,5
6196,saatda,5,5
6197,sail,5,5
6198,salanda,5,4
6199,salmışdır,5,5
6200,salıbdı,5,5
6201,salım,5,4
6202,samavar,5,4
6203,sanlı,5,5
6204,sanın,5,4
6205,saqiyə,5,5
6206,sarayından,5,5
6207,sata,5,3
6208,savabı,5,5
6209,sazlar,5,4
6210,sağdı,5,5
6211,sehri,5,5
6212,sevgili,5,5
6213,sevəndən,5,5
6214,seyl,5,5
6215,seylabi,5,4
6216,seçdi,5,5
6217,sidqin,5,3
6218,sidrəvü,5,5
6219,sifəti,5,5
6220,sihhət,5,4
6221,sim,5,5
6222,sini,5,4
6223,sinədə,5,5
6224,sipehri,5,5
6225,sirişki,5,5
6226,siyasət,5,5
6227,skəndəri,5,4
6228,smayılı,5,1
6229,soruşur,5,4
6230,soydu,5,4
6231,stəyirsən,5,5
6232,sultanə,5,5
6233,sureyi,5,5
6234,surətinə,5,4
6235,syd,5,5
6236,söyüdlü,5,2
6237,sözdəri,5,2
6238,sübut,5,4
6239,sükut,5,3
6240,sürüb,5,3
6241,süxən,5,5
6242,sındı,5,5
6243,səbəbinə,5,3
6244,sədası,5,5
6245,səddi,5,5
6246,səddə,5,3
6247,sədparə,5,5
6248,səfalı,5,2
6249,səfərdə,5,5
6250,səhrayi,5,5
6251,səksən,5,5
6252,səmən,5,5
6253,sənginə,5,2
6254,səninçün,5,5
6255,sənubər,5,5
6256,sənəma,5,5
6257,sənəmi,5,5
6258,sənəti,5,5
6259,səpən,5,5
6260,səpər,5,5
6261,sərimdən,5,5
6262,sərin,5,5
6263,səriri,5,5
6264,sərkərdəsi,5,4
6265,sərvim,5,5
6266,sərü,5,5
6267,səslə,5,5
6268,səxavətdə,5,4
6269,səyyarə,5,5
6270,sеvda,5,5
6271,tabü,5,5
6272,tamamladı,5,5
6273,taqi,5,5
6274,tat,5,5
6275,taxtın,5,5
6276,tayı,5,4
6277,tel,5,5
6278,tifl,5,4
6279,toprağə,5,5
6280,tor,5,5
6281,torpağın,5,5
6282,torpağında,5,5
6283,toyuna,5,4
6284,tulla,5,5
6285,turunc,5,2
6286,tutalım,5,5
6287,tutiya,5,5
6288,tutizəban,5,3
6289,tutmuşam,5,5
6290,tutmuşdu,5,5
6291,tutsun,5,5
6292,tutubdu,5,3
6293,tutubdur,5,5
6294,töhmət,5,5
6295,tökməyə,5,5
6296,tükənməz,5,4
6297,türkü,5,5
6298,tǝrk,5,5
6299,təaləllah,5,4
6300,təcəlla,5,5
6301,tədarük,5,4
6302,təhqiqi,5,5
6303,təhrində,5,3
6304,təhrir,5,3
6305,təklif,5,3
6306,tələf,5,5
6307,təmaşayi,5,5
6308,təngə,5,4
6309,təqlid,5,5
6310,tərdən,5,5
6311,təriq,5,5
6312,təriqət,5,5
6313,tərrar,5,5
6314,tərəfini,5,3
6315,tərəhhüm,5,5
6316,təsdiq,5,5
6317,təzim,5,3
6318,ucadan,5,4
6319,ucdan,5,3
6320,ulaqları,5,1
6321,ur,5,4
6322,utandı,5,5
6323,utanmaq,5,1
6324,uçdu,5,5
6325,uçub,5,5
6326,uşağa,5,3
6327,vaiz,5,5
6328,vaqifa,5,5
6329,varlı,5,3
6330,vaxtadək,5,4
6331,vaxtda,5,4
6332,vayə,5,4
6333,ve,5,3
6334,verməlisiniz,5,1
6335,verməsin,5,5
6336,vilayətdə,5,5
6337,visali,5,4
6338,vur,5,4
6339,vuruldu,5,5
6340,vəchində,5,4
6341,vədeyi,5,5
6342,vəhy,5,5
6343,vəl,5,5
6344,vəsfin,5,4
6345,vəsiyyət,5,4
6346,vət,5,5
6347,vеrdim,5,5
6348,vеrdin,5,1
6349,vеrsin,5,3
6350,xanımla,5,2
6351,xaqanı,5,3
6352,xara,5,4
6353,xarab,5,5
6354,xata,5,5
6355,xeyrin,5,5
6356,xidmətinə,5,5
6357,xirəd,5,4
6358,xosrov,5,4
6359,xosrovi,5,5
6360,xublər,5,5
6361,xudam,5,5
6362,xunxarə,5,5
6363,xuramanım,5,5
6364,xəbərim,5,5
6365,xəlqdən,5,5
6366,xətrini,5,4
6367,xətrinə,5,3
6368,xətt,5,5
6369,xətü,5,4
6370,xəyalilə,5,5
6371,xəyanət,5,5
6372,xəyatı,5,3
6373,yadigar,5,5
6374,yalandan,5,5
6375,yalvar,5,5
6376,yamandır,5,4
6377,yanma,5,4
6378,yanıb,5,4
6379,yanıma,5,5
6380,yanıq,5,5
6381,yanıram,5,5
6382,yaramaz,5,4
6383,yaran,5,5
6384,yarpağı,5,5
6385,yatıram,5,4
6386,yaxar,5,5
6387,yaxası,5,5
6388,yaxud,5,3
6389,yaxşıca,5,4
6390,yaylaqdan,5,3
6391,yazmaq,5,4
6392,yazını,5,4
6393,yemə,5,5
6394,yeməyə,5,4
6395,yenicə,5,2
6396,yenidən,5,5
6397,yerbəyer,5,3
6398,yerlərə,5,5
6399,yetdim,5,5
6400,yetim,5,5
6401,yetə,5,5
6402,yey,5,5
6403,yeyir,5,5
6404,yid,5,5
6405,yoldaşları,5,3
6406,yoldaşlarına,5,1
6407,yoldaşı,5,5
6408,yoldur,5,4
6409,yollar,5,5
6410,yuvasından,5,5
6411,yuxudan,5,3
6412,yönü,5,5
6413,yükü,5,5
6414,yükün,5,5
6415,yüngül,5,4
6416,yürəgim,5,5
6417,yüzlü,5,5
6418,yüzündǝ,5,5
6419,yüzündǝn,5,5
6420,yığılıb,5,5
6421,yığıncaq,5,3
6422,yǝqin,5,4
6423,yəğma,5,5
6424,yеrində,5,3
6425,yеtirən,5,4
6426,yеtişib,5,3
6427,yоla,5,2
6428,zail,5,5
6429,zamandan,5,5
6430,zaru,5,5
6431,zarı,5,5
6432,zatü,5,5
6433,zatı,5,5
6434,zatında,5,5
6435,zeynalabdından,5,1
6436,ziri,5,5
6437,zöhdü,5,5
6438,zülalın,5,4
6439,zülmətdə,5,5
6440,zəbanım,5,5
6441,zəfi,5,5
6442,zəfəran,5,5
6443,zəhərli,5,5
6444,zəlil,5,5
6445,zəmiyə,5,1
6446,zəncirinə,5,5
6447,zəncirə,5,5
6448,zərbindən,5,5
6449,zərd,5,5
6450,zərin,5,5
6451,zərqü,5,4
6452,çakər,5,4
6453,çaldılar,5,4
6454,çalmağa,5,5
6455,çalındı,5,4
6456,çapdı,5,4
6457,çareyi,5,5
6458,çağırtdırdı,5,4
6459,çaşqın,5,5
6460,çeşmə,5,5
6461,çöhreyi,5,5
6462,çıxarıb,5,5
6463,çıxdılar,5,4
6464,çıxmağa,5,5
6465,çıxmırdı,5,4
6466,çıxmışdı,5,5
6467,çəkdilər,5,3
6468,çəkibdir,5,4
6469,çəkilən,5,5
6470,çəkilər,5,5
6471,çəkirlər,5,5
6472,çəngü,5,5
6473,çərxin,5,5
6474,çərхi,5,3
6475,öl,5,4
6476,öldürüb,5,5
6477,ölmüş,5,5
6478,ölmək,5,5
6479,ölməsə,5,3
6480,ölsün,5,5
6481,ölsəm,5,4
6482,ölərəm,5,5
6483,ötən,5,5
6484,öylərinə,5,2
6485,öyə,5,2
6486,ülfəti,5,5
6487,ümmül,5,5
6488,ünü,5,3
6489,ürəkli,5,3
6490,üzər,5,3
6491,üçüncü,5,5
6492,üşşaqə,5,5
6493,şadiman,5,5
6494,şagird,5,4
6495,şahin,5,5
6496,şairəm,5,5
6497,şanına,5,4
6498,şerimin,5,4
6499,şeytani,5,5
6500,şim,5,5
6501,şindi,5,3
6502,şirvani,5,3
6503,şirəsi,5,5
6504,şur,5,5
6505,şuri,5,5
6506,şövkət,5,5
6507,şövkətü,5,5
6508,şükufə,5,4
6509,şəh,5,5
6510,şəhdü,5,5
6511,şəhid,5,5
6512,şəhrin,5,5
6513,şəhrində,5,5
6514,şəkk,5,5
6515,şəklini,5,2
6516,şələ,5,4
6517,şəmkir,5,1
6518,şəms,5,5
6519,şən,5,4
6520,şəni,5,5
6521,şərin,5,4
6522,şəriətdən,5,5
6523,şərəfi,5,5
6524,şеytana,5,5
6525,ǝbǝd,5,5
6526,ǝzǝldǝn,5,5
6527,əba,5,5
6528,əbdüləzim,5,1
6529,ədu,5,4
6530,ədə,5,1
6531,əhdə,5,4
6532,əhvalımı,5,4
6533,əkib,5,3
6534,əkin,5,3
6535,əladan,5,5
6536,əllərini,5,4
6537,ələmi,5,4
6538,ələsgərgilə,5,4
6539,ələst,5,5
6540,əmim,5,4
6541,əmrinə,5,4
6542,əməli,5,5
6543,əncam,5,5
6544,ənisim,5,5
6545,ənqa,5,2
6546,əri,5,5
6547,ərzim,5,5
6548,ərəb,5,5
6549,əsbabı,5,4
6550,əsirgəmə,5,4
6551,əsrarını,5,5
6552,əsədullaha,5,2
6553,əsədullahla,5,2
6554,ətir,5,5
6555,ətlaz,5,5
6556,əyağ,5,5
6557,əyib,5,5
6558,əyyam,5,5
6559,əzizi,5,5
6560,əzər,5,3
6561,еdir,5,5
6562,еləmişdi,5,2
6563,еləmə,5,5
6564,еləməyə,5,2
6565,еləyirəm,5,3
6566,еləyəndən,5,3
6567,еrkək,5,3
6568,еt,5,5
6569,еvində,5,3
6570,еylədim,5,4
6571,еyləyən,5,5
6572,еşidib,5,5
6573,оla,5,5
6574,хoş,5,5
6575,12,4,4
6576,14,4,4
6577,16,4,4
6578,2,4,4
6579,28,4,3
6580,30,4,4
6581,99,4,4
6582,abidi,4,3
6583,ada,4,4
6584,adinə,4,2
6585,adəmin,4,4
6586,afat,4,4
6587,afiyət,4,4
6588,afətdir,4,4
6589,ahəngər,4,4
6590,ahəstə,4,3
6591,alam,4,4
6592,alanlar,4,4
6593,alağalı,4,1
6594,aldatma,4,4
6595,allahü,4,4
6596,alxaslısı,4,2
6597,alıbdı,4,4
6598,alıdan,4,1
6599,alına,4,4
6600,alını,4,2
6601,alınır,4,3
6602,alırlar,4,2
6603,alǝm,4,4
6604,amandır,4,4
6605,anbaan,4,4
6606,andır,4,4
6607,anındır,4,4
6608,apararsan,4,2
6609,aparırsan,4,4
6610,aramımı,4,4
6611,aranda,4,4
6612,arifə,4,4
6613,arpadan,4,4
6614,artdı,4,4
6615,artırma,4,4
6616,artırır,4,4
6617,arvadın,4,4
6618,arvadına,4,2
6619,arxasınca,4,4
6620,arzum,4,3
6621,asdı,4,4
6622,asi,4,4
6623,asimandır,4,4
6624,asimanı,4,4
6625,asimanə,4,4
6626,aslanla,4,4
6627,asın,4,4
6628,ataşına,4,4
6629,atdığı,4,4
6630,atlanıb,4,2
6631,atlar,4,4
6632,atır,4,4
6633,avaz,4,4
6634,axirət,4,3
6635,axsitan,4,2
6636,axtardı,4,4
6637,axırın,4,1
6638,axırında,4,3
6639,axşamadək,4,4
6640,axşamkı,4,3
6641,ayaqda,4,4
6642,ayağım,4,4
6643,ayağıma,4,4
6644,ayinədə,4,4
6645,ayla,4,2
6646,aynalı,4,3
6647,ayü,4,4
6648,ayıl,4,3
6649,ayırma,4,4
6650,azarı,4,4
6651,azdı,4,4
6652,azim,4,4
6653,azərbaycana,4,4
6654,açdım,4,4
6655,açmaq,4,4
6656,açırdı,4,4
6657,ağacın,4,4
6658,ağladır,4,4
6659,ağızdan,4,4
6660,aşiqdir,4,4
6661,aşiqlər,4,4
6662,aşiqlərə,4,3
6663,aşna,4,4
6664,aşıqlığı,4,3
6665,aşır,4,3
6666,bac,4,4
6667,bacısı,4,3
6668,badədən,4,4
6669,bakir,4,3
6670,balaca,4,3
6671,balayə,4,4
6672,banladı,4,3
6673,barani,4,4
6674,baratın,4,4
6675,barmağın,4,4
6676,barsız,4,4
6677,barın,4,4
6678,batdı,4,4
6679,batində,4,4
6680,batıb,4,4
6681,baxaram,4,4
6682,baxdın,4,4
6683,baxmaqdan,4,4
6684,baxmaram,4,1
6685,baxt,4,3
6686,baxıcı,4,1
6687,baxır,4,3
6688,baxırsan,4,4
6689,baxışlı,4,4
6690,bayrağı,4,3
6691,baz,4,2
6692,bazarın,4,4
6693,bazarə,4,4
6694,bağdadda,4,2
6695,bağdə,4,2
6696,bağla,4,4
6697,bağlamışam,4,4
6698,bağlanmış,4,3
6699,bağçada,4,4
6700,başdadılar,4,1
6701,baхma,4,4
6702,bele,4,3
6703,belin,4,4
6704,beyti,4,4
6705,bibəsər,4,4
6706,biganə,4,4
6707,bihuda,4,4
6708,bihuş,4,3
6709,bihəddü,4,4
6710,bildilər,4,4
6711,bildirir,4,3
6712,bilirsiz,4,1
6713,bilsinlər,4,3
6714,bilür,4,4
6715,bilərsənmi,4,4
6716,bimarə,4,4
6717,binasın,4,4
6718,biniyaz,4,3
6719,bipərva,4,4
6720,birbəbir,4,4
6721,birində,4,4
6722,biyabani,4,4
6723,biçiləsi,4,2
6724,bişə,4,2
6725,bostan,4,4
6726,bostanda,4,3
6727,bostanı,4,3
6728,boyda,4,4
6729,boyuna,4,4
6730,bozlar,4,1
6731,boğazından,4,4
6732,bula,4,4
6733,buladı,4,4
6734,bulmadı,4,4
6735,bulunur,4,4
6736,bunlardan,4,3
6737,bununla,4,4
6738,bur,4,2
6739,burya,4,4
6740,buynuzu,4,4
6741,böldü,4,4
6742,bünyad,4,4
6743,bünövrəsi,4,4
6744,bǝhri,4,4
6745,bədii,4,2
6746,bədir,4,4
6747,bəhlula,4,1
6748,bəhrinə,4,4
6749,bəlalı,4,4
6750,bəlavü,4,4
6751,bəlli,4,4
6752,bələd,4,4
6753,bənddə,4,4
6754,bəngi,4,4
6755,bəqayi,4,4
6756,bərq,4,4
6757,bərəkət,4,3
6758,bəsdi,4,3
6759,bəsi,4,4
6760,bəxtin,4,4
6761,bəyani,4,3
6762,bəylə,4,3
6763,cahandır,4,4
6764,cahani,4,4
6765,cahanü,4,4
6766,cama,4,2
6767,camahatın,4,2
6768,camalında,4,4
6769,camda,4,3
6770,came,4,3
6771,camını,4,4
6772,canları,4,4
6773,cavansan,4,3
6774,cavidani,4,4
6775,ciddi,4,1
6776,cilovunu,4,3
6777,cingildəyir,4,3
6778,cismə,4,4
6779,corab,4,4
6780,coraf,4,1
6781,corafları,4,1
6782,coşub,4,4
6783,cudi,4,3
6784,cudü,4,4
6785,cövza,4,3
6786,cümlədən,4,4
6787,cümləsi,4,4
6788,cümə,4,2
6789,cürbəcür,4,2
6790,cürət,4,4
6791,cüz,4,4
6792,cǝfa,4,4
6793,cəfavü,4,4
6794,cəfaya,4,4
6795,cəfərqulunun,4,1
6796,cəh,4,2
6797,cəhl,4,4
6798,cəlal,4,4
6799,cəlalı,4,4
6800,cəmşidi,4,3
6801,cənab,4,3
6802,cəngi,4,3
6803,cərəs,4,4
6804,cəsədin,4,1
6805,cəzm,4,4
6806,dadü,4,4
6807,dama,4,4
6808,damar,4,3
6809,danişvər,4,3
6810,danmaq,4,4
6811,danışan,4,4
6812,danışar,4,3
6813,danışasan,4,4
6814,danışmağa,4,4
6815,danışıb,4,4
6816,darıya,4,1
6817,darə,4,2
6818,dayanıb,4,4
6819,dayanır,4,2
6820,dayə,4,3
6821,dağında,4,4
6822,dağıt,4,3
6823,daşlar,4,4
6824,daşları,4,4
6825,daşə,4,4
6826,dediyim,4,3
6827,dediyin,4,4
6828,degildir,4,4
6829,demin,4,4
6830,demişdi,4,4
6831,demədim,4,4
6832,derlərdi,4,4
6833,dersə,4,4
6834,deyi,4,4
6835,deyif,4,2
6836,didari,4,4
6837,didarı,4,4
6838,didələrimdən,4,4
6839,dilaramım,4,4
6840,dilbǝra,4,3
6841,dilbǝri,4,4
6842,dilbəra,4,4
6843,dildara,4,4
6844,dillənir,4,1
6845,dilrüba,4,4
6846,dilək,4,4
6847,dinü,4,4
6848,diqqətnən,4,2
6849,dirək,4,3
6850,dirəyin,4,3
6851,divana,4,4
6852,divaneyi,4,4
6853,divanında,4,4
6854,divara,4,4
6855,divarə,4,4
6856,diz,4,3
6857,dizə,4,4
6858,dişə,4,4
6859,doktoru,4,1
6860,dolana,4,4
6861,dolmuş,4,4
6862,dona,4,3
6863,donuz,4,3
6864,dostunam,4,2
6865,doymur,4,4
6866,doğan,4,4
6867,doğma,4,2
6868,doğmaz,4,3
6869,doğub,4,4
6870,du,4,4
6871,duası,4,4
6872,duayi,4,3
6873,dumana,4,3
6874,durdum,4,3
6875,durmuşam,4,4
6876,dursun,4,3
6877,durubsan,4,4
6878,dustaq,4,4
6879,dustağı,4,4
6880,dustdur,4,3
6881,dut,4,4
6882,duzəxdən,4,4
6883,dönməz,4,4
6884,dönsünmü,4,1
6885,dönübdür,4,4
6886,dövlətindən,4,3
6887,dövrana,4,4
6888,dövrandan,4,4
6889,dövranə,4,4
6890,dövrü,4,4
6891,dünyadən,4,4
6892,dürdi,4,4
6893,düxan,4,2
6894,düyəni,4,1
6895,düzdür,4,3
6896,düzü,4,2
6897,düzəltdilər,4,4
6898,düşdük,4,3
6899,düşgün,4,4
6900,düşmanı,4,3
6901,düşmanın,4,4
6902,düşmənim,4,4
6903,düşməyən,4,4
6904,düşəcək,4,3
6905,dəgmə,4,4
6906,dəldi,4,4
6907,dəlib,4,3
6908,dəmirdən,4,4
6909,dənizdə,4,4
6910,dərddən,4,4
6911,dəridən,4,3
6912,dərmandan,4,4
6913,dərmandı,4,4
6914,dərmanın,4,4
6915,dərsim,4,4
6916,dərsimi,4,4
6917,dərsini,4,3
6918,dərvişəm,4,4
6919,dəs,4,2
6920,dəstan,4,3
6921,dəstar,4,3
6922,dəsti,4,4
6923,dəstini,4,4
6924,dəvayi,4,4
6925,dəyib,4,4
6926,dəyir,4,4
6927,dəyəndə,4,4
6928,dəyənək,4,3
6929,dəyənəyi,4,2
6930,dеməyinə,4,3
6931,dеməz,4,3
6932,dеyilsən,4,3
6933,dеyirdin,4,3
6934,dеyişmək,4,2
6935,dеyəcəm,4,2
6936,dә,4,4
6937,edǝn,4,4
6938,edərsəm,4,4
6939,edərsən,4,4
6940,edərsənmi,4,1
6941,ehsandır,4,4
6942,ehtiram,4,4
6943,ehtiyacım,4,4
6944,elam,4,4
6945,elan,4,3
6946,elmdir,4,4
6947,elmim,4,4
6948,elmin,4,4
6949,elminə,4,4
6950,elmsiz,4,3
6951,elər,4,4
6952,enər,4,4
6953,etiraz,4,4
6954,etmir,4,3
6955,etmisən,4,3
6956,etmədim,4,4
6957,etmədən,4,3
6958,etməmiş,4,4
6959,etməyi,4,4
6960,etməyib,4,3
6961,eylǝmǝ,4,4
6962,eyləmir,4,4
6963,eylərik,4,3
6964,eyləyibən,4,4
6965,eyləyirdi,4,3
6966,eyvani,4,3
6967,eşigindǝ,4,4
6968,eşqəm,4,4
6969,eşşəyə,4,3
6970,filankəsin,4,4
6971,filcümlə,4,3
6972,filməsəl,4,4
6973,firqeyi,4,4
6974,firqǝtindǝn,4,4
6975,füsun,4,4
6976,füzulinin,4,4
6977,fəkan,4,3
6978,fələklər,4,4
6979,fələyi,4,3
6980,fəqirin,4,4
6981,fəqirəm,4,4
6982,fəqrü,4,2
6983,fəqrə,4,4
6984,fəraqü,4,4
6985,fəraqə,4,4
6986,fərağa,4,4
6987,fərağət,4,4
6988,fərmani,4,4
6989,fəryadım,4,4
6990,fəsahət,4,3
6991,fəthi,4,4
6992,fəzlü,4,4
6993,fəğandır,4,4
6994,gecǝ,4,4
6995,gedif,4,2
6996,gedə,4,3
6997,gedərsən,4,2
6998,getsən,4,4
6999,geyik,4,2
7000,geyinib,4,4
7001,girdim,4,3
7002,giriban,4,4
7003,girə,4,3
7004,gizlin,4,4
7005,guşə,4,3
7006,gyya,4,3
7007,göftarın,4,4
7008,göldə,4,4
7009,göndərdilər,4,4
7010,göndərə,4,4
7011,görmən,4,2
7012,görsəm,4,4
7013,görünürdü,4,3
7014,görünər,4,4
7015,görürsən,4,4
7016,görəh,4,1
7017,görəm,4,4
7018,götürdüm,4,4
7019,götürər,4,4
7020,göyləri,4,4
7021,göyçəkdi,4,4
7022,gözlədi,4,4
7023,gözlərə,4,4
7024,gözəldə,4,4
7025,gözəlim,4,4
7026,gözəlliyi,4,4
7027,gözəlliyin,4,4
7028,gözəllərdə,4,4
7029,gühəri,4,4
7030,gülbüni,4,3
7031,gülgyn,4,4
7032,gülmək,4,4
7033,gülüstanı,4,4
7034,güləndamım,4,4
7035,güləsən,4,2
7036,günahın,4,4
7037,günahını,4,2
7038,günbəgün,4,4
7039,gündüzlər,4,4
7040,günnən,4,3
7041,günəşdir,4,3
7042,günəşdən,4,3
7043,günəşsən,4,4
7044,güzgüdə,4,4
7045,gədadan,4,4
7046,gəldiyin,4,4
7047,gəli,4,4
7048,gəlibdir,4,4
7049,gəlincə,4,4
7050,gəlinlər,4,4
7051,gəlinləri,4,2
7052,gəlmisən,4,2
7053,gəlmə,4,4
7054,gəlmədin,4,4
7055,gəlməmişəm,4,3
7056,gəlməsin,4,3
7057,gəlməsə,4,4
7058,gələndən,4,4
7059,gələnlər,4,4
7060,gələnləri,4,3
7061,gərci,4,4
7062,gətdi,4,4
7063,gəti,4,2
7064,gətirmiş,4,4
7065,gətirmişəm,4,2
7066,gətirmə,4,3
7067,gətirmək,4,4
7068,gətirsinlər,4,3
7069,gəzdirər,4,4
7070,gəzmişəm,4,4
7071,gеdim,4,2
7072,gеdə,4,3
7073,gеdərsən,4,1
7074,gеtməkdə,4,2
7075,gеtsə,4,4
7076,habelə,4,2
7077,hadis,4,4
7078,halala,4,4
7079,halimi,4,4
7080,halqa,4,3
7081,halva,4,3
7082,haləti,4,4
7083,hamilə,4,4
7084,hamımızın,4,3
7085,haqlı,4,3
7086,her,4,4
7087,hesaba,4,4
7088,heydəri,4,4
7089,heyrani,4,3
7090,heyranəm,4,4
7091,heyrətə,4,4
7092,heçə,4,4
7093,hicrandan,4,4
7094,hiddətlə,4,1
7095,hikmətə,4,4
7096,hilali,4,4
7097,himarın,4,3
7098,hirsli,4,2
7099,hurilər,4,4
7100,huşunu,4,2
7101,hökmünə,4,4
7102,hörmətim,4,4
7103,hörmətin,4,4
7104,hörmətini,4,4
7105,hücumi,4,3
7106,hümmətim,4,4
7107,hündür,4,4
7108,hüruf,4,4
7109,hüseyndən,4,1
7110,hüsnə,4,4
7111,hüzurunda,4,4
7112,hǝqiqǝt,4,4
7113,hǝqqǝ,4,4
7114,hǝrdǝm,4,4
7115,hədəf,4,4
7116,həft,4,4
7117,həmrah,4,4
7118,hənəyi,4,3
7119,həqdi,4,4
7120,həqiqətdə,4,4
7121,hərif,4,4
7122,hərifi,4,4
7123,hərçi,4,4
7124,hеy,4,2
7125,hеyvanı,4,4
7126,ibadətdən,4,4
7127,idraki,4,4
7128,ikimiz,4,3
7129,ikinci,4,4
7130,ikisini,4,3
7131,ikǝn,4,4
7132,illa,4,4
7133,illik,4,4
7134,ilət,4,4
7135,imandan,4,3
7136,imandır,4,3
7137,imanə,4,4
7138,imkani,4,2
7139,imkanım,4,2
7140,incilər,4,4
7141,inciməz,4,1
7142,indiyə,4,4
7143,inqilab,4,4
7144,insandan,4,4
7145,intizara,4,4
7146,irəhm,4,3
7147,islamı,4,3
7148,istədim,4,4
7149,istəmirdi,4,4
7150,istəmirəm,4,2
7151,istəməm,4,2
7152,itaət,4,4
7153,itibdi,4,1
7154,itifdi,4,1
7155,itirmiş,4,3
7156,itirmə,4,4
7157,itlərin,4,4
7158,iylə,4,2
7159,iztirab,4,4
7160,içərəm,4,4
7161,işarət,4,4
7162,işlərdən,4,4
7163,işlərini,4,4
7164,işrəti,4,4
7165,kamala,4,4
7166,kamalım,4,4
7167,kanıdır,4,4
7168,kasa,4,3
7169,katibi,4,4
7170,kef,4,4
7171,keçmədi,4,4
7172,keçə,4,3
7173,keşdi,4,2
7174,kifayət,4,4
7175,kimdə,4,4
7176,kimiya,4,4
7177,kimsǝnin,4,3
7178,kin,4,4
7179,kirpiklərin,4,4
7180,kirpiyin,4,4
7181,kitabıdır,4,4
7182,kişidə,4,4
7183,kola,4,3
7184,koldan,4,3
7185,köhlən,4,4
7186,kökdü,4,4
7187,kölgə,4,4
7188,könlümdür,4,4
7189,könlümdən,4,3
7190,könlündən,4,3
7191,könlünün,4,3
7192,könüllər,4,4
7193,körpüdən,4,3
7194,köynəkdən,4,4
7195,köysünə,4,4
7196,küfrün,4,4
7197,külbeyi,4,4
7198,küll,4,4
7199,küncündə,4,4
7200,kı,4,4
7201,kəbeyi,4,4
7202,kəbsadən,4,1
7203,kəbənin,4,4
7204,kəbəyə,4,3
7205,kəminə,4,4
7206,kəməri,4,4
7207,kənan,4,4
7208,kənardan,4,4
7209,kəndir,4,3
7210,kəndiri,4,2
7211,kəramət,4,4
7212,kərəmin,4,4
7213,kəsməyə,4,3
7214,kəsrəti,4,4
7215,kəşti,4,2
7216,kеçsin,4,4
7217,kеçən,4,4
7218,lacərəm,4,4
7219,lalədir,4,2
7220,lalələr,4,4
7221,layiqi,4,4
7222,layıq,4,4
7223,leylinin,4,4
7224,libasi,4,4
7225,lindən,4,4
7226,lotu,4,2
7227,lovğa,4,2
7228,loğma,4,3
7229,lövhinə,4,4
7230,lütfilə,4,4
7231,lǝbin,4,4
7232,ləbdən,4,3
7233,ləbinin,4,4
7234,ləngər,4,4
7235,ləq,4,1
7236,lətafət,4,4
7237,macəranı,4,4
7238,madər,4,3
7239,madəri,4,3
7240,mahim,4,4
7241,mahir,4,4
7242,malına,4,4
7243,manata,4,3
7244,manatdan,4,3
7245,matəm,4,4
7246,mayıl,4,4
7247,mağar,4,3
7248,meydanı,4,4
7249,meynə,4,4
7250,meyxanədən,4,4
7251,meyxanəyə,4,4
7252,meyxarə,4,4
7253,mikailə,4,1
7254,mikayıla,4,2
7255,milli,4,2
7256,milləti,4,3
7257,minəndə,4,4
7258,misrü,4,4
7259,munisi,4,4
7260,murada,4,3
7261,muradın,4,3
7262,muradə,4,4
7263,murü,4,4
7264,murğuz,4,3
7265,muyinə,4,4
7266,möcizi,4,3
7267,möhnǝti,4,4
7268,möhtacdır,4,4
7269,möhtəsib,4,4
7270,mömini,4,4
7271,möminin,4,2
7272,möminə,4,4
7273,mövlası,4,3
7274,mövt,4,4
7275,mövti,4,4
7276,müddəti,4,4
7277,müdrik,4,3
7278,müdəvvər,4,4
7279,mühit,4,4
7280,mühiti,4,4
7281,mühlik,4,4
7282,müjdə,4,4
7283,müjganə,4,4
7284,mümkünsə,4,4
7285,münafiq,4,3
7286,münkiri,4,4
7287,müntəzir,4,4
7288,müqabil,4,4
7289,müsibət,4,4
7290,müstəqim,4,4
7291,mütrib,4,4
7292,müxənnətin,4,4
7293,müzakirə,4,1
7294,müztər,4,4
7295,müşkülü,4,4
7296,müşkülə,4,4
7297,müəmması,4,3
7298,mǝclisi,4,4
7299,mǝgǝr,4,4
7300,mǝlayik,4,4
7301,mǝlǝk,4,3
7302,mǝnisiz,4,2
7303,mǝqami,4,4
7304,məcaz,4,4
7305,məclisimə,4,4
7306,mədhi,4,3
7307,mədhin,4,3
7308,mədələt,4,3
7309,məhal,4,4
7310,məhfuz,4,4
7311,məhliqa,4,3
7312,məhvəş,4,4
7313,məhz,4,4
7314,məhəl,4,4
7315,məhəmmədə,4,3
7316,məkanda,4,4
7317,məkandan,4,4
7318,məkr,4,3
7319,məlahət,4,4
7320,məlalə,4,4
7321,məlumdur,4,4
7322,mələksima,4,4
7323,məmişin,4,1
7324,məmun,4,2
7325,mənada,4,4
7326,mənahi,4,3
7327,mənlə,4,4
7328,mənnən,4,3
7329,mənsuri,4,4
7330,mənzilim,4,4
7331,məqalın,4,2
7332,məqamı,4,3
7333,mərdümlərin,4,4
7334,mərdə,4,4
7335,mərifətdən,4,4
7336,mərmər,4,4
7337,məscidə,4,3
7338,məsihanın,4,3
7339,məsiyət,4,4
7340,məstan,4,4
7341,məstur,4,4
7342,məstə,4,4
7343,məti,4,4
7344,mətləbim,4,4
7345,mətləbin,4,4
7346,mətəl,4,4
7347,məxfi,4,4
7348,məxluqat,4,4
7349,məxsus,4,3
7350,məzarın,4,4
7351,məzmunu,4,4
7352,məzur,4,4
7353,məzə,4,4
7354,məzəmmət,4,4
7355,mеyindən,4,4
7356,mеyli,4,4
7357,mәnim,4,3
7358,nadani,4,4
7359,nafеyi,4,4
7360,namehriban,4,4
7361,nameyi,4,4
7362,namü,4,4
7363,namərdin,4,4
7364,naqabil,4,4
7365,narahat,4,4
7366,narınc,4,3
7367,naxış,4,4
7368,nazi,4,3
7369,naümid,4,4
7370,nci,4,3
7371,ncimərəm,4,4
7372,nedər,4,4
7373,neylərsən,4,2
7374,nisbǝt,4,3
7375,nisyəsi,4,3
7376,nişanə,4,4
7377,nurü,4,4
7378,növbət,4,4
7379,növcavan,4,4
7380,nşaallah,4,3
7381,nəcib,4,4
7382,nəfsə,4,4
7383,nəfəsin,4,4
7384,nəhayətsiz,4,4
7385,nəkreyin,4,4
7386,nəqqaşı,4,4
7387,nəqşini,4,4
7388,nərəsi,4,4
7389,nəsimiyəm,4,4
7390,nət,4,3
7391,nəzirin,4,3
7392,nəzzareyi,4,4
7393,nəzzarə,4,4
7394,nəzərim,4,4
7395,nəzərin,4,4
7396,nəzərə,4,4
7397,nəçük,4,3
7398,ocağı,4,4
7399,odunu,4,2
7400,olacaqdır,4,4
7401,olanların,4,4
7402,olaydın,4,2
7403,olduğumu,4,3
7404,olması,4,4
7405,olmayınca,4,4
7406,olsunmu,4,1
7407,olurlar,4,3
7408,olurmu,4,4
7409,onlarla,4,4
7410,ora,4,4
7411,oradakı,4,4
7412,ortaq,4,4
7413,otlar,4,2
7414,otu,4,3
7415,otura,4,4
7416,oxundan,4,4
7417,oxuram,4,4
7418,oxuyanda,4,4
7419,oxuyaram,4,3
7420,oğlumun,4,2
7421,oğlunun,4,4
7422,padşahə,4,4
7423,papağını,4,2
7424,patronu,4,3
7425,payinə,4,4
7426,payına,4,4
7427,payında,4,3
7428,pdf,4,4
7429,peydadır,4,4
7430,peyğəmbərə,4,2
7431,pozur,4,3
7432,pusquda,4,3
7433,puç,4,4
7434,pürxun,4,4
7435,pənahında,4,4
7436,pərdəni,4,3
7437,pərdəsi,4,4
7438,pərilər,4,4
7439,pərişandan,4,4
7440,pərişanlıq,4,3
7441,pərvanələr,4,4
7442,pərvin,4,4
7443,pərviz,4,1
7444,pеyman,4,2
7445,qab,4,4
7446,qabaqlı,4,4
7447,qabağın,4,4
7448,qalacaq,4,4
7449,qalacaqdır,4,4
7450,qalanı,4,3
7451,qalarsan,4,3
7452,qaldırar,4,4
7453,qaldırdı,4,4
7454,qalma,4,4
7455,qalxıb,4,4
7456,qalın,4,3
7457,qalə,4,3
7458,qanam,4,4
7459,qandan,4,4
7460,qane,4,4
7461,qanilə,4,4
7462,qanmaz,4,3
7463,qapqara,4,4
7464,qapunda,4,4
7465,qapının,4,3
7466,qapısı,4,4
7467,qapısından,4,4
7468,qarabağda,4,4
7469,qardaşa,4,4
7470,qardaşlarının,4,2
7471,qardaşın,4,3
7472,qarpız,4,3
7473,qarpızı,4,2
7474,qarğayırdın,4,1
7475,qarın,4,4
7476,qarını,4,3
7477,qarışan,4,4
7478,qarşu,4,4
7479,qarşısına,4,4
7480,qasim,4,3
7481,qasimi,4,3
7482,qatdılar,4,4
7483,qatma,4,4
7484,qatıq,4,1
7485,qatığı,4,1
7486,qayadan,4,1
7487,qaytarıb,4,4
7488,qayğu,4,4
7489,qayıq,4,4
7490,qayətdə,4,4
7491,qaziyi,4,3
7492,qaça,4,2
7493,qağa,4,3
7494,qaşi,4,4
7495,qaşınız,4,3
7496,qida,4,3
7497,qiymətin,4,4
7498,qocalıbsan,4,3
7499,qonşuluqdan,4,2
7500,qonşuya,4,4
7501,qoparıb,4,4
7502,qorxdular,4,2
7503,qorxu,4,4
7504,qorxub,4,4
7505,qoymayıb,4,4
7506,qoymağa,4,4
7507,qoynundakı,4,4
7508,qoyublar,4,3
7509,qoz,4,4
7510,qucaqlaşıb,4,4
7511,quduz,4,3
7512,quldur,4,3
7513,qulluğuna,4,4
7514,qulluğunda,4,4
7515,qulu,4,4
7516,qurana,4,4
7517,qurtara,4,4
7518,qurtarar,4,4
7519,qurtarmağa,4,4
7520,qurtula,4,4
7521,qurşayıb,4,4
7522,quyuya,4,3
7523,qönçədən,4,4
7524,qönçələr,4,4
7525,qönçəyə,4,4
7526,qövsi,4,4
7527,qürbətə,4,4
7528,qüvvəti,4,4
7529,qıjhaqıj,4,1
7530,qıldılar,4,4
7531,qılgil,4,4
7532,qılıbdır,4,4
7533,qılım,4,2
7534,qılırsa,4,4
7535,qılırsan,4,3
7536,qızıb,4,3
7537,qızılı,4,4
7538,qızını,4,4
7539,qışın,4,4
7540,qǝbul,4,4
7541,qǝrar,4,4
7542,qədəhdən,4,4
7543,qədərdir,4,4
7544,qəflətdə,4,4
7545,qəhrindən,4,4
7546,qəhrəman,4,4
7547,qəlbdə,4,3
7548,qəlbimdəki,4,4
7549,qəlbən,4,3
7550,qələmini,4,1
7551,qələndər,4,4
7552,qəmlər,4,4
7553,qəmzələrin,4,4
7554,qəmzəsi,4,3
7555,qəndil,4,4
7556,qəndili,4,3
7557,qəndə,4,4
7558,qənimət,4,3
7559,qəpik,4,3
7560,qərqi,4,4
7561,qəsdən,4,4
7562,qəzadən,4,4
7563,qəşəng,4,4
7564,qеyzli,4,1
7565,rac,4,4
7566,rahətim,4,4
7567,rağib,4,4
7568,rehlət,4,4
7569,riyadən,4,4
7570,riza,4,4
7571,rizayi,4,3
7572,rizvanı,4,4
7573,rizvanə,4,4
7574,ruhani,4,4
7575,ruhim,4,4
7576,ruxi,4,4
7577,rvahama,4,1
7578,rövnəq,4,4
7579,rövzеyi,4,4
7580,rövşəndir,4,4
7581,rüknəddin,4,1
7582,rüstəmi,4,3
7583,rüstəmin,4,3
7584,rütbə,4,3
7585,rüxsarı,4,4
7586,rüxsət,4,4
7587,rüxündür,4,4
7588,rǝqib,4,4
7589,rəbbani,4,3
7590,rəhbəri,4,4
7591,rəhimə,4,1
7592,rəhmin,4,3
7593,rəhmə,4,4
7594,rəm,4,4
7595,rəmz,4,4
7596,rənci,4,4
7597,rəngdə,4,4
7598,rəngim,4,4
7599,rəsmü,4,4
7600,rəxnələr,4,4
7601,rəyi,4,3
7602,sabahın,4,4
7603,sabahısı,4,4
7604,salaməlеyküm,4,2
7605,salavat,4,4
7606,sallana,4,2
7607,sallanır,4,1
7608,salmasın,4,2
7609,salmayıb,4,3
7610,salırsan,4,4
7611,samanı,4,4
7612,sanar,4,4
7613,sandan,4,4
7614,sandım,4,4
7615,saqqal,4,4
7616,sarsaq,4,4
7617,sataşdı,4,4
7618,sayılır,4,3
7619,sazım,4,4
7620,saçları,4,3
7621,saçılır,4,4
7622,saçınla,4,4
7623,saçır,4,4
7624,sehr,4,4
7625,seli,4,4
7626,selin,4,4
7627,sevdaya,4,4
7628,sevgilim,4,4
7629,sevimli,4,1
7630,sevinə,4,2
7631,sevmişəm,4,4
7632,seyrin,4,4
7633,sgəndərə,4,4
7634,sibirə,4,2
7635,sidqü,4,4
7636,sifati,4,3
7637,sillə,4,3
7638,simurğ,4,3
7639,siməndam,4,4
7640,sinəmdən,4,4
7641,sir,4,4
7642,sirrimi,4,4
7643,sitəmlər,4,4
7644,siyahı,4,4
7645,sizindir,4,4
7646,skəndər,4,4
7647,smayılın,4,2
7648,smimdi,4,4
7649,sol,4,4
7650,soldu,4,4
7651,solub,4,4
7652,solunda,4,4
7653,sonası,4,4
7654,soruşdular,4,4
7655,soruşdum,4,4
7656,stə,4,4
7657,stəsən,4,4
7658,sudur,4,4
7659,sultanəm,4,4
7660,sulu,4,4
7661,surǝti,4,3
7662,surətini,4,4
7663,susuz,4,4
7664,söhbətinə,4,4
7665,sönməz,4,3
7666,sövda,4,4
7667,sövdayi,4,3
7668,söylədin,4,4
7669,söylərlər,4,2
7670,sözlərimi,4,4
7671,sözlərindən,4,1
7672,söznən,4,1
7673,sözündə,4,4
7674,sücudi,4,4
7675,süfrədə,4,4
7676,süfrəyə,4,4
7677,süleymani,4,3
7678,sülеymana,4,3
7679,sünbülə,4,3
7680,sürdülər,4,3
7681,sürə,4,3
7682,süzülə,4,3
7683,sındırdı,4,4
7684,sınmış,4,4
7685,sığal,4,4
7686,sǝri,4,4
7687,səbir,4,3
7688,səbrimi,4,4
7689,səbt,4,4
7690,səcdeyi,4,4
7691,sədaqətlə,4,4
7692,sədr,4,2
7693,sədrin,4,4
7694,səhnəbanım,4,3
7695,səhnəbanıyı,4,1
7696,səhranı,4,4
7697,səhraya,4,4
7698,səhəri,4,2
7699,səhərin,4,4
7700,səhərlər,4,4
7701,səlah,4,3
7702,səlam,4,4
7703,səlli,4,4
7704,səlman,4,4
7705,səltənətin,4,4
7706,səmi,4,3
7707,səmin,4,3
7708,səməri,4,4
7709,sənəyi,4,2
7710,səpir,4,4
7711,səqahüm,4,4
7712,sərab,4,4
7713,sərdara,4,4
7714,sərfəraz,4,3
7715,sərrafa,4,2
7716,sərsər,4,4
7717,sərvdən,4,4
7718,sərvət,4,4
7719,sərəncamı,4,4
7720,səsim,4,4
7721,səsnən,4,1
7722,səxavətli,4,4
7723,sеl,4,4
7724,sеyr,4,4
7725,sеçdi,4,4
7726,sеçilmiş,4,1
7727,sоrdum,4,4
7728,taleyi,4,4
7729,tamaşası,4,4
7730,tanıdılar,4,4
7731,tanınmaz,4,4
7732,tanışlıq,4,2
7733,tapan,4,4
7734,tapança,4,3
7735,tapmaq,4,4
7736,tapılar,4,4
7737,tapır,4,4
7738,taqət,4,4
7739,taqətim,4,4
7740,tarixçi,4,1
7741,taxta,4,4
7742,taxılı,4,3
7743,taxılın,4,2
7744,tağar,4,3
7745,tellər,4,4
7746,tikib,4,4
7747,tikə,4,4
7748,tir,4,3
7749,titrədi,4,3
7750,tora,4,4
7751,torpaqdan,4,4
7752,torpaqla,4,4
7753,torpağına,4,3
7754,toyuq,4,3
7755,tumar,4,3
7756,turş,4,3
7757,tutaram,4,4
7758,tutdun,4,4
7759,tutduqca,4,4
7760,tutduğum,4,4
7761,tutiyi,4,4
7762,tutmadı,4,4
7763,tutubsan,4,4
7764,tutum,4,4
7765,tövfi,4,3
7766,tövfiq,4,4
7767,tükə,4,3
7768,tülküsən,4,4
7769,tümən,4,4
7770,türki,4,4
7771,tǝn,4,4
7772,təam,4,4
7773,təbdil,4,4
7774,təbibi,4,4
7775,təbibim,4,4
7776,təbibimsən,4,4
7777,təbimin,4,3
7778,təbin,4,4
7779,təbəssüm,4,4
7780,təcəlli,4,4
7781,təhriki,4,4
7782,təkəbbür,4,4
7783,təlqin,4,3
7784,tələ,4,4
7785,tələbi,4,4
7786,təmənna,4,4
7787,tənbəl,4,3
7788,təndir,4,4
7789,təndirə,4,3
7790,tənha,4,4
7791,tənimdən,4,4
7792,tənin,4,4
7793,tənindən,4,4
7794,təpik,4,3
7795,təqsirim,4,4
7796,təqva,4,4
7797,təqvadən,4,4
7798,təri,4,4
7799,təriqətdə,4,4
7800,tərkini,4,4
7801,tərtib,4,3
7802,tərəfin,4,4
7803,tərəfində,4,4
7804,tərəfinə,4,3
7805,tərəflərdə,4,4
7806,tərəqqi,4,4
7807,təsəvvür,4,4
7808,təvaf,4,4
7809,təvafi,4,4
7810,təvan,4,4
7811,təğyir,4,4
7812,ucalan,4,4
7813,ulaq,4,2
7814,ulağın,4,4
7815,ulduzu,4,4
7816,unudub,4,4
7817,unutdum,4,3
7818,usandı,4,4
7819,ustadlar,4,3
7820,ustadə,4,2
7821,uyur,4,3
7822,uzadıb,4,4
7823,uzaqdır,4,3
7824,uzaqlaş,4,3
7825,uçmaq,4,4
7826,uşaqsan,4,1
7827,uşağın,4,2
7828,va,4,3
7829,vacibdir,4,4
7830,vahidi,4,4
7831,vaqe,4,4
7832,varinə,4,4
7833,varlıq,4,4
7834,varlığı,4,4
7835,vermişdi,4,4
7836,vermişdir,4,2
7837,visalın,4,3
7838,vurmaq,4,4
7839,vurram,4,4
7840,vursa,4,4
7841,vurulsun,4,4
7842,vüsalındır,4,3
7843,vǝli,4,4
7844,vədəsi,4,2
7845,vəfadar,4,4
7846,vəfadarım,4,4
7847,vəhdətə,4,4
7848,vəhşət,4,2
7849,vəlvələ,4,3
7850,vəqf,4,4
7851,vərəmli,4,4
7852,vərəq,4,3
7853,vəsfində,4,4
7854,vəsldən,4,3
7855,vəsmə,4,4
7856,vəssalam,4,4
7857,vətənə,4,4
7858,vəz,4,4
7859,vəzi,4,3
7860,vəziyyəti,4,3
7861,vəş,4,4
7862,vеrirəm,4,4
7863,vеrmir,4,3
7864,vеrmək,4,4
7865,vеrməyə,4,4
7866,vеrrəm,4,4
7867,vеrə,4,4
7868,vеrən,4,3
7869,vеrəndə,4,2
7870,vеrərsən,4,3
7871,vеrəsən,4,3
7872,xalası,4,3
7873,xallar,4,4
7874,xallarına,4,4
7875,xalü,4,4
7876,xanəsini,4,3
7877,xarı,4,4
7878,xas,4,4
7879,xasiyyəti,4,3
7880,xatirin,4,4
7881,xatəmi,4,4
7882,xazini,4,4
7883,xeyrül,4,4
7884,xilaf,4,4
7885,xilafi,4,4
7886,xilqət,4,3
7887,xilqəti,4,3
7888,xizr,4,4
7889,xod,4,3
7890,xor,4,3
7891,xoşhaləm,4,4
7892,xoşzəban,4,3
7893,xu,4,3
7894,xublara,4,4
7895,xudadən,4,3
7896,xudayə,4,4
7897,xunab,4,4
7898,xunbar,4,4
7899,xunin,4,4
7900,xuramanın,4,4
7901,xurşiddən,4,4
7902,xurşidü,4,4
7903,xörək,4,3
7904,xövf,4,3
7905,xövfdən,4,4
7906,xüld,4,4
7907,xüram,4,4
7908,xərabi,4,3
7909,xəs,4,4
7910,xəsyətini,4,4
7911,xəzinə,4,4
7912,yalvardı,4,4
7913,yanaq,4,4
7914,yanaşı,4,4
7915,yandır,4,3
7916,yandıran,4,4
7917,yandırar,4,4
7918,yandırma,4,4
7919,yanlış,4,4
7920,yanmasın,4,4
7921,yansa,4,4
7922,yanşaq,4,4
7923,yanşağın,4,1
7924,yaqut,4,4
7925,yaranmış,4,4
7926,yaratmış,4,4
7927,yaratmışdır,4,4
7928,yaraşmır,4,4
7929,yarinə,4,3
7930,yarlıq,4,4
7931,yarımçıq,4,3
7932,yasdan,4,4
7933,yatdılar,4,4
7934,yatma,4,4
7935,yatmadı,4,4
7936,yatmağa,4,4
7937,yatıb,4,2
7938,yaxamdan,4,4
7939,yaxıb,4,4
7940,yaxşıya,4,4
7941,yaya,4,3
7942,yayda,4,3
7943,yaylar,4,3
7944,yaylağından,4,3
7945,yazar,4,4
7946,yazıbdır,4,4
7947,yazılmış,4,4
7948,yazırdı,4,4
7949,yağar,4,3
7950,yağın,4,4
7951,yaşadı,4,3
7952,yaşasın,4,4
7953,yaşılbaş,4,4
7954,yaşıldı,4,1
7955,yaşımı,4,4
7956,yaşında,4,4
7957,yem,4,3
7958,yerini,4,3
7959,yetib,4,4
7960,yetirir,4,4
7961,yetirə,4,4
7962,yetişdilər,4,2
7963,yetişib,4,4
7964,yetişibsən,4,3
7965,yetişəndən,4,3
7966,yetsəm,4,4
7967,yeyirsən,4,2
7968,yeyirəm,4,4
7969,yidlik,4,2
7970,yidlikdə,4,3
7971,yirmi,4,4
7972,yoldaşını,4,3
7973,yolla,4,3
7974,yollara,4,4
7975,yolların,4,4
7976,yorğan,4,4
7977,yorğun,4,4
7978,yoxdursa,4,4
7979,yoxla,4,4
7980,yoxladım,4,3
7981,yoxmu,4,4
7982,yudu,4,4
7983,yuyar,4,4
7984,yü,4,2
7985,yıxar,4,4
7986,yıxsın,4,4
7987,yıxıbdır,4,4
7988,yıxıldı,4,3
7989,yığır,4,4
7990,yədi,4,4
7991,yеkallar,4,1
7992,yеl,4,3
7993,yеrinin,4,2
7994,yеtir,4,3
7995,yеtirdi,4,3
7996,yеtişə,4,1
7997,yеtişər,4,2
7998,yеtmiş,4,4
7999,yеyibdi,4,3
8000,yоxsa,4,4
8001,zahiri,4,4
8002,zakirəm,4,4
8003,zalımın,4,4
8004,zamandır,4,4
8005,zamanlar,4,4
8006,zamanxan,4,2
8007,zarafatla,4,2
8008,zarın,4,4
8009,zatına,4,4
8010,zaval,4,4
8011,zibil,4,4
8012,zilli,4,3
8013,zillət,4,4
8014,zimistana,4,4
8015,zindanda,4,3
8016,zindanə,4,3
8017,zinəti,4,4
8018,ziyarata,4,2
8019,ziynət,4,2
8020,zövqin,4,4
8021,zövqə,4,4
8022,zülal,4,4
8023,zülmdən,4,4
8024,zəbanı,4,4
8025,zəhməti,4,4
8026,zəhmətin,4,4
8027,zəhra,4,4
8028,zəhrimar,4,4
8029,zəkası,4,4
8030,zəkatı,4,2
8031,zəlilü,4,4
8032,zəlzələ,4,4
8033,zəmani,4,4
8034,zəmən,4,4
8035,zənd,4,2
8036,zəni,4,3
8037,zənnü,4,4
8038,zərli,4,4
8039,zərnişan,4,3
8040,zərəfşan,4,4
8041,zəval,4,4
8042,çadır,4,4
8043,çalmış,4,4
8044,çalxan,4,4
8045,çalışır,4,4
8046,çatdırdı,4,3
8047,çatsın,4,3
8048,çağ,4,4
8049,çağında,4,4
8050,çevrəmdə,4,4
8051,çeşmimə,4,3
8052,çeşmədən,4,3
8053,çindir,4,2
8054,çində,4,4
8055,çinovniklər,4,4
8056,çiynində,4,4
8057,çobanı,4,3
8058,çoxların,4,4
8059,çoxunu,4,3
8060,çoxuydu,4,2
8061,çöhrəsi,4,4
8062,çökər,4,3
8063,çöldə,4,4
8064,çöllərə,4,4
8065,çöp,4,3
8066,çünkim,4,4
8067,çılpaq,4,4
8068,çıxardar,4,4
8069,çıxma,4,3
8070,çıxıbsan,4,3
8071,çəkdir,4,3
8072,çəkilmiş,4,4
8073,çəkin,4,4
8074,çəkmişdi,4,4
8075,çəmənlər,4,4
8076,çəmənə,4,4
8077,çətindi,4,2
8078,çеşmеyi,4,4
8079,öldürmə,4,4
8080,öldürrəm,4,2
8081,öldürən,4,3
8082,ölkə,4,4
8083,ölkədə,4,4
8084,ölümü,4,4
8085,ölə,4,4
8086,ömrdür,4,4
8087,ömrdən,4,4
8088,öpər,4,3
8089,ötüb,4,4
8090,övladi,4,4
8091,övladına,4,4
8092,öyrənib,4,4
8093,öyrənər,4,3
8094,öyrətdi,4,4
8095,öyünə,4,3
8096,özüdür,4,2
8097,özündə,4,3
8098,ülül,4,4
8099,ümidini,4,4
8100,ümmidi,4,4
8101,ümməti,4,4
8102,üqbayə,4,3
8103,üstündür,4,1
8104,üsul,4,4
8105,üzari,4,4
8106,ğazilǝr,4,2
8107,ğiza,4,2
8108,şahdır,4,4
8109,şahlara,4,4
8110,şahmara,4,4
8111,şahına,4,3
8112,şahənşahi,4,4
8113,şama,4,3
8114,şanlı,4,4
8115,şeytanın,4,4
8116,şeytanə,4,2
8117,şeyxül,4,3
8118,şeş,4,4
8119,şiddət,4,4
8120,şiddəti,4,4
8121,şikara,4,4
8122,şikarın,4,4
8123,şimşək,4,3
8124,şin,4,4
8125,şirincə,4,2
8126,şirinliyi,4,3
8127,şirvanda,4,4
8128,şirvanı,4,3
8129,şiə,4,4
8130,şiəliyin,4,1
8131,şoxundan,4,4
8132,şoylə,4,4
8133,şurə,4,3
8134,şuxi,4,4
8135,şöhrət,4,4
8136,şöhrətli,4,4
8137,şǝb,4,3
8138,şǝmi,4,4
8139,şəfaət,4,4
8140,şəfəq,4,4
8141,şəhadət,4,4
8142,şəhpəri,4,4
8143,şək,4,4
8144,şəkkəri,4,4
8145,şəkkərim,4,3
8146,şəklinə,4,4
8147,şəmaxi,4,2
8148,şəmkirdən,4,3
8149,şəmsi,4,4
8150,şəmşiri,4,4
8151,şərafətli,4,2
8152,şərbətim,4,4
8153,şərbətin,4,4
8154,şəriətdə,4,4
8155,şərməndə,4,4
8156,şərü,4,4
8157,şəvəkarda,4,1
8158,şəxsin,4,4
8159,şəyirdimdi,4,2
8160,ǝlindǝn,4,4
8161,əbr,4,4
8162,əbrulər,4,1
8163,əbədiyyət,4,4
8164,əcaib,4,4
8165,ədən,4,4
8166,əfi,4,4
8167,əfsun,4,4
8168,əfzundur,4,4
8169,əhbab,4,4
8170,əhdində,4,4
8171,əhdini,4,4
8172,əhlidir,4,3
8173,əhlisən,4,4
8174,əhmşad,4,1
8175,əhvali,4,4
8176,əhvalıma,4,4
8177,əhvalına,4,4
8178,əjdər,4,4
8179,əkbəri,4,4
8180,əksik,4,4
8181,əlidir,4,3
8182,əlindəki,4,4
8183,əllamə,4,4
8184,əlləri,4,4
8185,əllərində,4,3
8186,əllərinə,4,4
8187,ələsgərdir,4,3
8188,əmini,4,4
8189,əmir,4,4
8190,əmmamə,4,4
8191,əmnü,4,4
8192,əmrin,4,3
8193,əməlin,4,4
8194,ənbərfəşan,4,4
8195,əndama,4,4
8196,əndamına,4,4
8197,əndazə,4,3
8198,əndişə,4,4
8199,əndəlibi,4,4
8200,ənvari,4,4
8201,əqdəm,4,4
8202,əqil,4,4
8203,əridib,4,4
8204,ərkan,4,4
8205,ərkanım,4,4
8206,ərməğan,4,4
8207,ərvahi,4,4
8208,ərşdən,4,4
8209,ərə,4,4
8210,əsası,4,4
8211,əslim,4,4
8212,əslində,4,4
8213,əslini,4,4
8214,əslü,4,4
8215,əsrin,4,3
8216,əssəlam,4,2
8217,ətayi,4,2
8218,ətdən,4,3
8219,ətin,4,4
8220,ətr,4,3
8221,ətrafına,4,4
8222,ətrilə,4,4
8223,ətrim,4,2
8224,ətşan,4,3
8225,ətəyin,4,4
8226,əvam,4,4
8227,əvvəlü,4,4
8228,əvəzdi,4,1
8229,əvəzində,4,3
8230,əydi,4,4
8231,əyi,4,2
8232,əyilib,4,4
8233,əyyamında,4,4
8234,əzayə,4,3
8235,əzazil,4,4
8236,əzizdərim,4,2
8237,əzəm,4,4
8238,еdərəm,4,4
8239,еlədim,4,4
8240,еlədin,4,4
8241,еləmişəm,4,2
8242,еləmək,4,3
8243,еləyin,4,1
8244,еləyirsən,4,3
8245,еləyən,4,2
8246,еtdin,4,1
8247,еtməsin,4,1
8248,еvdən,4,4
8249,еşidən,4,1
8250,еşitdilər,4,3
8251,еşqində,4,4
8252,оd,4,4
8253,хeyli,4,2
8254,хızr,4,4
8255,хəbər,4,3
8256,хəndan,4,4
8257,10,3,3
8258,15,3,3
8259,17,3,3
8260,20,3,3
8261,29,3,3
8262,40,3,3
8263,50,3,3
8264,55,3,2
8265,7,3,3
8266,8,3,3
8267,9,3,3
8268,99_m,3,3
8269,99_muh,3,3
8270,99d,3,3
8271,99k,3,3
8272,99kk,3,3
8273,99mm,3,3
8274,9cl,3,3
8275,9d,3,3
8276,_,3,3
8277,_b,3,3
8278,_formul_iddialar,3,3
8279,_l,3,3
8280,abdala,3,3
8281,abdulla,3,3
8282,abdullanın,3,2
8283,adab,3,3
8284,adamla,3,2
8285,adamlarının,3,2
8286,addasa,3,3
8287,adımı,3,2
8288,adımız,3,3
8289,adəmdə,3,3
8290,adəmsən,3,3
8291,afətdən,3,3
8292,agahdı,3,2
8293,ahın,3,3
8294,ahından,3,2
8295,alaraq,3,3
8296,alaçıqda,3,2
8297,alaçıqdan,3,2
8298,alaçığı,3,3
8299,alaçığın,3,2
8300,alimü,3,3
8301,allahu,3,3
8302,allahə,3,3
8303,almadı,3,3
8304,almanı,3,2
8305,almas,3,2
8306,almışdı,3,3
8307,alovdur,3,3
8308,alt,3,3
8309,altıncı,3,3
8310,altını,3,3
8311,alçaqların,3,3
8312,alü,3,3
8313,alırdılar,3,3
8314,alışdı,3,3
8315,alǝmǝ,3,3
8316,aləmini,3,2
8317,aləminə,3,3
8318,aləmlərə,3,3
8319,anadan,3,3
8320,anasından,3,3
8321,anbar,3,3
8322,ancax,3,1
8323,anlayan,3,3
8324,anu,3,3
8325,anınla,3,3
8326,anə,3,3
8327,aparacam,3,3
8328,aparan,3,3
8329,aparma,3,3
8330,aparmış,3,3
8331,aparın,3,3
8332,aparırdılar,3,3
8333,aralıqda,3,2
8334,aramım,3,3
8335,aran,3,3
8336,arana,3,3
8337,arandan,3,1
8338,arasın,3,2
8339,ariz,3,3
8340,armud,3,1
8341,arslan,3,3
8342,arsız,3,3
8343,artırar,3,3
8344,arxasını,3,3
8345,arxı,3,3
8346,arxında,3,3
8347,arzuladı,3,3
8348,arındı,3,3
8349,arının,3,2
8350,arıya,3,2
8351,asaq,3,2
8352,asibi,3,3
8353,asitanın,3,3
8354,aslandır,3,3
8355,asman,3,3
8356,asmanı,3,3
8357,asıldı,3,3
8358,asılır,3,3
8359,atadan,3,2
8360,atana,3,3
8361,ataş,3,3
8362,atların,3,2
8363,atmış,3,3
8364,atıbdı,3,3
8365,atına,3,3
8366,atəşini,3,3
8367,avazi,3,3
8368,avazı,3,3
8369,axirətin,3,3
8370,axmaq,3,3
8371,axtarsan,3,3
8372,axtarıram,3,3
8373,axtarırdı,3,3
8374,axırını,3,3
8375,ayati,3,3
8376,ayağinə,3,2
8377,ayağımın,3,1
8378,ayin,3,3
8379,aylar,3,3
8380,aynada,3,2
8381,ayrıdır,3,3
8382,ayrılmaq,3,3
8383,ayrılmaz,3,3
8384,ayından,3,3
8385,ayırıb,3,3
8386,azadlıq,3,3
8387,azadə,3,3
8388,azara,3,3
8389,azğın,3,2
8390,azı,3,3
8391,azər,3,3
8392,açandır,3,3
8393,açdın,3,3
8394,açıban,3,3
8395,açılar,3,3
8396,açılıbdır,3,3
8397,açınca,3,3
8398,ağam,3,3
8399,ağardı,3,3
8400,ağaz,3,3
8401,ağlardı,3,3
8402,ağlatdı,3,2
8403,ağlaya,3,2
8404,ağlayıb,3,3
8405,ağlaşdı,3,2
8406,ağsaqqalların,3,3
8407,ağsaqqalı,3,3
8408,ağzım,3,3
8409,ağzındakı,3,3
8410,ağzının,3,3
8411,ağırdır,3,2
8412,ağıya,3,1
8413,aş,3,2
8414,aşağə,3,3
8415,aşdın,3,2
8416,aşiqdən,3,3
8417,aşiqlik,3,3
8418,aşnalıq,3,2
8419,aşüftə,3,3
8420,aşıqdan,3,3
8421,aşıqlara,3,2
8422,aşıqlıqda,3,3
8423,aşıqlığa,3,2
8424,aşıx,3,1
8425,aşığım,3,1
8426,b,3,2
8427,b0srail,3,3
8428,b1__1635,3,3
8429,b6c,3,3
8430,babısan,3,1
8431,baca,3,3
8432,badam,3,3
8433,badü,3,3
8434,badədə,3,2
8435,badəxar,3,2
8436,badəyə,3,3
8437,bahari,3,3
8438,baharım,3,3
8439,bakirə,3,3
8440,baldan,3,3
8441,balıgil,3,1
8442,balın,3,3
8443,balının,3,2
8444,bara,3,3
8445,barilaha,3,3
8446,barışıx,3,1
8447,batin,3,3
8448,batmış,3,3
8449,baxtından,3,1
8450,baxıcının,3,1
8451,baxım,3,3
8452,bayaqdan,3,3
8453,bayda,3,3
8454,bayqu,3,3
8455,bayramalı,3,2
8456,bayıra,3,3
8457,bazarında,3,3
8458,bağdadın,3,3
8459,bağladılar,3,2
8460,bağlamaq,3,2
8461,bağlamasını,3,2
8462,bağlandı,3,3
8463,bağça,3,3
8464,bağıdır,3,3
8465,bağın,3,3
8466,bağını,3,3
8467,bağırsağı,3,2
8468,bağışlar,3,3
8469,bağışlasın,3,3
8470,başdı,3,3
8471,başdır,3,3
8472,başi,3,3
8473,başimə,3,3
8474,başlandı,3,3
8475,başlar,3,3
8476,başlarında,3,3
8477,başlayacam,3,2
8478,başmaq,3,3
8479,başu,3,3
8480,başımın,3,3
8481,başındakı,3,3
8482,belimə,3,3
8483,belində,3,3
8484,belindən,3,3
8485,belədi,3,2
8486,beyin,3,3
8487,beyni,3,2
8488,beytül,3,2
8489,bic,3,2
8490,bican,3,3
8491,bidadə,3,3
8492,bidin,3,3
8493,bijən,3,2
8494,bikar,3,3
8495,bikəsə,3,3
8496,bilmirsənmi,3,2
8497,bilmişdi,3,3
8498,bilmǝzǝm,3,3
8499,bilməyə,3,3
8500,bilməzdi,3,3
8501,bilməzmi,3,3
8502,bilməzsə,3,3
8503,biləndə,3,3
8504,bilərəm,3,3
8505,bimi,3,3
8506,binası,3,3
8507,birincisi,3,3
8508,birisin,3,2
8509,birlikdə,3,3
8510,bismillahir,3,3
8511,bisütun,3,3
8512,bisəbrü,3,3
8513,bitdi,3,3
8514,bitkilər,3,2
8515,bitmədi,3,3
8516,bizar,3,3
8517,bizlə,3,3
8518,bizә,3,1
8519,biçib,3,2
8520,biçini,3,2
8521,biçinə,3,1
8522,biçmək,3,1
8523,bişirdi,3,3
8524,bişək,3,3
8525,biədəb,3,3
8526,blis,3,3
8527,boylə,3,2
8528,boyundur,3,3
8529,boşasam,3,3
8530,boşaya,3,3
8531,bsu,3,3
8532,budaqdan,3,3
8533,budağı,3,3
8534,budağında,3,3
8535,bulaqdan,3,2
8536,bulağın,3,3
8537,bulub,3,3
8538,buludlar,3,2
8539,bunnar,3,2
8540,bunnarın,3,2
8541,buradadır,3,2
8542,buranın,3,2
8543,buraxmadı,3,3
8544,buraxır,3,3
8545,burnu,3,3
8546,burun,3,3
8547,buta,3,2
8548,buxar,3,3
8549,buxağa,3,3
8550,buxağı,3,3
8551,buyurdu,3,3
8552,böhtandır,3,3
8553,bölgü,3,1
8554,böylǝ,3,3
8555,böylədir,3,2
8556,böyükdür,3,3
8557,böyüyüb,3,3
8558,bükük,3,3
8559,bükülmüş,3,3
8560,bükər,3,3
8561,bülbülləri,3,3
8562,bünyadi,3,3
8563,bürhani,3,3
8564,bürüdü,3,3
8565,bürünmək,3,1
8566,bürünür,3,3
8567,büsat,3,3
8568,büsatın,3,3
8569,büsatından,3,2
8570,bütlər,3,3
8571,bǝla,3,2
8572,bǝyani,3,3
8573,bǝzm,3,3
8574,bədi,3,3
8575,bədnam,3,3
8576,bədrin,3,3
8577,bədrü,3,3
8578,bədənindən,3,3
8579,bəha,3,2
8580,bəharım,3,3
8581,bəhram,3,2
8582,bəladən,3,2
8583,bəndeyi,3,3
8584,bəndinə,3,3
8585,bəndü,3,3
8586,bəndən,3,3
8587,bəndəyə,3,3
8588,bəndеyi,3,3
8589,bənnası,3,2
8590,bənziyir,3,1
8591,bənzədən,3,3
8592,bənövşəli,3,3
8593,bəqadən,3,3
8594,bərbət,3,2
8595,bərdar,3,3
8596,bəridir,3,3
8597,bərkdən,3,2
8598,bərxurd,3,3
8599,bərədə,3,3
8600,bəsteyi,3,3
8601,bəvü,3,3
8602,bəxşi,3,3
8603,bəyanı,3,3
8604,bəydir,3,2
8605,bəyliyinə,3,2
8606,bəyənməz,3,3
8607,bəyənsə,3,1
8608,bəzirgan,3,2
8609,bəzlü,3,2
8610,bəzmdən,3,3
8611,bəzmə,3,3
8612,bəzə,3,3
8613,bəzəkli,3,3
8614,bəşirdən,3,3
8615,bəхti,3,3
8616,bеçə,3,3
8617,c3,3,3
8618,cadı,3,2
8619,cadını,3,2
8620,cahandan,3,3
8621,cahildir,3,3
8622,cahili,3,3
8623,cahilü,3,3
8624,camdən,3,3
8625,caminə,3,2
8626,camə,3,3
8627,canani,3,2
8628,canfəzayinə,3,2
8629,canla,3,3
8630,canında,3,3
8631,canından,3,3
8632,cavabdan,3,3
8633,cavabım,3,3
8634,cavahar,3,1
8635,cavanın,3,3
8636,cazə,3,2
8637,cifəsi,3,3
8638,cilovundan,3,3
8639,cilvə,3,3
8640,cim,3,3
8641,cimü,3,2
8642,cin,3,2
8643,cismü,3,3
8644,civə,3,3
8645,ciyəri,3,3
8646,cuş,3,3
8647,cövrin,3,3
8648,cövrünü,3,3
8649,cövrünə,3,3
8650,cümləsindən,3,3
8651,cǝnnǝt,3,3
8652,cəbraili,3,3
8653,cədvəl,3,2
8654,cəfadır,3,3
8655,cəfasından,3,3
8656,cəhul,3,3
8657,cəhənnəmdən,3,3
8658,cəlallı,3,3
8659,cəlalım,3,3
8660,cəlil,3,3
8661,cəlladın,3,3
8662,cəmalü,3,2
8663,cəmdi,3,3
8664,cəmii,3,3
8665,cəmin,3,3
8666,cəmü,3,3
8667,cənazəni,3,1
8668,cənginə,3,1
8669,cəngü,3,3
8670,cənnətül,3,3
8671,dadar,3,3
8672,dadlu,3,3
8673,dairədə,3,3
8674,dalını,3,2
8675,damaqda,3,3
8676,damarlar,3,2
8677,damu,3,3
8678,damı,3,2
8679,damən,3,3
8680,damənindən,3,3
8681,danişmənd,3,3
8682,danışaq,3,3
8683,danışdığı,3,3
8684,danışmaq,3,3
8685,danǝ,3,2
8686,danəndə,3,3
8687,darinə,3,3
8688,dartar,3,3
8689,darğa,3,3
8690,darıdan,3,2
8691,darım,3,3
8692,darıxma,3,3
8693,dastani,3,3
8694,davası,3,3
8695,davud,3,3
8696,davudi,3,3
8697,daxildə,3,3
8698,daxili,3,3
8699,daxilində,3,1
8700,dayana,3,3
8701,dayandınız,3,1
8702,dayım,3,3
8703,dağarcığı,3,3
8704,dağdan,3,2
8705,dağdı,3,3
8706,dağıdı,3,3
8707,dağıla,3,2
8708,dağılar,3,3
8709,dağıstan,3,2
8710,dağıtdı,3,3
8711,daşlara,3,3
8712,daşnaxların,3,1
8713,degilsən,3,1
8714,demǝ,3,3
8715,demədi,3,3
8716,demədin,3,3
8717,deməkdir,3,2
8718,deməli,3,3
8719,demərəm,3,3
8720,deməyi,3,3
8721,deməzsən,3,3
8722,deməzəm,3,3
8723,derdi,3,3
8724,deyibən,3,3
8725,deyillər,3,3
8726,deyərsən,3,3
8727,dibdat,3,2
8728,didara,3,3
8729,didarını,3,3
8730,dikmiş,3,3
8731,dilaram,3,3
8732,dilbilməzin,3,3
8733,dildarın,3,3
8734,dilfikar,3,2
8735,dilidir,3,3
8736,dilimlə,3,3
8737,diliylə,3,3
8738,dillənməyə,3,3
8739,dillər,3,3
8740,dillərdə,3,3
8741,dilşad,3,3
8742,diləyim,3,3
8743,dimdiyində,3,3
8744,dincələ,3,3
8745,dinib,3,1
8746,dirhəm,3,3
8747,dirəxşan,3,3
8748,dirəyi,3,2
8749,divanǝ,3,2
8750,divanədir,3,3
8751,divanəyə,3,3
8752,divarı,3,3
8753,divə,3,3
8754,diyardan,3,3
8755,diyarə,3,3
8756,do,3,2
8757,dodaqlı,3,3
8758,dola,3,3
8759,dolandılar,3,3
8760,dolandırır,3,3
8761,dolanmaz,3,3
8762,doldurar,3,3
8763,dolsa,3,3
8764,dostlardan,3,3
8765,dostlarım,3,3
8766,dovşan,3,2
8767,doğsun,3,3
8768,duanı,3,3
8769,dula,3,3
8770,duram,3,2
8771,durdular,3,3
8772,durmadı,3,3
8773,durmaq,3,2
8774,durmayıb,3,3
8775,durna,3,2
8776,durubdur,3,3
8777,durum,3,3
8778,dusti,3,3
8779,dustlar,3,3
8780,dutdu,3,3
8781,duzəxdə,3,1
8782,döndüm,3,3
8783,döndər,3,3
8784,döndərmə,3,3
8785,dönmərəm,3,2
8786,dönən,3,3
8787,dönəndə,3,3
8788,dönəsən,3,3
8789,dövrandı,3,3
8790,dövranpulu,3,3
8791,dövrə,3,3
8792,döyüb,3,3
8793,döyüşdə,3,3
8794,dözüb,3,3
8795,dözər,3,3
8796,döşündə,3,2
8797,döşəyi,3,3
8798,döşəyə,3,3
8799,dübara,3,3
8800,dükan,3,3
8801,dünyǝvü,3,3
8802,dünənki,3,3
8803,dürdanə,3,3
8804,dürrə,3,3
8805,dürür,3,3
8806,dürəfşanın,3,3
8807,düzmü,3,3
8808,düzmüş,3,3
8809,düzəldib,3,2
8810,düzəldər,3,3
8811,düzəlt,3,3
8812,düzər,3,2
8813,düşdügüm,3,3
8814,düşmana,3,3
8815,düşməndir,3,3
8816,düşmənlərim,3,3
8817,düşməyin,3,3
8818,düşvardır,3,3
8819,düşünürsən,3,3
8820,düşəli,3,3
8821,düşəm,3,3
8822,düşərsə,3,3
8823,dırnağı,3,3
8824,dǝrdindǝn,3,1
8825,dǝrdǝ,3,3
8826,dəccal,3,3
8827,dədən,3,2
8828,dəftərini,3,3
8829,dəfü,3,3
8830,dəhan,3,3
8831,dəhanım,3,2
8832,dəhrəni,3,2
8833,dəmin,3,3
8834,dəmindən,3,3
8835,dəmini,3,2
8836,dənizində,3,2
8837,dəqiqə,3,3
8838,dərdilə,3,3
8839,dərdlə,3,2
8840,dərdmənd,3,3
8841,dərdəm,3,3
8842,dərgaha,3,2
8843,dərgahinə,3,3
8844,dərhəm,3,3
8845,dərini,3,2
8846,dərisindən,3,2
8847,dərmanını,3,3
8848,dərmanə,3,3
8849,dərmə,3,3
8850,dərsü,3,2
8851,dərvişlərin,3,2
8852,dəryadı,3,3
8853,dəryadır,3,3
8854,dəryası,3,3
8855,dərzi,3,3
8856,dəsbədəs,3,3
8857,dəstində,3,3
8858,dəstinlə,3,3
8859,dəvadır,3,3
8860,dəvvar,3,3
8861,dəvənin,3,3
8862,dəxli,3,3
8863,dəyirmansız,3,1
8864,dəyirmançı,3,2
8865,dəymiş,3,3
8866,dəyyar,3,3
8867,dəyə,3,3
8868,dəyən,3,3
8869,dəşt,3,3
8870,dəşti,3,3
8871,dеdiyim,3,3
8872,dеmirəm,3,2
8873,dеmişəm,3,3
8874,dеsəm,3,3
8875,dеyibdi,3,3
8876,dеyiləsi,3,3
8877,dеyişməyə,3,1
8878,dеyənlər,3,2
8879,dеyərlər,3,3
8880,dоlu,3,3
8881,edibdi,3,3
8882,edilmiş,3,2
8883,ediniz,3,1
8884,edirsə,3,3
8885,edələr,3,2
8886,edəni,3,3
8887,ehsanı,3,2
8888,ehsanım,3,3
8889,eko,3,1
8890,elcarı,3,2
8891,elibrary,3,3
8892,elim,3,2
8893,eliyif,3,2
8894,elmini,3,3
8895,elmlər,3,2
8896,eləmək,3,3
8897,en,3,3
8898,endim,3,3
8899,endirdi,3,3
8900,endirib,3,3
8901,erməniləri,3,2
8902,ermənilərin,3,2
8903,erotikası,3,3
8904,etdik,3,3
8905,etdikdə,3,3
8906,etibari,3,3
8907,etibarım,3,3
8908,etiqad,3,3
8909,etmǝ,3,3
8910,etməkdə,3,3
8911,etməsə,3,3
8912,etməsəydi,3,3
8913,etməyən,3,3
8914,evdən,3,3
8915,evlər,3,3
8916,eybin,3,3
8917,eyd,3,3
8918,eyi,3,2
8919,eyləmərəm,3,3
8920,eyləməyib,3,3
8921,eylərmi,3,3
8922,eylә,3,2
8923,eynəl,3,3
8924,eyvan,3,3
8925,eyşim,3,3
8926,ezaz,3,3
8927,eşidənlər,3,2
8928,eşitdim,3,3
8929,eşitgil,3,3
8930,eşitmişdi,3,3
8931,eşqilǝ,3,2
8932,eşqinlə,3,3
8933,faili,3,3
8934,fanidir,3,2
8935,fanidən,3,3
8936,fariğəm,3,3
8937,fasiq,3,3
8938,fateh,3,3
8939,fe,3,3
8940,feyzinə,3,3
8941,fikirlə,3,1
8942,fikirləşdisə,3,2
8943,fikrində,3,3
8944,filmǝsǝl,3,3
8945,filosof,3,1
8946,firdovsi,3,3
8947,firqətə,3,3
8948,firəng,3,3
8949,fitnələr,3,3
8950,fulad,3,2
8951,fövci,3,3
8952,füqəra,3,2
8953,füzəla,3,3
8954,fǝlǝk,3,3
8955,fǝth,3,2
8956,fəhlə,3,3
8957,fələklərə,3,3
8958,fənayi,3,3
8959,fəraqdan,3,2
8960,fəraqi,3,3
8961,fəraqı,3,3
8962,fərasət,3,3
8963,fərda,3,2
8964,fərdi,3,2
8965,fərhadi,3,3
8966,fərhadü,3,3
8967,fərhadın,3,3
8968,fərmanına,3,3
8969,fəryadrəs,3,3
8970,fəryadə,3,2
8971,fərz,3,2
8972,fərş,3,3
8973,fərəhlə,3,3
8974,fəsadi,3,3
8975,fəttan,3,3
8976,fətəhna,3,3
8977,fəzilət,3,2
8978,fəzlə,3,3
8979,gecədir,3,3
8980,gecədən,3,3
8981,gecəsi,3,3
8982,gedincə,3,2
8983,gedirlər,3,3
8984,gedirsən,3,3
8985,gedənin,3,3
8986,gedənlər,3,2
8987,getdik,3,3
8988,getmirəm,3,2
8989,getmədi,3,3
8990,getmərəm,3,3
8991,getməsin,3,3
8992,getməyə,3,3
8993,geyim,3,2
8994,geyimli,3,1
8995,geyindi,3,3
8996,geyinibsən,3,3
8997,geysuyi,3,3
8998,geyər,3,2
8999,gilə,3,2
9000,giryanım,3,2
9001,girər,3,3
9002,gizləndi,3,3
9003,gizlət,3,2
9004,gorən,3,3
9005,gunə,3,3
9006,guşədə,3,3
9007,guşəyə,3,3
9008,gö,3,1
9009,göftarə,3,3
9010,göhnə,3,2
9011,göndərdim,3,3
9012,göndərilən,3,2
9013,göndərirəm,3,3
9014,göndərən,3,2
9015,gördüyü,3,3
9016,gördüyüm,3,3
9017,görmür,3,3
9018,görmüşdür,3,3
9019,görməmək,3,3
9020,görməyibsən,3,3
9021,görürdü,3,3
9022,görüşməyə,3,2
9023,görüşünə,3,3
9024,görəli,3,3
9025,görəni,3,3
9026,görənə,3,2
9027,görərlər,3,3
9028,göstərdim,3,3
9029,göstərmə,3,3
9030,götürdülər,3,3
9031,götürmüş,3,3
9032,götürün,3,3
9033,götürə,3,3
9034,gövhərin,3,3
9035,gövhərisən,3,2
9036,göyçüyə,3,2
9037,göyçəlinin,3,2
9038,gözdür,3,3
9039,gözdədi,3,2
9040,gözlüm,3,3
9041,gözləməyə,3,3
9042,gözlərinin,3,3
9043,gözlərəm,3,3
9044,gözləyə,3,2
9045,gözləyən,3,1
9046,gözüdür,3,3
9047,gözümü,3,3
9048,gözəllərdən,3,3
9049,gözət,3,3
9050,güc,3,3
9051,gücü,3,3
9052,gücüylə,3,3
9053,güdaz,3,3
9054,gülbün,3,3
9055,gülgunə,3,3
9056,gülrux,3,3
9057,gülrüxlər,3,3
9058,gülsitani,3,3
9059,gülsün,3,3
9060,gülsən,3,3
9061,gülxən,3,3
9062,gülzara,3,3
9063,gülzarı,3,3
9064,gülürəm,3,3
9065,gülüstanında,3,2
9066,gülüzarım,3,3
9067,gülşəndir,3,3
9068,gülşənin,3,3
9069,gülən,3,3
9070,gümanım,3,3
9071,gümrah,3,3
9072,gümüşdən,3,3
9073,günahdı,3,3
9074,günahi,3,2
9075,günahkardı,3,3
9076,günahsız,3,3
9077,gündü,3,3
9078,günlük,3,2
9079,günlərin,3,3
9080,günüdür,3,3
9081,günümü,3,3
9082,gününə,3,3
9083,günəşlə,3,3
9084,güzgüyə,3,3
9085,güzəran,3,3
9086,güzəranı,3,3
9087,gǝzǝr,3,3
9088,gə,3,1
9089,gədadır,3,3
9090,gəldiyi,3,3
9091,gəlicək,3,3
9092,gəlim,3,3
9093,gəlirdilər,3,3
9094,gəlirik,3,1
9095,gəlirlər,3,3
9096,gəlirsiniz,3,1
9097,gəlirəm,3,3
9098,gəlmirdi,3,2
9099,gəlmişdisə,3,2
9100,gəlmədilər,3,1
9101,gəlməmişdi,3,3
9102,gəlməyəndə,3,3
9103,gəlsinlər,3,3
9104,gələnə,3,3
9105,gələrdi,3,3
9106,gələrsən,3,3
9107,gələrəm,3,3
9108,gəncin,3,3
9109,gəncü,3,3
9110,gəncəyə,3,2
9111,gərdiş,3,3
9112,gərdənin,3,3
9113,gərmü,3,2
9114,gərəkməzmi,3,3
9115,gətirdim,3,3
9116,gətirdin,3,3
9117,gətiriblər,3,3
9118,gətirmisən,3,1
9119,gətirmədi,3,3
9120,gətirsə,3,2
9121,gətirək,3,3
9122,gəzdirdi,3,3
9123,gəzmək,3,3
9124,gəzsəm,3,3
9125,gəzsən,3,3
9126,gəzərəm,3,2
9127,gеn,3,3
9128,gеtdin,3,3
9129,gеtmişdi,3,3
9130,gеtsən,3,3
9131,gеyib,3,3
9132,gеyindi,3,3
9133,halaldan,3,3
9134,halim,3,3
9135,halimə,3,3
9136,halin,3,3
9137,halinə,3,3
9138,halqası,3,3
9139,halından,3,3
9140,halətdir,3,3
9141,hamını,3,3
9142,hamısından,3,3
9143,harun,3,3
9144,hasar,3,3
9145,havada,3,3
9146,havasıynan,3,1
9147,hazıram,3,3
9148,hazırladı,3,3
9149,hazırlaşdı,3,3
9150,hazırlıq,3,3
9151,haçan,3,2
9152,hekayəti,3,3
9153,heyif,3,3
9154,heyrətdəyəm,3,2
9155,heyvana,3,3
9156,heyvandır,3,2
9157,hicrani,3,3
9158,hicranı,3,3
9159,hicranını,3,3
9160,hicri,3,3
9161,hicrindǝ,3,3
9162,hicrindən,3,2
9163,hicrinə,3,3
9164,hikmətdir,3,3
9165,hikmətdə,3,3
9166,hilalını,3,3
9167,himmət,3,3
9168,himmətim,3,3
9169,hind,3,3
9170,hindustan,3,3
9171,hirsindən,3,1
9172,hiyləgər,3,3
9173,hiylətgər,3,3
9174,html,3,3
9175,humayun,3,3
9176,hurisən,3,3
9177,huriyü,3,3
9178,hökmüylə,3,2
9179,hökmən,3,2
9180,hörmətdi,3,3
9181,hörümçək,3,3
9182,hümmətimin,3,2
9183,hümmətimlə,3,2
9184,hünərdir,3,2
9185,hünərvər,3,3
9186,hüsnünlə,3,3
9187,hüsul,3,3
9188,hüzuruna,3,3
9189,hǝmdǝm,3,2
9190,hǝnuz,3,3
9191,hǝqin,3,2
9192,hǝsrǝtindǝn,3,3
9193,hǝzaran,3,2
9194,həbibi,3,3
9195,həbibin,3,3
9196,həbli,3,3
9197,həbəş,3,3
9198,həddindən,3,3
9199,hədis,3,3
9200,hədisə,3,3
9201,hədiyyə,3,3
9202,hədyana,3,3
9203,hədəfi,3,3
9204,həftədə,3,3
9205,həftəlik,3,3
9206,həkimü,3,2
9207,həlqeyi,3,3
9208,həman,3,2
9209,həmdəmlərin,3,2
9210,həmra,3,3
9211,həmsöhbət,3,3
9212,həmta,3,3
9213,həmzəban,3,3
9214,həməşəlik,3,1
9215,həngamə,3,3
9216,həqarətlə,3,3
9217,həqin,3,3
9218,həqir,3,3
9219,həqqa,3,3
9220,həqqinə,3,3
9221,həqsən,3,3
9222,həqə,3,3
9223,həramilər,3,3
9224,hərcayı,3,3
9225,hərfi,3,3
9226,hərfü,3,3
9227,hərimi,3,3
9228,hərlənib,3,3
9229,hərlənə,3,2
9230,hərəm,3,3
9231,hərəmi,3,3
9232,hərəsinin,3,3
9233,həsari,3,2
9234,həsrətdə,3,3
9235,həsrəti,3,3
9236,həsrətü,3,3
9237,həvasi,3,3
9238,həvəsim,3,3
9239,həvəsin,3,2
9240,həyata,3,3
9241,həyatda,3,3
9242,hе,3,2
9243,hеsabını,3,3
9244,hәcv,3,1
9245,ibadat,3,3
9246,iblis,3,3
9247,ibn,3,3
9248,ibtida,3,3
9249,icrə,3,3
9250,idik,3,3
9251,ifadə,3,3
9252,igidlər,3,2
9253,ikisinin,3,3
9254,ilahə,3,3
9255,ili,3,3
9256,ilim,3,2
9257,illəti,3,3
9258,ilqarı,3,3
9259,iltifatı,3,2
9260,iltimasım,3,3
9261,im,3,3
9262,imamım,3,3
9263,imişsən,3,2
9264,imkanı,3,3
9265,inanma,3,3
9266,inanmaz,3,3
9267,inansın,3,3
9268,incidib,3,2
9269,incitmə,3,3
9270,indiki,3,3
9271,ini,3,3
9272,insani,3,1
9273,insanların,3,3
9274,insanə,3,3
9275,iqbali,3,3
9276,iqbalım,3,3
9277,iqbalın,3,3
9278,iqbalına,3,3
9279,iqdam,3,2
9280,iqrari,3,3
9281,iqrarinə,3,3
9282,irahı,3,3
9283,irağ,3,3
9284,irmək,3,3
9285,irəngi,3,3
9286,irəngim,3,3
9287,isbatı,3,3
9288,islamə,3,3
9289,ismayıl,3,3
9290,istiqamət,3,3
9291,istirahət,3,2
9292,istǝr,3,2
9293,istəkanı,3,2
9294,istənilən,3,1
9295,istərdi,3,3
9296,istəyib,3,3
9297,istəyirdim,3,2
9298,istəyirlər,3,3
9299,istəyirsənsə,3,2
9300,isəm,3,3
9301,itir,3,3
9302,itirdim,3,1
9303,itlərinə,3,3
9304,itər,3,3
9305,iyi,3,3
9306,iyidləri,3,3
9307,izharı,3,3
9308,izharə,3,3
9309,içdikcə,3,3
9310,içdim,3,3
9311,içindǝki,3,3
9312,içindədir,3,3
9313,içindən,3,3
9314,içir,3,2
9315,içirdi,3,3
9316,içirmiş,3,3
9317,içirəm,3,3
9318,içmiş,3,3
9319,işinin,3,2
9320,işlərinin,3,3
9321,işləyir,3,3
9322,işıqlanar,3,1
9323,işıqlı,3,3
9324,jəngar,3,3
9325,kaf,3,3
9326,kafi,3,3
9327,kafərəm,3,3
9328,kakili,3,3
9329,kal,3,3
9330,kalamı,3,3
9331,kaldan,3,3
9332,kamandardı,3,3
9333,kamiyab,3,3
9334,kamə,3,3
9335,kana,3,3
9336,kandır,3,3
9337,kanə,3,3
9338,karivan,3,3
9339,karə,3,3
9340,kasıbdı,3,3
9341,kağıza,3,3
9342,kağızdır,3,3
9343,keçdim,3,3
9344,keçmişdi,3,3
9345,keçmək,3,3
9346,keçməmiş,3,3
9347,keçsə,3,3
9348,keçəl,3,3
9349,keçəndə,3,3
9350,keçəni,3,3
9351,kimlə,3,3
9352,kimlər,3,3
9353,kimsəm,3,3
9354,kimsəni,3,3
9355,kimsә,3,1
9356,kincisi,3,3
9357,kirşan,3,3
9358,kisə,3,3
9359,kisəsi,3,3
9360,kitaba,3,3
9361,kişidən,3,3
9362,kişilik,3,3
9363,kişilərin,3,1
9364,kişisi,3,2
9365,kufədə,3,1
9366,kulis,3,3
9367,kuyə,3,3
9368,kö,3,1
9369,kök,3,2
9370,köksümə,3,3
9371,köksündə,3,3
9372,könlümdǝ,3,3
9373,kötüyü,3,1
9374,kötüyün,3,1
9375,kötüyünün,3,1
9376,kövsərdən,3,3
9377,köynəyinnən,3,2
9378,köynəyə,3,3
9379,közə,3,3
9380,köçdü,3,3
9381,kübar,3,3
9382,kühən,3,3
9383,külfət,3,2
9384,künhü,3,3
9385,küpdə,3,2
9386,kür,3,3
9387,küsüb,3,3
9388,küsülü,3,1
9389,kəbəm,3,3
9390,kəcmədar,3,3
9391,kədxuda,3,1
9392,kədərlə,3,3
9393,kəfa,3,3
9394,kəlamın,3,3
9395,kəlamından,3,3
9396,kəlağayı,3,3
9397,kəlbəcər,3,3
9398,kəlisa,3,3
9399,kələ,3,1
9400,kəmtərin,3,3
9401,kəməndi,3,3
9402,kəməndinə,3,3
9403,kəməndə,3,3
9404,kənarından,3,3
9405,kəndinin,3,3
9406,kəndinnən,3,2
9407,kəndli,3,2
9408,kəndlərin,3,2
9409,kənizi,3,2
9410,kənzi,3,3
9411,kəpəz,3,3
9412,kəpəzdə,3,2
9413,kərbübəla,3,2
9414,kərrə,3,3
9415,kəsdim,3,3
9416,kəsilmirdi,3,2
9417,kəsmək,3,3
9418,kəsra,3,3
9419,kəssin,3,3
9420,kəsəmənə,3,1
9421,kəsəndə,3,2
9422,kəvərə,3,1
9423,kеçdilər,3,3
9424,kеçirib,3,3
9425,kеçə,3,3
9426,kеçəndə,3,3
9427,kеçəndən,3,2
9428,lalədən,3,3
9429,laləgun,3,3
9430,laləm,3,3
9431,lalənin,3,3
9432,layıqdı,3,3
9433,layəzalidir,3,2
9434,lağər,3,1
9435,laşərikə,3,2
9436,leyla,3,3
9437,leylətül,3,3
9438,leysə,3,3
9439,liberalizmi,3,1
9440,lil,3,3
9441,liqadır,3,3
9442,lk,3,3
9443,loğmadan,3,3
9444,loğmani,3,3
9445,loğmanım,3,3
9446,ltimas,3,2
9447,lütflə,3,3
9448,lütfünü,3,3
9449,lǝlin,3,3
9450,lǝşgǝri,3,2
9451,ləblərini,3,3
9452,ləblərinə,3,3
9453,ləh,3,2
9454,ləlini,3,3
9455,ləmyəzəli,3,3
9456,ləqəb,3,2
9457,lərzayə,3,2
9458,lətifin,3,3
9459,ləzzətini,3,3
9460,ləçək,3,3
9461,ləşgəri,3,3
9462,macal,3,3
9463,maha,3,3
9464,mahı,3,3
9465,mahə,3,3
9466,maili,3,3
9467,maldan,3,3
9468,malının,3,3
9469,man,3,3
9470,mane,3,3
9471,mağara,3,3
9472,mehmana,3,3
9473,mehmani,3,3
9474,mehmanı,3,2
9475,mehrabü,3,3
9476,mehrabı,3,3
9477,mehrini,3,3
9478,memarı,3,3
9479,meydanına,3,3
9480,meydir,3,3
9481,meygun,3,3
9482,meyil,3,3
9483,meylin,3,3
9484,meyvələr,3,1
9485,meyvələrin,3,1
9486,meyxanə,3,3
9487,meyxanədə,3,3
9488,meyxanələr,3,3
9489,mikayılı,3,2
9490,milçək,3,3
9491,minbərdən,3,3
9492,minir,3,3
9493,mirati,3,3
9494,mirzələr,3,2
9495,mis,3,3
9496,misalıdır,3,3
9497,miskinə,3,3
9498,miyata,3,3
9499,mişkü,3,3
9500,molladan,3,3
9501,molladı,3,3
9502,mollanı,3,3
9503,mollayə,3,2
9504,moğolçin,3,3
9505,mucibi,3,2
9506,muri,3,3
9507,murov,3,3
9508,musiyi,3,3
9509,musurmannar,3,1
9510,muxtar,3,3
9511,muyin,3,3
9512,muş,3,2
9513,muşi,3,2
9514,möcüz,3,3
9515,möhnətəm,3,3
9516,möhr,3,3
9517,möhrə,3,2
9518,möminlər,3,3
9519,möminəm,3,2
9520,mövci,3,3
9521,mövladan,3,3
9522,mövlam,3,3
9523,mövqe,3,1
9524,mövsimi,3,3
9525,mövzun,3,3
9526,mübin,3,3
9527,müdafiə,3,2
9528,müddətdə,3,2
9529,müjdeyi,3,3
9530,müjganları,3,3
9531,müjən,3,3
9532,mükərrəm,3,3
9533,mülkdür,3,3
9534,mülkinə,3,3
9535,mülkə,3,3
9536,mümkündür,3,3
9537,münkirin,3,3
9538,münəvvərdir,3,3
9539,müqayisə,3,3
9540,müqərrərdir,3,3
9541,müqəyyəd,3,3
9542,mürdə,3,3
9543,mürşidi,3,3
9544,mürəttəb,3,3
9545,müsibətdə,3,3
9546,müsəffa,3,3
9547,müsəlləm,3,3
9548,müsəlsəl,3,3
9549,müsəvvər,3,3
9550,mütləqa,3,3
9551,müxtəsərin,3,3
9552,müxənnətlər,3,3
9553,müztəri,3,3
9554,müzəyyən,3,3
9555,müğan,3,3
9556,müşgül,3,3
9557,müşkildir,3,3
9558,müşkü,3,3
9559,müşkə,3,2
9560,müştaqdı,3,3
9561,müştaqi,3,3
9562,müəmmanı,3,3
9563,mıqıçı,3,1
9564,mǝhbubi,3,3
9565,mǝrdan,3,3
9566,mǝstanǝ,3,2
9567,məaş,3,3
9568,məcazi,3,2
9569,məcid,3,2
9570,məclisdən,3,1
9571,məclisimdə,3,3
9572,məclisindən,3,3
9573,məclislərdə,3,3
9574,məclisləri,3,3
9575,məcməyilər,3,3
9576,məcnunun,3,3
9577,mədaini,3,1
9578,mədrəsə,3,3
9579,məhbub,3,3
9580,məhbublərin,3,3
9581,məhsulu,3,2
9582,məhvi,3,3
9583,məhəbbətdən,3,3
9584,məhəbbətli,3,1
9585,məhəmməddi,3,3
9586,məhərrəmin,3,2
9587,məkana,3,3
9588,məkanə,3,2
9589,məktəbə,3,2
9590,məlakə,3,3
9591,məlalət,3,3
9592,məlhəm,3,3
9593,məlun,3,3
9594,mələki,3,3
9595,mələkzada,3,3
9596,məmləkət,3,2
9597,məmnun,3,3
9598,məmələr,3,3
9599,mənaların,3,3
9600,mənbəyi,3,3
9601,məncə,3,2
9602,məndədir,3,3
9603,məndəki,3,2
9604,mənimdi,3,2
9605,mənimki,3,3
9606,mənsə,3,3
9607,mənzilinə,3,3
9608,mənzur,3,3
9609,mənzuri,3,3
9610,məqalə,3,3
9611,məqami,3,3
9612,məqamın,3,3
9613,məqamə,3,3
9614,məratib,3,3
9615,mərcandı,3,3
9616,mərdlik,3,3
9617,mərdlər,3,3
9618,mərfət,3,3
9619,mərifətli,3,3
9620,mərizi,3,3
9621,mərəzi,3,3
9622,məsuliyyət,3,1
9623,məsələsi,3,3
9624,məsələyə,3,1
9625,mətahın,3,3
9626,mətai,3,2
9627,mətləbini,3,3
9628,mətləbə,3,3
9629,məza,3,2
9630,məzhərdir,3,2
9631,məzlum,3,2
9632,məzmun,3,3
9633,məğlub,3,3
9634,məğribin,3,3
9635,məşqi,3,3
9636,mеhmana,3,3
9637,mеy,3,3
9638,mеydanına,3,3
9639,mеydən,3,3
9640,mеyi,3,3
9641,nabatım,3,3
9642,nabın,3,3
9643,nabə,3,3
9644,nabələd,3,3
9645,nadanlıq,3,2
9646,nadir,3,2
9647,naibi,3,3
9648,nakəsdən,3,3
9649,nakəsin,3,3
9650,nakəsü,3,3
9651,nala,3,3
9652,nam,3,3
9653,nami,3,3
9654,namusü,3,2
9655,namxuda,3,3
9656,namərdi,3,3
9657,nanma,3,3
9658,nanü,3,2
9659,narinə,3,3
9660,narım,3,3
9661,nasağı,3,3
9662,natiq,3,3
9663,natǝvan,3,3
9664,navəkin,3,3
9665,naxoş,3,3
9666,nazı,3,3
9667,nazından,3,3
9668,nağd,3,3
9669,nağıdan,3,1
9670,nağılını,3,3
9671,nece,3,3
9672,nedərəm,3,2
9673,neft,3,2
9674,nemətə,3,3
9675,neylədi,3,3
9676,neştər,3,3
9677,nigari,3,3
9678,nihani,3,3
9679,nikolayın,3,2
9680,nimtənə,3,3
9681,niqabi,3,3
9682,niqabın,3,3
9683,niqabını,3,3
9684,nitqim,3,3
9685,nitqimin,3,3
9686,nitqə,3,3
9687,niyi,3,3
9688,niyyət,3,3
9689,niyyətim,3,3
9690,niyә,3,2
9691,niza,3,3
9692,nizama,3,3
9693,nizə,3,3
9694,nişanım,3,3
9695,nişanın,3,3
9696,nişat,3,3
9697,nkar,3,3
9698,no,3,1
9699,noldu,3,3
9700,nov,3,3
9701,novcavan,3,3
9702,novrəstə,3,3
9703,nuhun,3,3
9704,nurən,3,3
9705,nökəriyəm,3,3
9706,nökərə,3,2
9707,nöqsani,3,3
9708,nöqsanə,3,3
9709,növbahar,3,3
9710,növbəti,3,3
9711,növhə,3,3
9712,növi,3,3
9713,nübüvvət,3,3
9714,nüktə,3,3
9715,nütfeyi,3,3
9716,nütfədən,3,3
9717,nı,3,3
9718,nǝzǝr,3,3
9719,nəbat,3,3
9720,nəcəflə,3,1
9721,nəf,3,3
9722,nəfyi,3,3
9723,nəhnü,3,3
9724,nəmdürür,3,2
9725,nəmər,3,2
9726,nəqqaş,3,3
9727,nəqşinə,3,3
9728,nərgisin,3,3
9729,nərgislərin,3,3
9730,nərgizin,3,3
9731,nəs,3,2
9732,nəsibi,3,3
9733,nəslindən,3,3
9734,nəsəb,3,3
9735,nəticəsi,3,2
9736,nəvayi,3,2
9737,nəzərində,3,3
9738,nəzərlərdən,3,3
9739,nəğməni,3,3
9740,ocağın,3,3
9741,odla,3,3
9742,oların,3,2
9743,olcaq,3,3
9744,oldurur,3,3
9745,olgilən,3,3
9746,olmadılar,3,3
9747,olmadın,3,3
9748,olmalı,3,2
9749,olmalıdır,3,3
9750,olmamışam,3,3
9751,olmaqda,3,3
9752,olmaqla,3,3
9753,olmasam,3,3
9754,olmayaydı,3,3
9755,olmazam,3,3
9756,olmazsan,3,3
9757,olmağı,3,2
9758,olmağına,3,3
9759,olmurdu,3,3
9760,olmuşdular,3,3
9761,olsunlar,3,3
9762,olubam,3,3
9763,oluna,3,3
9764,olundu,3,3
9765,olıcaq,3,3
9766,ondandır,3,3
9767,onnara,3,2
9768,onnarı,3,1
9769,onsuz,3,2
9770,ordusu,3,3
9771,orta,3,3
9772,ortadan,3,3
9773,ortalıqdan,3,3
9774,ortasında,3,3
9775,ortayə,3,3
9776,orucu,3,3
9777,orya,3,2
9778,osman,3,3
9779,otağım,3,3
9780,otlu,3,3
9781,otun,3,3
9782,ovlağında,3,3
9783,ovun,3,3
9784,oxuduğum,3,2
9785,oxuduğun,3,2
9786,oxunur,3,2
9787,oxutdu,3,3
9788,oxutdurdu,3,2
9789,oxuyan,3,3
9790,oxuyandan,3,3
9791,oxşayar,3,2
9792,oyum,3,2
9793,oğlandır,3,3
9794,oğlanlarımdan,3,3
9795,oğlanı,3,2
9796,oğlanə,3,3
9797,oğrunun,3,3
9798,oğruya,3,3
9799,oğulun,3,3
9800,padişahdı,3,3
9801,padşahın,3,3
9802,pakin,3,3
9803,paltarım,3,3
9804,palçığa,3,3
9805,palçığın,3,1
9806,parçası,3,2
9807,pas,3,3
9808,paxıllıq,3,2
9809,payi,3,3
9810,payidar,3,2
9811,payı,3,3
9812,payəsi,3,2
9813,paşaynan,3,1
9814,peymanı,3,3
9815,peymanədən,3,3
9816,peymanəsi,3,3
9817,peyğəmbəri,3,3
9818,peşə,3,3
9819,pirə,3,3
9820,pisliklə,3,3
9821,pisliyini,3,2
9822,pisə,3,3
9823,pişiklər,3,1
9824,pişiyə,3,2
9825,plovu,3,3
9826,pozan,3,3
9827,pozar,3,3
9828,pozma,3,2
9829,pozulmasın,3,3
9830,puli,3,3
9831,pulları,3,1
9832,pulsuz,3,3
9833,pulun,3,3
9834,pünhanə,3,3
9835,pürçindir,3,2
9836,püşti,3,3
9837,pəhləvan,3,3
9838,pələnglər,3,2
9839,pənahına,3,3
9840,pənbeyi,3,3
9841,pərdədə,3,3
9842,pərdəsiz,3,3
9843,pəridən,3,2
9844,pərim,3,3
9845,pərisi,3,2
9846,pərivəşlər,3,3
9847,pərişanım,3,3
9848,pərkalə,3,2
9849,pəyəyə,3,2
9850,pеykan,3,3
9851,pеyğəmbər,3,3
9852,qabaqlaşdılar,3,3
9853,qabar,3,3
9854,qabağını,3,3
9855,qabı,3,3
9856,qabırğası,3,2
9857,qabə,3,3
9858,qadan,3,2
9859,qadirü,3,3
9860,qafiyədə,3,1
9861,qalada,3,3
9862,qaladan,3,3
9863,qaldıq,3,3
9864,qaldıra,3,3
9865,qalmamışdı,3,3
9866,qalmaq,3,3
9867,qalmağa,3,3
9868,qalxan,3,3
9869,qalıblar,3,3
9870,qalım,3,3
9871,qanacağı,3,2
9872,qanadında,3,3
9873,qanar,3,3
9874,qandım,3,3
9875,qannıkənddən,3,1
9876,qanğı,3,3
9877,qarabağa,3,3
9878,qaralı,3,1
9879,qaraqoyunlu,3,2
9880,qarası,3,3
9881,qardaşına,3,3
9882,qarnı,3,2
9883,qarqar,3,1
9884,qarşıdan,3,3
9885,qarşına,3,3
9886,qarətə,3,3
9887,qasidi,3,3
9888,qatlan,3,3
9889,qatsın,3,2
9890,qatır,3,3
9891,qaydada,3,2
9892,qaymağı,3,3
9893,qaynanana,3,2
9894,qaynayıb,3,3
9895,qaytar,3,3
9896,qayğı,3,2
9897,qayıtsın,3,3
9898,qayəti,3,3
9899,qaza,3,3
9900,qazaxda,3,2
9901,qaçaqlar,3,1
9902,qaçmağa,3,3
9903,qaçqın,3,1
9904,qaşinə,3,3
9905,qaşlarından,3,3
9906,qaşlı,3,3
9907,qaşının,3,3
9908,qeybdən,3,3
9909,qeybi,3,3
9910,qeydin,3,3
9911,qeydini,3,3
9912,qeys,3,3
9913,qeyz,3,3
9914,qibləsi,3,3
9915,qibləyə,3,3
9916,qiyamətdə,3,3
9917,qiyamətin,3,3
9918,qiymətim,3,3
9919,qocaya,3,1
9920,qolumu,3,3
9921,qolunu,3,2
9922,qonaqlara,3,3
9923,qonaqların,3,2
9924,qonaqçı,3,3
9925,qonmaz,3,3
9926,qopan,3,2
9927,qoru,3,3
9928,qorx,3,3
9929,qorxur,3,3
9930,qorxuya,3,3
9931,qovun,3,2
9932,qovuşsun,3,3
9933,qovğadan,3,2
9934,qovğayi,3,3
9935,qoxur,3,3
9936,qoyarsan,3,3
9937,qoymadın,3,3
9938,qoymamışdı,3,3
9939,qoymazlar,3,3
9940,qoynuna,3,3
9941,qoynunda,3,3
9942,qoysun,3,3
9943,qoyundan,3,3
9944,qoş,3,3
9945,qoşdu,3,3
9946,qoşqarın,3,2
9947,qoşub,3,3
9948,qoşun,3,2
9949,qu,3,3
9950,qubar,3,2
9951,qucaqlayıb,3,3
9952,qulamı,3,2
9953,qulağında,3,3
9954,quli,3,3
9955,quluyam,3,3
9956,qumri,3,3
9957,quranda,3,3
9958,qurar,3,3
9959,qurbaninin,3,2
9960,qurbannan,3,1
9961,qurbanə,3,3
9962,qurda,3,3
9963,qurdular,3,3
9964,qurtaran,3,3
9965,qurtardım,3,3
9966,qurtardın,3,3
9967,qurtarmaq,3,3
9968,qurtarıb,3,3
9969,qurub,3,3
9970,qurular,3,3
9971,qurulmuş,3,3
9972,qurulsun,3,3
9973,qurur,3,3
9974,qurğular,3,3
9975,qurşanıb,3,3
9976,qurşun,3,3
9977,quyusuna,3,2
9978,quşam,3,3
9979,quşları,3,3
9980,quşların,3,3
9981,qönçəvü,3,3
9982,qönçеyi,3,3
9983,qövmə,3,2
9984,qüdrətdəndi,3,3
9985,qüdrətindən,3,3
9986,qüds,3,3
9987,qüdsdən,3,3
9988,qüllabi,3,3
9989,qürbi,3,3
9990,qüsl,3,3
9991,qüvveyi,3,3
9992,qılca,3,3
9993,qıldıqca,3,3
9994,qıllı,3,2
9995,qılmadın,3,3
9996,qılmandı,3,3
9997,qılmazam,3,3
9998,qılmazsan,3,3
9999,qılmışdır,3,3
10000,qılıncın,3,2
10001,qılıram,3,3
10002,qılırlar,3,3
10003,qınamasın,3,3
10004,qırsın,3,3
10005,qırxlar,3,2
10006,qırıb,3,3
10007,qırıq,3,3
10008,qıvrım,3,2
10009,qıymadım,3,3
10010,qızardı,3,3
10011,qızdırma,3,3
10012,qızları,3,3
10013,qızıla,3,3
10014,qızıldır,3,2
10015,qızıllar,3,2
10016,qızılvəngdə,3,1
10017,qǝm,3,2
10018,qəba,3,3
10019,qəbr,3,3
10020,qəbrim,3,3
10021,qəbrin,3,3
10022,qəbrə,3,3
10023,qədimi,3,3
10024,qədir,3,3
10025,qədrim,3,3
10026,qədəri,3,3
10027,qəfil,3,3
10028,qəfər,3,1
10029,qəfəsi,3,3
10030,qəhrin,3,3
10031,qəhrü,3,3
10032,qəlbindəki,3,2
10033,qəlbinin,3,3
10034,qəltani,3,3
10035,qələmli,3,3
10036,qələtdir,3,3
10037,qəmində,3,3
10038,qəmini,3,2
10039,qəminə,3,3
10040,qəmzədən,3,3
10041,qəmərin,3,2
10042,qəndi,3,3
10043,qəradən,3,3
10044,qərarı,3,3
10045,qərarımı,3,3
10046,qərarına,3,2
10047,qərb,3,3
10048,qərbə,3,3
10049,qəribi,3,2
10050,qəsr,3,3
10051,qəssab,3,2
10052,qəssabın,3,3
10053,qət,3,3
10054,qətlimə,3,3
10055,qəvvasi,3,3
10056,qəzayə,3,3
10057,qəzəbindən,3,3
10058,qəşəngdir,3,2
10059,qоy,3,2
10060,rah,3,3
10061,rahin,3,3
10062,razini,3,3
10063,razü,3,3
10064,rifəti,3,3
10065,rindi,3,3
10066,riyadır,3,3
10067,rizvanım,3,3
10068,ruhə,3,3
10069,rumə,3,3
10070,ruyindən,3,3
10071,ruzgarım,3,3
10072,ruzisi,3,3
10073,rövzə,3,3
10074,rümuzi,3,3
10075,rümuzun,3,3
10076,rüxsarında,3,3
10077,rüxsarını,3,3
10078,rəbb,3,2
10079,rəfiq,3,3
10080,rəh,3,3
10081,rəhmani,3,3
10082,rəhmanir,3,3
10083,rəkət,3,3
10084,rəmə,3,2
10085,rəngbərəng,3,2
10086,rəngə,3,3
10087,rəqs,3,2
10088,rəsul,3,3
10089,rəsuli,3,3
10090,rəsulzadənin,3,1
10091,rəvayət,3,2
10092,rəvişi,3,3
10093,rəxtini,3,3
10094,rəxşandan,3,3
10095,rəxşi,3,3
10096,rəşkdən,3,3
10097,rеyhan,3,3
10098,sacid,3,2
10099,sahibidir,3,3
10100,sahibinə,3,3
10101,sahibləri,3,3
10102,sahibnəzər,3,3
10103,sair,3,2
10104,sairi,3,2
10105,salamat,3,2
10106,salaram,3,3
10107,salatın,3,3
10108,sallam,3,3
10109,salmadı,3,3
10110,salmağa,3,3
10111,salmır,3,3
10112,salmışdı,3,2
10113,salırlar,3,3
10114,sanım,3,3
10115,sanıram,3,3
10116,saqidən,3,3
10117,saqqalın,3,2
10118,saraldı,3,2
10119,saralı,3,3
10120,sarıdaşlı,3,2
10121,sarıyaldan,3,2
10122,satacam,3,1
10123,satdılar,3,3
10124,satmaq,3,3
10125,savalanın,3,3
10126,saxladılar,3,2
10127,saxlamaq,3,3
10128,saxlaram,3,3
10129,saxlayar,3,3
10130,saxlayıb,3,3
10131,saxlayın,3,3
10132,saxlayır,3,3
10133,saxsağan,3,2
10134,sayaq,3,3
10135,sayar,3,3
10136,saydığın,3,3
10137,sayi,3,3
10138,saymaz,3,3
10139,sayğısız,3,3
10140,sayıl,3,3
10141,sayılam,3,2
10142,sayılan,3,3
10143,sayır,3,3
10144,sayəsi,3,3
10145,sazsız,3,3
10146,saçan,3,3
10147,saçaram,3,3
10148,saçların,3,3
10149,saçsın,3,3
10150,saçına,3,3
10151,sağa,3,3
10152,sağlamlıq,3,2
10153,sağlıq,3,2
10154,sağılır,3,1
10155,saǝt,3,3
10156,se,3,1
10157,sekil,3,3
10158,sevdalı,3,3
10159,sevdasinə,3,2
10160,sevinc,3,2
10161,seyqəl,3,3
10162,seçdim,3,3
10163,sidqi,3,3
10164,sidqilə,3,3
10165,sifatın,3,3
10166,silah,3,3
10167,silkinib,3,3
10168,silsileyi,3,3
10169,simab,3,3
10170,siması,3,3
10171,simtǝn,3,3
10172,sinaya,3,1
10173,sinəni,3,3
10174,sinənə,3,3
10175,sinəsin,3,3
10176,sipahi,3,3
10177,siratdan,3,3
10178,sirdir,3,3
10179,sirişkimdən,3,3
10180,sirləri,3,3
10181,sirrim,3,3
10182,sitarə,3,3
10183,sitəmdən,3,3
10184,sitəmkara,3,3
10185,siçanlar,3,2
10186,siğə,3,2
10187,smayılla,3,1
10188,solu,3,3
10189,sonalar,3,3
10190,sonradan,3,3
10191,sonu,3,3
10192,soraq,3,3
10193,sorar,3,3
10194,sorağı,3,3
10195,sorağın,3,2
10196,sordun,3,2
10197,soruldu,3,3
10198,soruşma,3,3
10199,sorğu,3,2
10200,sovqat,3,3
10201,soyar,3,2
10202,soyarlar,3,2
10203,soyun,3,3
10204,stərsən,3,3
10205,suala,3,3
10206,sualın,3,3
10207,subay,3,3
10208,sufiyi,3,3
10209,sultandır,3,3
10210,sultanlar,3,3
10211,sundu,3,2
10212,sursat,3,3
10213,suru,3,3
10214,surətü,3,3
10215,surətə,3,3
10216,sus,3,1
10217,suyum,3,3
10218,suzandır,3,3
10219,suzü,3,3
10220,söhbətdən,3,3
10221,söhbətin,3,2
10222,söndürüb,3,3
10223,söndürər,3,3
10224,sövdə,3,2
10225,sövmü,3,3
10226,söykənə,3,1
10227,söyləmiş,3,2
10228,söyləmə,3,3
10229,söylərəm,3,3
10230,söyləyirlər,3,2
10231,sözlərdən,3,3
10232,sözlərimdə,3,3
10233,sözlərə,3,3
10234,sözüdür,3,3
10235,sözümlə,3,3
10236,sübhanı,3,3
10237,sübhdən,3,3
10238,süfati,3,3
10239,süfrəsində,3,3
10240,süheyl,3,3
10241,süleymana,3,3
10242,sünbülüm,3,3
10243,sünbülündən,3,3
10244,sür,3,3
10245,sürdü,3,3
10246,sürmələr,3,3
10247,sürməsi,3,3
10248,sürməsin,3,3
10249,sürtər,3,3
10250,sürudi,3,3
10251,sürünür,3,3
10252,sürər,3,3
10253,süst,3,3
10254,sütun,3,2
10255,süzülmüş,3,3
10256,sınar,3,2
10257,sǝadǝt,3,3
10258,sǝd,3,2
10259,sǝfa,3,3
10260,sǝnsiz,3,2
10261,səadətdir,3,3
10262,səb,3,2
10263,səbuh,3,3
10264,səcdəyə,3,3
10265,sədaqətli,3,3
10266,sədayi,3,3
10267,sədd,3,3
10268,sədəqə,3,3
10269,səfhə,3,1
10270,səfəroğlu,3,2
10271,səg,3,3
10272,səhab,3,3
10273,səhba,3,3
10274,səhi,3,3
10275,səhnində,3,3
10276,səhnəbanını,3,1
10277,səhra,3,3
10278,səhərdə,3,3
10279,səhərə,3,3
10280,səid,3,3
10281,səlsəbil,3,3
10282,səmtinə,3,2
10283,səmənsayə,3,3
10284,səmərqənd,3,2
10285,səna,3,3
10286,sənan,3,3
10287,səngə,3,3
10288,səpib,3,3
10289,səra,3,3
10290,sərdari,3,3
10291,sərgəşteyi,3,3
10292,sərmayeyi,3,3
10293,sərmayə,3,3
10294,sərrafam,3,3
10295,sərrafın,3,3
10296,sərvərə,3,3
10297,səsin,3,2
10298,səsindən,3,3
10299,səsinə,3,3
10300,səxalı,3,3
10301,səxavətdir,3,1
10302,səxavətin,3,3
10303,səxt,3,3
10304,səyrişir,3,3
10305,səyyar,3,3
10306,sеvdaya,3,3
10307,sеvdi,3,3
10308,sеyrə,3,2
10309,tabanım,3,3
10310,tabeyi,3,2
10311,tabu,3,3
10312,tacü,3,3
10313,taha,3,3
10314,tamahın,3,3
10315,tamaşayi,3,3
10316,tamı,3,3
10317,tani,3,2
10318,tanriçün,3,3
10319,tanrıçün,3,3
10320,tanımadığı,3,3
10321,tanış,3,2
10322,taparsan,3,3
10323,tapdılar,3,3
10324,tapdın,3,3
10325,tapım,3,3
10326,tapşırdılar,3,3
10327,tapşırmışdı,3,2
10328,tapşırıb,3,3
10329,taqəti,3,3
10330,tarixi,3,1
10331,tarın,3,3
10332,tatara,3,3
10333,tatarım,3,3
10334,tava,3,2
10335,tavaqqam,3,3
10336,tavus,3,3
10337,taxtına,3,3
10338,tazǝ,3,3
10339,tağına,3,3
10340,taəti,3,3
10341,tek,3,3
10342,tezcə,3,3
10343,tibyan,3,2
10344,tifil,3,3
10345,tikəni,3,3
10346,tila,3,3
10347,tirədən,3,3
10348,titrər,3,3
10349,titrəşir,3,3
10350,tolerant,3,1
10351,topraq,3,3
10352,torpaqdır,3,3
10353,torpağam,3,3
10354,torpağınam,3,3
10355,tovuz,3,3
10356,toxuna,3,2
10357,toxunub,3,1
10358,toxur,3,3
10359,toyun,3,2
10360,toyunda,3,3
10361,tozuna,3,3
10362,tul,3,3
10363,tulani,3,2
10364,turabı,3,3
10365,turun,3,2
10366,tutaq,3,3
10367,tutaraq,3,3
10368,tutardı,3,3
10369,tutarlı,3,3
10370,tutarmı,3,3
10371,tutiyəm,3,3
10372,tutmalı,3,3
10373,tutmasan,3,3
10374,tutmasın,3,3
10375,tutmağa,3,3
10376,tutmuşdur,3,3
10377,tutsam,3,3
10378,tutular,3,3
10379,tutulub,3,3
10380,tutun,3,2
10381,tutur,3,3
10382,tutuşmuş,3,3
10383,töhməti,3,3
10384,tökdi,3,3
10385,tökdülər,3,3
10386,tökdün,3,3
10387,tövfiqi,3,2
10388,tövlədən,3,3
10389,tövqi,3,3
10390,tövr,3,3
10391,tükü,3,3
10392,tüküm,3,3
10393,tülküyə,3,2
10394,türab,3,3
10395,türkcə,3,2
10396,türkmən,3,3
10397,türrеyi,3,3
10398,tütün,3,3
10399,tüyurə,3,1
10400,tısbağa,3,1
10401,təbah,3,3
10402,təbir,3,1
10403,təbrizə,3,3
10404,təcdidi,3,2
10405,təcərrüd,3,3
10406,tədric,3,3
10407,təhsil,3,3
10408,təhəmmül,3,3
10409,təkbir,3,3
10410,təkdi,3,3
10411,təkəllüm,3,3
10412,təlaş,3,3
10413,təlimi,3,3
10414,təmami,3,3
10415,tənbur,3,3
10416,təneyi,3,3
10417,tənəsi,3,3
10418,təpəsinə,3,3
10419,təqdim,3,2
10420,tərdir,3,3
10421,tərh,3,3
10422,tərifləri,3,3
10423,tərifləyir,3,2
10424,təriqilə,3,3
10425,təriqin,3,3
10426,tərkibi,3,3
10427,tərlana,3,3
10428,tərlanı,3,3
10429,tərlanım,3,3
10430,tərpənişi,3,2
10431,tərrarə,3,3
10432,tərə,3,3
10433,tərəb,3,3
10434,tərəfdar,3,3
10435,tərəzi,3,3
10436,təsbeh,3,2
10437,təsbihi,3,3
10438,təsiri,3,3
10439,təskin,3,3
10440,təsviri,3,3
10441,təsxiri,3,3
10442,təsəlli,3,3
10443,təvazölə,3,3
10444,təvil,3,3
10445,təxt,3,2
10446,təxtinə,3,3
10447,təyəmmüm,3,3
10448,təzvir,3,3
10449,təzələndi,3,3
10450,təzəsini,3,3
10451,təşxis,3,3
10452,təəb,3,3
10453,tоrpaq,3,1
10454,ucadır,3,3
10455,ucuz,3,3
10456,uddu,3,3
10457,udmuş,3,2
10458,udun,3,3
10459,un,3,3
10460,urub,3,3
10461,usana,3,3
10462,usanam,3,3
10463,usandım,3,3
10464,usanmaz,3,3
10465,ustadın,3,3
10466,ustadının,3,2
10467,utan,3,3
10468,utana,3,3
10469,utanar,3,3
10470,utanma,3,3
10471,uymaz,3,3
10472,uyğun,3,2
10473,uzanır,3,3
10474,uzatma,3,3
10475,uzunu,3,3
10476,uçan,3,3
10477,uğradı,3,3
10478,uğramadı,3,2
10479,uşaqların,3,3
10480,vaizin,3,3
10481,valeh,3,3
10482,varid,3,3
10483,varrı,3,2
10484,vaveyla,3,3
10485,vaxtdır,3,3
10486,vaxtıdır,3,3
10487,vaxtım,3,3
10488,vayi,3,3
10489,vaçı,3,3
10490,verdik,3,3
10491,veribdi,3,3
10492,verin,3,3
10493,vermir,3,3
10494,vermişlər,3,2
10495,verməmiş,3,3
10496,verməyib,3,3
10497,versəm,3,3
10498,verək,3,3
10499,verəndə,3,3
10500,verərlər,3,3
10501,vird,3,3
10502,visal,3,3
10503,viyi,3,3
10504,vizrü,3,3
10505,vurhavur,3,3
10506,vurmuşdu,3,3
10507,vursan,3,3
10508,vursun,3,3
10509,vüsalına,3,3
10510,vüslət,3,3
10511,vǝsl,3,3
10512,vəcdə,3,3
10513,vəchdən,3,3
10514,vəfasız,3,2
10515,vəfasızdır,3,3
10516,vəfat,3,3
10517,vəhdəti,3,3
10518,vəhmim,3,3
10519,vər,3,3
10520,vərə,3,3
10521,vəsfinə,3,3
10522,vəslində,3,3
10523,vəslinin,3,3
10524,vəslinlə,3,2
10525,vətəni,3,3
10526,vəzirdən,3,3
10527,vеrməz,3,3
10528,vеrsəniz,3,2
10529,vеrək,3,3
10530,xalin,3,3
10531,xalinə,3,3
10532,xaliqin,3,3
10533,xalis,3,3
10534,xalına,3,3
10535,xalından,3,3
10536,xalə,3,3
10537,xamə,3,3
10538,xanimanımdan,3,3
10539,xanlar,3,1
10540,xanımdan,3,2
10541,xanın,3,3
10542,xanına,3,3
10543,xanədən,3,3
10544,xaqanə,3,3
10545,xasiyyətlər,3,1
10546,xası,3,3
10547,xatirimdən,3,3
10548,xatirnişan,3,3
10549,xatirə,3,2
10550,xatəm,3,3
10551,xayış,3,2
10552,xaşaki,3,3
10553,xeber_,3,3
10554,xeybər,3,3
10555,xeylü,3,3
10556,xeymə,3,2
10557,xeyrinə,3,3
10558,xeyrə,3,3
10559,xidməti,3,3
10560,xidmətin,3,3
10561,xidmətində,3,3
10562,xirməni,3,3
10563,xişmə,3,3
10564,xoy,3,1
10565,xoşdu,3,3
10566,xudanın,3,2
10567,xudavənda,3,3
10568,xumarı,3,3
10569,xurşidbanu,3,1
10570,xötǝn,3,3
10571,xülqi,3,3
10572,xümi,3,3
10573,xümsü,3,3
10574,xürrəmü,3,3
10575,xırd,3,3
10576,xızra,3,3
10577,xızrın,3,3
10578,xǝrab,3,3
10579,xǝta,3,3
10580,xǝtadır,3,3
10581,xǝtainin,3,3
10582,xə,3,1
10583,xədənginə,3,2
10584,xəlvətcə,3,3
10585,xəlvətdə,3,3
10586,xəncərin,3,2
10587,xəndanın,3,3
10588,xəndanə,3,3
10589,xərci,3,2
10590,xəstələndi,3,2
10591,xəstələrə,3,1
10592,xəsü,3,3
10593,xətai,3,3
10594,xətibi,3,2
10595,xətirinə,3,3
10596,xəttin,3,3
10597,xəttini,3,3
10598,xəttinə,3,3
10599,xətəri,3,3
10600,xəzran,3,1
10601,yadi,3,3
10602,yadı,3,3
10603,yadın,3,3
10604,yadında,3,2
10605,yahya,3,1
10606,yal,3,3
10607,yalın,3,3
10608,yamanlıq,3,2
10609,yanaqları,3,3
10610,yanarsan,3,1
10611,yandırdın,3,3
10612,yanmaz,3,3
10613,yanmışam,3,2
10614,yanmışdır,3,3
10615,yanındakı,3,2
10616,yanıqlı,3,2
10617,yanşaqda,3,1
10618,yanşaqdan,3,2
10619,yapış,3,3
10620,yapışdım,3,3
10621,yapışma,3,3
10622,yaralar,3,3
10623,yaranıb,3,3
10624,yarar,3,3
10625,yaraşmaz,3,3
10626,yaraşığı,3,3
10627,yarpaq,3,2
10628,yarıma,3,2
10629,yarımdan,3,3
10630,yarımçıx,3,1
10631,yarımın,3,3
10632,yarından,3,3
10633,yarǝ,3,2
10634,yarǝb,3,3
10635,yarədir,3,1
10636,yasa,3,3
10637,yatanda,3,3
10638,yatar,3,3
10639,yatmadım,3,3
10640,yatmaq,3,3
10641,yatır,3,3
10642,yavaşca,3,3
10643,yavuz,3,3
10644,yaxasın,3,3
10645,yaxasını,3,3
10646,yaxma,3,3
10647,yaxınlaşıb,3,3
10648,yayi,3,3
10649,yayı,3,3
10650,yayından,3,3
10651,yayını,3,3
10652,yazanda,3,2
10653,yazaram,3,3
10654,yazarlar,3,3
10655,yazdığım,3,3
10656,yazmağa,3,3
10657,yazsın,3,3
10658,yazılıb,3,3
10659,yazım,3,3
10660,yazıram,3,3
10661,yağdı,3,3
10662,yaşayan,3,2
10663,yaşdı,3,3
10664,yaşinə,3,3
10665,yaşları,3,3
10666,yaşlı,3,3
10667,yaşımla,3,2
10668,yaşınıb,3,3
10669,yaşının,3,3
10670,yaşıyla,3,2
10671,ye,3,2
10672,yediyi,3,3
10673,yediyin,3,2
10674,yeganə,3,3
10675,yek,3,2
10676,yekə,3,3
10677,yelləri,3,3
10678,yemǝn,3,3
10679,yeməz,3,3
10680,yenǝ,3,2
10681,yerbəyerdən,3,3
10682,yerdǝ,3,3
10683,yerli,3,3
10684,yersiz,3,2
10685,yerǝ,3,3
10686,yetdik,3,2
10687,yetirdim,3,3
10688,yetirməz,3,3
10689,yetirsin,3,3
10690,yetirən,3,3
10691,yetişdim,3,3
10692,yetişsin,3,3
10693,yetmədim,3,3
10694,yetmək,3,3
10695,yetməyib,3,3
10696,yetsin,3,3
10697,yetsə,3,3
10698,yetənə,3,3
10699,yidlər,3,3
10700,yollarda,3,3
10701,yolum,3,2
10702,yolundan,3,3
10703,yorulub,3,3
10704,yoxdurur,3,3
10705,yoxluq,3,3
10706,yoxumdu,3,2
10707,yoxumdur,3,3
10708,yoxuş,3,3
10709,yoza,3,2
10710,yozdu,3,2
10711,yum,3,2
10712,yumub,3,2
10713,yumurta,3,3
10714,yumşaldı,3,3
10715,yumşaq,3,3
10716,yurdunda,3,3
10717,yuxusundan,3,3
10718,yuz,3,2
10719,yönünü,3,3
10720,yüklü,3,3
10721,yükünü,3,3
10722,yürəgimi,3,3
10723,yüzdə,3,3
10724,yüzinǝ,3,2
10725,yüzüm,3,2
10726,yüzünə,3,3
10727,yığ,3,3
10728,yığnağa,3,3
10729,yığılan,3,2
10730,yəhya,3,2
10731,yəqindir,3,3
10732,yəqinimdir,3,2
10733,yəqinin,3,2
10734,yəqub,3,3
10735,yəğmaladı,3,3
10736,yəğmayi,3,3
10737,yəğmayə,3,3
10738,yеdi,3,2
10739,yеmək,3,2
10740,yеrini,3,3
10741,yеrlərini,3,2
10742,yеtirə,3,2
10743,yеtiş,3,3
10744,yеtişəndə,3,3
10745,yоlda,3,3
10746,zahidlər,3,3
10747,zahidə,3,3
10748,zalimü,3,3
10749,zamanı,3,3
10750,zarafat,3,1
10751,zarımdan,3,3
10752,zavallı,3,3
10753,zağ,3,3
10754,zibadır,3,3
10755,zibayə,3,3
10756,zibh,3,3
10757,zincirlidə,3,1
10758,zindani,3,3
10759,zindanın,3,3
10760,zivər,3,3
10761,ziyanı,3,2
10762,ziyanın,3,3
10763,ziynəti,3,3
10764,zorla,3,1
10765,zur,3,3
10766,zöhrəni,3,3
10767,zöhrənin,3,1
10768,zövqindən,3,3
10769,zövqün,3,3
10770,zü,3,1
10771,zülfini,3,3
10772,zülfünüz,3,3
10773,zülmat,3,3
10774,zülmündən,3,1
10775,zülmətin,3,3
10776,zümrüd,3,3
10777,züniar,3,1
10778,zǝrrin,3,1
10779,zəf,3,3
10780,zəhmətim,3,3
10781,zəhrimara,3,2
10782,zəhərdir,3,3
10783,zəkat,3,3
10784,zəlalət,3,3
10785,zəminü,3,3
10786,zən,3,3
10787,zənana,3,3
10788,zənbil,3,2
10789,zəncirü,3,3
10790,zənəxdanə,3,3
10791,zərbi,3,3
10792,zərbə,3,3
10793,zərdü,3,3
10794,zərdən,3,3
10795,zərgər,3,3
10796,zərlə,3,3
10797,zərreyi,3,2
10798,zərzibil,3,2
10799,zəxm,3,2
10800,çahar,3,1
10801,çakəri,3,3
10802,çaldım,3,3
10803,çalım,3,3
10804,çalışırlar,3,1
10805,çap,3,3
10806,çarvadar,3,3
10807,çarıx,3,1
10808,çarığını,3,1
10809,çarəsi,3,3
10810,çata,3,3
10811,çatmadan,3,3
10812,çatmaq,3,3
10813,çatmışdı,3,3
10814,çatır,3,3
10815,çatırlar,3,2
10816,çaxar,3,3
10817,çayda,3,3
10818,çaylar,3,3
10819,çayçörəkdən,3,3
10820,çayı,3,3
10821,çayın,3,3
10822,çağırram,3,3
10823,çaşar,3,3
10824,çaşdı,3,3
10825,çevrilər,3,3
10826,çeşmimdə,3,3
10827,çi,3,2
10828,çil,3,2
10829,çinar,3,3
10830,çinə,3,3
10831,çirağ,3,3
10832,çiraği,3,3
10833,çirkin,3,3
10834,çiskin,3,3
10835,çiçəklər,3,3
10836,çiçəyi,3,3
10837,çoxlar,3,3
10838,çoxlarını,3,3
10839,çöl,3,3
10840,çör,3,3
10841,çörəyə,3,3
10842,çünkü,3,3
10843,çürük,3,3
10844,çırağban,3,3
10845,çırağım,3,3
10846,çırağın,3,3
10847,çıxacaq,3,2
10848,çıxara,3,3
10849,çıxardıf,3,1
10850,çıxardır,3,3
10851,çıxarsa,3,3
10852,çıxası,3,3
10853,çıxmasa,3,3
10854,çıxmışam,3,3
10855,çıxsan,3,3
10856,çıxınca,3,3
10857,çığırdı,3,2
10858,çǝkdim,3,3
10859,çǝrxi,3,3
10860,çə,3,1
10861,çəkdirə,3,2
10862,çəkilir,3,3
10863,çəkilsin,3,3
10864,çəkim,3,3
10865,çəkirdilər,3,3
10866,çəkməginən,3,3
10867,çəkməsin,3,3
10868,çəkməzəm,3,3
10869,çəksələr,3,3
10870,çəkəcək,3,3
10871,çəkənlər,3,3
10872,çəkərlər,3,3
10873,çənbər,3,3
10874,çəngəl,3,2
10875,çəri,3,3
10876,çərşənbə,3,3
10877,çеvirdi,3,2
10878,çеşmim,3,3
10879,çәkә,3,2
10880,öldürdülər,3,3
10881,öldürsə,3,3
10882,öldürsələr,3,3
10883,öldürsən,3,3
10884,öldürə,3,3
10885,ölkəni,3,3
10886,ölkəsində,3,3
10887,ölsə,3,3
10888,ölür,3,3
10889,öləndə,3,3
10890,ömrdə,3,3
10891,ömər,3,2
10892,öncə,3,2
10893,önünə,3,3
10894,öpmək,3,3
10895,ötdü,3,3
10896,ötkün,3,3
10897,ötür,3,2
10898,övlad,3,3
10899,övladın,3,3
10900,övqat,3,3
10901,övraq,3,3
10902,övsafi,3,3
10903,öyrən,3,3
10904,öyrənir,3,3
10905,öyəc,3,2
10906,özgəyə,3,3
10907,özündədir,3,1
10908,özünnən,3,2
10909,özünüz,3,3
10910,özüvi,3,1
10911,ül,3,2
10912,ülum,3,2
10913,ülüvvi,3,3
10914,ümidin,3,3
10915,ünsürü,3,3
10916,ünün,3,2
10917,üqba,3,3
10918,üqbadə,3,3
10919,üqbanı,3,3
10920,üqbaya,3,3
10921,üqulu,3,3
10922,ürəkdə,3,3
10923,üstümdən,3,3
10924,üstünnən,3,1
10925,üstüxan,3,2
10926,üstən,3,3
10927,üsyan,3,3
10928,üsyanı,3,3
10929,ütarid,3,3
10930,üzarın,3,3
10931,üzbəüz,3,3
10932,üzdüm,3,3
10933,üzdün,3,3
10934,üzləri,3,3
10935,üzümdən,3,3
10936,ğəni,3,3
10937,ğərq,3,3
10938,şadlığı,3,3
10939,şadlığın,3,3
10940,şafei,3,3
10941,şafeyi,3,3
10942,şahibazi,3,2
10943,şahid,3,3
10944,şahidlər,3,2
10945,şahzadə,3,3
10946,şahü,3,3
10947,şahını,3,3
10948,şahının,3,3
10949,şairin,3,3
10950,şairə,3,3
10951,şaldan,3,3
10952,şamlər,3,3
10953,şandan,3,3
10954,şanəvəş,3,3
10955,şerimi,3,3
10956,şerini,3,2
10957,şeylər,3,3
10958,şeytandır,3,3
10959,şeytanı,3,3
10960,şeyə,3,3
10961,şikarım,3,3
10962,şirindir,3,3
10963,şirini,3,3
10964,şirinə,3,3
10965,şişmək,3,2
10966,şiəliyi,3,1
10967,şumladı,3,2
10968,şöhreyi,3,3
10969,şöhrətim,3,3
10970,şöləsinə,3,3
10971,şövkətin,3,3
10972,şövqündən,3,3
10973,şövqünü,3,3
10974,şövqə,3,3
10975,şübhə,3,2
10976,şübhəsiz,3,3
10977,şükri,3,3
10978,şülən,3,3
10979,şümr,3,3
10980,şüşə,3,2
10981,şüşənin,3,1
10982,şǝhr,3,3
10983,şǝrabi,3,3
10984,şəc,3,2
10985,şəcarə,3,2
10986,şəcəri,3,3
10987,şəhd,3,3
10988,şəhrdə,3,2
10989,şəhvət,3,1
10990,şəhənşah,3,3
10991,şəhər,3,3
10992,şəhərə,3,3
10993,şəkli,3,3
10994,şəklü,3,2
10995,şəkərdir,3,3
10996,şəmin,3,3
10997,şəmşirin,3,3
10998,şəmşirinə,3,1
10999,şənbə,3,2
11000,şərabından,3,3
11001,şərbətə,3,3
11002,şərdən,3,3
11003,şərhin,3,3
11004,şərhini,3,3
11005,şərhə,3,2
11006,şərilli,3,1
11007,şəriəti,3,3
11008,şərmü,3,3
11009,şərti,3,3
11010,şərə,3,3
11011,şərəfli,3,3
11012,şərər,3,3
11013,şəst,3,3
11014,şəyirdinə,3,2
11015,şəyirdlik,3,1
11016,şеydir,3,2
11017,şоl,3,3
11018,ǝcǝb,3,3
11019,ǝkbǝrdir,3,2
11020,ǝnbǝrfişan,3,3
11021,ǝya,3,3
11022,əbirim,3,3
11023,əbirü,3,3
11024,əbsar,3,3
11025,əcr,3,3
11026,əcəbdir,3,3
11027,ədibi,3,2
11028,ədlilə,3,1
11029,ədlü,3,3
11030,ədnin,3,3
11031,ədəbin,3,3
11032,ədəd,3,3
11033,əfrasiyab,3,3
11034,əfsaneyi,3,3
11035,əfsanədən,3,2
11036,əfzəl,3,3
11037,əfğanə,3,3
11038,əhdim,3,2
11039,əhl,3,3
11040,əhlindən,3,2
11041,əhmər,3,3
11042,əhsəndir,3,3
11043,əjdahalar,3,2
11044,əkbərdir,3,3
11045,əkdim,3,3
11046,əkininin,3,2
11047,əkrəm,3,3
11048,əlaman,3,3
11049,əlamət,3,3
11050,əlaməti,3,3
11051,əlayıq,3,1
11052,əleyküməsalam,3,3
11053,əlhəq,3,3
11054,əlidən,3,3
11055,əlifdir,3,3
11056,əliftək,3,3
11057,əligil,3,1
11058,əligili,3,1
11059,əliyyül,3,3
11060,əllahu,3,1
11061,əllər,3,3
11062,əllərin,3,3
11063,əlləşirəm,3,3
11064,əlvanı,3,3
11065,əlvanım,3,2
11066,ələsgərgili,3,2
11067,ələsgərsiz,3,2
11068,ələyir,3,3
11069,ələyküməsalam,3,3
11070,ələşrəf,3,1
11071,əman,3,3
11072,əmliyin,3,3
11073,əmrü,3,3
11074,əməlim,3,3
11075,ənam,3,3
11076,ənbərbu,3,3
11077,ənbərdən,3,3
11078,ənbərim,3,3
11079,ənbərü,3,3
11080,əndişeyi,3,3
11081,ənvar,3,2
11082,ənvər,3,3
11083,əqldən,3,3
11084,əqlini,3,3
11085,əqrəb,3,3
11086,ərbabı,3,3
11087,ərdən,3,3
11088,ərinin,3,2
11089,ərkana,3,3
11090,ərkanı,3,2
11091,ərki,3,3
11092,ərrə,3,3
11093,ərus,3,1
11094,ərzimi,3,3
11095,ərzə,3,3
11096,ərğəvan,3,3
11097,ərşü,3,3
11098,ərəsət,3,3
11099,əsasi,3,3
11100,əsbab,3,3
11101,əslin,3,3
11102,əsr,3,3
11103,əsrarı,3,3
11104,əsri,3,3
11105,əsrimiş,3,3
11106,əsğər,3,3
11107,əsğəri,3,3
11108,ətfal,3,1
11109,ətirli,3,3
11110,ətrindən,3,3
11111,ətrini,3,3
11112,ətə,3,1
11113,əvha,3,3
11114,əvvəldən,3,3
11115,əvvəli,3,3
11116,əvvəlinci,3,3
11117,əvvələ,3,2
11118,əxtəri,3,3
11119,əyandır,3,3
11120,əyağinə,3,3
11121,əyağə,3,3
11122,əyləşif,3,1
11123,əyləşmişdi,3,3
11124,əymir,3,3
11125,əyməz,3,3
11126,əynimə,3,3
11127,əynindəki,3,2
11128,əyninə,3,3
11129,əyyamı,3,3
11130,əzbəri,3,3
11131,əzbərim,3,3
11132,əzizü,3,2
11133,əzqəza,3,3
11134,əzǝldǝn,3,3
11135,əğyarı,3,3
11136,əşkü,3,3
11137,əşya,3,3
11138,еdib,3,3
11139,еdən,3,3
11140,еdərsən,3,1
11141,еhsan,3,3
11142,еldən,3,2
11143,еlindən,3,3
11144,еliyirdi,3,1
11145,еlçiləri,3,1
11146,еləmədi,3,2
11147,еlərəm,3,3
11148,еləyirdilər,3,2
11149,еləyəcəm,3,2
11150,еləyəndə,3,2
11151,еtiqad,3,2
11152,еvindən,3,2
11153,еvini,3,2
11154,еvlənmək,3,2
11155,еylədin,3,3
11156,еyləmir,3,3
11157,еyləmiş,3,3
11158,еyləmək,3,3
11159,еyləməz,3,3
11160,еyləsə,3,3
11161,еyləyir,3,3
11162,еyləyə,3,3
11163,еyləyər,3,2
11164,оdur,3,2
11165,оlduğum,3,1
11166,оlmaz,3,3
11167,оnsuz,3,3
11168,оturub,3,3
11169,хətadır,3,2
11170,0,2,2
11171,11,2,2
11172,117,2,2
11173,13,2,2
11174,19,2,2
11175,1905,2,1
11176,21,2,2
11177,22,2,2
11178,23,2,2
11179,24,2,2
11180,26,2,2
11181,27,2,2
11182,31,2,2
11183,32,2,2
11184,33,2,2
11185,34,2,2
11186,35,2,2
11187,36,2,2
11188,37,2,2
11189,38,2,2
11190,39,2,2
11191,41,2,2
11192,42,2,2
11193,43,2,2
11194,44,2,2
11195,45,2,2
11196,46,2,2
11197,47,2,2
11198,48,2,2
11199,49,2,2
11200,500,2,1
11201,51,2,2
11202,52,2,2
11203,54,2,2
11204,56,2,2
11205,57,2,2
11206,58,2,2
11207,59,2,2
11208,6,2,2
11209,60,2,2
11210,61,2,2
11211,62,2,2
11212,63,2,2
11213,64,2,2
11214,65,2,2
11215,66,2,2
11216,67,2,2
11217,68,2,2
11218,69,2,2
11219,70,2,2
11220,71,2,2
11221,72,2,2
11222,73,2,2
11223,74,2,2
11224,75,2,2
11225,76,2,2
11226,77,2,2
11227,aba,2,2
11228,abadan,2,2
11229,abbasa,2,2
11230,abbasın,2,2
11231,abdal,2,2
11232,abdullaya,2,2
11233,abını,2,2
11234,abır,2,2
11235,abıra,2,2
11236,abırsız,2,2
11237,acgöz,2,2
11238,acizdir,2,2
11239,acizsən,2,2
11240,aclıq,2,2
11241,acıqlanın,2,2
11242,acığın,2,1
11243,adabü,2,2
11244,adamlarından,2,2
11245,adamlarınnan,2,2
11246,addayın,2,2
11247,addır,2,2
11248,adilə,2,2
11249,adla,2,2
11250,adlanar,2,1
11251,adlandı,2,1
11252,adlansa,2,2
11253,adlanıb,2,2
11254,adları,2,2
11255,adm,2,1
11256,adma,2,1
11257,adından,2,2
11258,adǝmi,2,1
11259,adəmdən,2,2
11260,adəməm,2,2
11261,adətidir,2,2
11262,adətim,2,2
11263,adətin,2,2
11264,adətincə,2,2
11265,adәt,2,1
11266,afaq,2,2
11267,afaqə,2,2
11268,afatdan,2,2
11269,agəh,2,2
11270,ahilə,2,2
11271,ahimi,2,2
11272,ahimlə,2,2
11273,ahunu,2,1
11274,ahıma,2,2
11275,ahımın,2,2
11276,ahını,2,2
11277,ahə,2,2
11278,ahənginə,2,1
11279,ahənin,2,2
11280,akademik,2,1
11281,alaca,2,2
11282,alajaxsan,2,2
11283,alanda,2,2
11284,alansan,2,2
11285,alanın,2,2
11286,alaq,2,2
11287,alarıq,2,2
11288,alasına,2,2
11289,alasını,2,2
11290,alaydım,2,2
11291,alaçığa,2,2
11292,alaçığına,2,1
11293,aldadıb,2,2
11294,aldadıcı,2,2
11295,aldanmaz,2,2
11296,aldanmısan,2,2
11297,aldıqda,2,1
11298,aldıran,2,1
11299,aldığın,2,2
11300,aldədədə,2,2
11301,alimdə,2,2
11302,alimi,2,2
11303,alimlər,2,2
11304,alimlərin,2,2
11305,alimsənsə,2,2
11306,alimə,2,2
11307,alini,2,2
11308,alinə,2,2
11309,allahdandır,2,2
11310,allahi,2,2
11311,allahım,2,1
11312,allahıma,2,1
11313,allahımdan,2,2
11314,allı,2,2
11315,almadan,2,2
11316,almadılar,2,2
11317,almamışdı,2,2
11318,almaqda,2,2
11319,almaqdan,2,2
11320,almaram,2,1
11321,almısız,2,2
11322,alməmmədin,2,2
11323,alnında,2,2
11324,alovlandı,2,2
11325,alovludur,2,2
11326,alta,2,2
11327,altındadır,2,2
11328,altındakı,2,2
11329,alvızın,2,2
11330,alvеri,2,2
11331,alça,2,1
11332,alçaqdaydı,2,2
11333,alçaqlara,2,2
11334,alçaqlardan,2,2
11335,alıblar,2,2
11336,alıcı,2,2
11337,alıf,2,1
11338,alınmaz,2,2
11339,alıram,2,2
11340,alışan,2,2
11341,alışaraq,2,1
11342,alışdım,2,2
11343,alışıb,2,2
11344,alǝmin,2,2
11345,aləminin,2,2
11346,aləti,2,2
11347,alәmdә,2,1
11348,amadə,2,2
11349,amal,2,1
11350,amansız,2,2
11351,amanım,2,2
11352,anacaq,2,2
11353,anandır,2,2
11354,ananov,2,2
11355,ananın,2,1
11356,anasını,2,2
11357,anbara,2,2
11358,anlasın,2,2
11359,anlayasan,2,1
11360,anlayır,2,2
11361,anmazsan,2,1
11362,ansız,2,2
11363,ançaq,2,2
11364,anım,2,2
11365,anǝ,2,2
11366,anəstünarın,2,2
11367,anəstünarən,2,2
11368,aparam,2,2
11369,apararlar,2,1
11370,aparmaq,2,2
11371,aparmağa,2,2
11372,aparmışdı,2,2
11373,aparram,2,2
11374,aparsa,2,2
11375,aparsam,2,2
11376,aparsınlar,2,2
11377,aparırlar,2,2
11378,aprel,2,1
11379,aqibǝt,2,2
11380,aqibəti,2,2
11381,aqilsən,2,2
11382,arabir,2,2
11383,aradım,2,2
11384,aralandı,2,2
11385,aralıda,2,1
11386,aralıqdan,2,2
11387,aralığı,2,2
11388,aranı,2,2
11389,aranın,2,2
11390,arasını,2,2
11391,arayişi,2,2
11392,arayə,2,2
11393,ariflərə,2,2
11394,arizuməndi,2,2
11395,arizusunda,2,2
11396,artan,2,2
11397,artmışdı,2,2
11398,artsın,2,2
11399,artıbdı,2,2
11400,artıran,2,2
11401,artırdı,2,1
11402,artırıb,2,2
11403,arvada,2,2
11404,arvadım,2,2
11405,arvadını,2,1
11406,arvadının,2,2
11407,arx,2,2
11408,arxalanıb,2,2
11409,arxasına,2,1
11410,arxasında,2,2
11411,arzularam,2,2
11412,arzulardım,2,2
11413,arzun,2,2
11414,arzusunu,2,2
11415,arzusuyla,2,2
11416,arğac,2,2
11417,arılar,2,2
11418,arıq,2,2
11419,arısı,2,2
11420,arıt,2,2
11421,arə,2,2
11422,asam,2,2
11423,asandı,2,2
11424,asarlar,2,2
11425,asayiş,2,2
11426,asdım,2,2
11427,asimani,2,2
11428,asitanədən,2,2
11429,aslanam,2,2
11430,aslanə,2,1
11431,asmış,2,2
11432,aspadur,2,2
11433,assi,2,2
11434,astarı,2,2
11435,asudədir,2,2
11436,asıb,2,1
11437,asılan,2,2
11438,asılmış,2,2
11439,asılıb,2,2
11440,asım,2,2
11441,asır,2,2
11442,atamın,2,2
11443,atarsan,2,1
11444,ataşında,2,2
11445,atdın,2,2
11446,atdır,2,2
11447,ati,2,2
11448,atlas,2,2
11449,atmaq,2,2
11450,atmasın,2,2
11451,atmışam,2,2
11452,atsa,2,2
11453,atıldı,2,2
11454,atılıb,2,2
11455,atım,2,2
11456,atǝşi,2,2
11457,atəşbar,2,2
11458,atəşdə,2,2
11459,atəşdən,2,2
11460,atəşli,2,2
11461,atəşlər,2,2
11462,avazım,2,2
11463,avazından,2,2
11464,avazə,2,2
11465,axdıqca,2,2
11466,axiri,2,2
11467,axirəti,2,2
11468,axmağın,2,2
11469,axmış,2,1
11470,axsaq,2,2
11471,axtaran,2,2
11472,axtarar,2,2
11473,axtardım,2,2
11474,axtarsın,2,2
11475,axın,2,2
11476,axırıncı,2,2
11477,axıt,2,2
11478,axıtdı,2,2
11479,axıtdım,2,2
11480,axşamlayıb,2,2
11481,axşamtərəfi,2,2
11482,ayaqları,2,2
11483,ayaqların,2,2
11484,ayaqyalın,2,2
11485,ayağ,2,2
11486,ayağımdan,2,2
11487,ayağınla,2,2
11488,ayeyi,2,2
11489,ayi,2,1
11490,ayini,2,2
11491,ayinləri,2,1
11492,ayinəsi,2,2
11493,ayları,2,2
11494,aylarında,2,1
11495,aylıq,2,2
11496,aynasın,2,2
11497,ayran,2,2
11498,ayrandan,2,2
11499,ayruğ,2,2
11500,ayrıla,2,2
11501,ayrılandan,2,2
11502,ayrılmaram,2,1
11503,ayrılıqdan,2,2
11504,ayrım,2,2
11505,ayrısıyıq,2,2
11506,ayıbdır,2,2
11507,ayıltdılar,2,2
11508,ayımı,2,1
11509,ayıra,2,2
11510,ayəsi,2,2
11511,ayətim,2,1
11512,ayətin,2,2
11513,ayətini,2,2
11514,azaldı,2,2
11515,azalmayıb,2,2
11516,azardan,2,2
11517,azarın,2,2
11518,azərbaycanda,2,1
11519,azəri,2,2
11520,açacaq,2,2
11521,açanda,2,2
11522,açaraq,2,2
11523,açardır,2,2
11524,açasan,2,2
11525,açmaqda,2,2
11526,açmaram,2,2
11527,açmayıb,2,1
11528,açmayın,2,2
11529,açmaz,2,2
11530,açmağa,2,2
11531,açıla,2,2
11532,açılacaq,2,2
11533,açıldıqca,2,2
11534,açıldıqda,2,2
11535,açılma,2,2
11536,açırsan,2,2
11537,ağabəy,2,2
11538,ağaclar,2,2
11539,ağacından,2,2
11540,ağadan,2,2
11541,ağalar,2,2
11542,ağan,2,2
11543,ağası,2,2
11544,ağbulaqda,2,1
11545,ağbulağa,2,1
11546,ağkilsədən,2,2
11547,ağkilsənin,2,2
11548,ağlada,2,1
11549,ağlamasın,2,2
11550,ağlamağın,2,2
11551,ağlarsa,2,2
11552,ağlasan,2,2
11553,ağlayanda,2,1
11554,ağlını,2,2
11555,ağrıtdı,2,2
11556,ağrıtma,2,2
11557,ağsaqqallardan,2,2
11558,ağu,2,2
11559,ağulu,2,2
11560,ağuş,2,2
11561,ağzıdır,2,2
11562,ağzıma,2,2
11563,ağzımda,2,1
11564,ağzımdan,2,2
11565,ağzımı,2,2
11566,ağzımın,2,2
11567,ağzında,2,2
11568,ağıla,2,2
11569,ağılar,2,2
11570,ağıldır,2,1
11571,ağılkarlar,2,1
11572,ağılla,2,2
11573,ağıza,2,2
11574,ağızlı,2,2
11575,ağızın,2,2
11576,aşar,2,2
11577,aşağıda,2,1
11578,aşikara,2,2
11579,aşinadır,2,2
11580,aşinadən,2,2
11581,aşinalərdən,2,2
11582,aşinası,2,2
11583,aşiqini,2,2
11584,aşiqlǝr,2,2
11585,aşiqləri,2,2
11586,aşiyani,2,2
11587,aşpazxana,2,2
11588,aşpazxanada,2,2
11589,aşpazxanası,2,2
11590,aşüftəhal,2,2
11591,aşı,2,2
11592,aşın,2,2
11593,aşına,2,2
11594,aşıqda,2,1
11595,aşıqla,2,2
11596,aşıqlardan,2,1
11597,aşıqsan,2,2
11598,aşıxdı,2,1
11599,aşığınız,2,2
11600,aхirətdə,2,2
11601,aхirətin,2,2
11602,babadan,2,2
11603,babanın,2,1
11604,babil,2,2
11605,babildə,2,2
11606,bacadan,2,1
11607,bacardıqca,2,2
11608,bacarmaz,2,2
11609,bacıların,2,2
11610,bacımız,2,2
11611,badən,2,1
11612,badənin,2,2
11613,badət,2,2
11614,badəyəm,2,1
11615,bahalandı,2,2
11616,bahalı,2,2
11617,bahara,2,2
11618,baharın,2,2
11619,bahəm,2,2
11620,bak,2,2
11621,bakimiz,2,2
11622,bakirəyəm,2,1
11623,balam,2,2
11624,balasan,2,2
11625,balasına,2,2
11626,balasının,2,2
11627,baldı,2,2
11628,ballı,2,2
11629,balçılı,2,2
11630,balıdan,2,1
11631,balına,2,2
11632,bangi,2,2
11633,banına,2,2
11634,baqidir,2,2
11635,baqqal,2,2
11636,baratı,2,2
11637,baratıdı,2,2
11638,barigahi,2,2
11639,barmaqlıdı,2,2
11640,barmağında,2,2
11641,barmağını,2,2
11642,barut,2,2
11643,barışa,2,2
11644,barışdı,2,2
11645,barışın,2,1
11646,basa,2,2
11647,basalı,2,2
11648,basar,2,2
11649,basarkeçər,2,1
11650,basarkeçəri,2,1
11651,basdım,2,2
11652,basdın,2,1
11653,basdığı,2,2
11654,basdığın,2,2
11655,basmaz,2,2
11656,basmış,2,2
11657,basmışdır,2,1
11658,bassa,2,2
11659,bassan,2,2
11660,basəfa,2,2
11661,batdım,2,2
11662,batinə,2,2
11663,batman,2,2
11664,batmışam,2,2
11665,batsın,2,2
11666,batıbdır,2,2
11667,bavücudi,2,2
11668,baxarsan,2,1
11669,baxaydım,2,2
11670,baxdıq,2,2
11671,baxdığım,2,1
11672,baxmaya,2,1
11673,baxmayın,2,2
11674,baxmır,2,2
11675,baxü,2,2
11676,baxıban,2,2
11677,baxırlar,2,2
11678,baxış,2,2
11679,bayatıda,2,1
11680,bayatıdır,2,1
11681,bayramalının,2,1
11682,bayramda,2,1
11683,bayramdır,2,1
11684,bayramxana,2,2
11685,bayramına,2,2
11686,bayrağın,2,2
11687,bayırdan,2,2
11688,bayəzid,2,2
11689,bazardan,2,2
11690,bazarinə,2,2
11691,bazarına,2,2
11692,bağbandan,2,2
11693,bağbanlar,2,1
11694,bağdakı,2,1
11695,bağdır,2,2
11696,bağibani,2,2
11697,bağinə,2,2
11698,bağladım,2,2
11699,bağlamağı,2,2
11700,bağlanma,2,2
11701,bağlaram,2,2
11702,bağların,2,2
11703,bağlasa,2,2
11704,bağlasın,2,2
11705,bağlayan,2,2
11706,bağlayaraq,2,2
11707,bağlayım,2,2
11708,bağlıdır,2,2
11709,bağlıyıf,2,2
11710,bağrımda,2,2
11711,bağrımdakı,2,2
11712,bağçam,2,2
11713,bağım,2,1
11714,bağının,2,2
11715,bağışdıyırdı,2,1
11716,bağışladı,2,2
11717,bağışladılar,2,2
11718,bağışlamışdılar,2,2
11719,bağışlayın,2,2
11720,başamı,2,1
11721,başlamışdı,2,2
11722,başlaya,2,2
11723,başlayıb,2,2
11724,başlayır,2,2
11725,başlı,2,2
11726,başnan,2,1
11727,başqaları,2,2
11728,başqalarının,2,2
11729,başqasına,2,2
11730,başuva,2,2
11731,başü,2,2
11732,başımız,2,2
11733,başımızda,2,2
11734,başəd,2,2
11735,baх,2,1
11736,baхmaq,2,2
11737,behbudimi,2,2
11738,behtər,2,2
11739,belim,2,2
11740,belimdən,2,2
11741,belimi,2,2
11742,beybafalıx,2,1
11743,beyninə,2,1
11744,beytimi,2,2
11745,beytə,2,2
11746,beyza,2,2
11747,bez,2,2
11748,bezar,2,2
11749,beşatana,2,1
11750,beşinci,2,2
11751,bibədəldir,2,2
11752,bidadü,2,1
11753,bidadını,2,2
11754,bidil,2,1
11755,bidilü,2,2
11756,bidəmaq,2,2
11757,bidəmağ,2,2
11758,bidərdə,2,2
11759,bielmlik,2,2
11760,bigah,2,2
11761,biganǝ,2,2
11762,biganələr,2,2
11763,bihal,2,2
11764,bihicab,2,2
11765,bihəd,2,2
11766,bihədd,2,2
11767,biilqar,2,2
11768,biisbat,2,2
11769,bikəmal,2,2
11770,bikəsəm,2,2
11771,bildik,2,2
11772,bildir,2,2
11773,bildirdilər,2,2
11774,bildirirdi,2,2
11775,bildirmə,2,2
11776,bilibsən,2,2
11777,bilikdə,2,1
11778,bilikli,2,2
11779,bilindi,2,1
11780,bilinməz,2,2
11781,bilirdilər,2,1
11782,bilirdim,2,2
11783,bilirik,2,2
11784,bilirlər,2,2
11785,bilirsǝn,2,2
11786,bilirsənsə,2,1
11787,biliyin,2,1
11788,biliş,2,2
11789,bilmirdilər,2,2
11790,bilmirik,2,2
11791,bilmişlər,2,1
11792,bilmǝn,2,2
11793,bilmǝyǝn,2,2
11794,bilmədiklərini,2,2
11795,bilmədiyi,2,2
11796,bilməsək,2,2
11797,bilməsələr,2,2
11798,bilməsən,2,2
11799,bilməyənlərə,2,2
11800,bilməzdim,2,2
11801,bilməzlər,2,2
11802,bilək,2,2
11803,bilənə,2,2
11804,bilərdi,2,2
11805,bilərdin,2,1
11806,bilərlər,2,2
11807,bilərsiniz,2,1
11808,biləzzət,2,2
11809,bim,2,2
11810,bimara,2,2
11811,bimari,2,2
11812,bimarı,2,2
11813,bimehr,2,2
11814,bimürüvvət,2,2
11815,binadən,2,2
11816,binǝva,2,2
11817,binəvanı,2,2
11818,binəvaya,2,2
11819,binəvayə,2,1
11820,bipayan,2,2
11821,bipərdə,2,2
11822,biqıryat,2,2
11823,biqǝrar,2,1
11824,birağızdan,2,2
11825,birdəfəlik,2,2
11826,birgə,2,2
11827,biridir,2,2
11828,birilə,2,2
11829,birincə,2,1
11830,birliyə,2,2
11831,bis,2,2
11832,bisəmər,2,2
11833,bitib,2,2
11834,bitirib,2,2
11835,bitirən,2,2
11836,bitməmiş,2,2
11837,bitməz,2,2
11838,bitəcək,2,2
11839,bitən,2,2
11840,bivəfadan,2,2
11841,bivəfalıq,2,2
11842,bivəfaya,2,2
11843,bixəbərdir,2,2
11844,biyabanı,2,1
11845,biyabanım,2,2
11846,bizarlıq,2,1
11847,biziz,2,2
11848,bizləyə,2,1
11849,bizǝ,2,2
11850,bizəban,2,2
11851,biçarədən,2,2
11852,biçdim,2,2
11853,biçininin,2,2
11854,biçun,2,2
11855,biüsul,2,2
11856,bişü,2,2
11857,bişümar,2,1
11858,bni,2,2
11859,bolğar,2,2
11860,bomboş,2,2
11861,borana,2,2
11862,borclu,2,2
11863,borcu,2,1
11864,bordağa,2,2
11865,bostana,2,2
11866,bostanın,2,2
11867,boya,2,2
11868,boylunun,2,1
11869,boynumda,2,2
11870,boynundan,2,2
11871,boyunbağı,2,2
11872,boyunlarda,2,2
11873,bozbaş,2,2
11874,boğazın,2,1
11875,boğazına,2,2
11876,boğdu,2,2
11877,boğulmaq,2,1
11878,boşdur,2,2
11879,boşla,2,2
11880,boşqabına,2,1
11881,brahimi,2,2
11882,brat,2,2
11883,brini,2,2
11884,brət,2,2
11885,brətlə,2,1
11886,bucağında,2,2
11887,budadı,2,2
11888,budaqlar,2,2
11889,budar,2,2
11890,budurur,2,2
11891,bugünkü,2,2
11892,bulamadım,2,2
11893,bulandı,2,2
11894,bulaq,2,2
11895,bulara,2,2
11896,buldun,2,2
11897,bullara,2,1
11898,bulmasın,2,2
11899,bulmazdı,2,1
11900,bulmağa,2,2
11901,bulsa,2,2
11902,bulsam,2,2
11903,bulubdur,2,2
11904,buluda,2,2
11905,bunlarla,2,2
11906,buradır,2,1
11907,buralarda,2,2
11908,buranı,2,1
11909,buraq,2,2
11910,buraxmazdı,2,2
11911,buraxmış,2,2
11912,buraхdı,2,2
11913,burdakı,2,1
11914,buriya,2,2
11915,burnuna,2,1
11916,bursa,2,2
11917,bustan,2,2
11918,bustani,2,2
11919,buxaqlı,2,2
11920,buxağından,2,2
11921,buxunda,2,2
11922,buxunnu,2,2
11923,buyindən,2,2
11924,buynuz,2,1
11925,buyruq,2,2
11926,buyruğu,2,2
11927,buyurma,2,2
11928,buyurmuş,2,2
11929,buyursan,2,2
11930,buz,2,2
11931,buğdadan,2,2
11932,bölük,2,2
11933,bölür,2,2
11934,bölər,2,2
11935,böyləcə,2,1
11936,böyüklükdə,2,2
11937,böyüklüyü,2,2
11938,böyüksə,2,2
11939,büküldü,2,2
11940,bükülmüşdür,2,2
11941,bülbüldən,2,1
11942,bülbüle,2,1
11943,bülbülüm,2,2
11944,büləndəxtər,2,2
11945,bünyadı,2,2
11946,büqeyi,2,1
11947,büqə,2,1
11948,bürcü,2,2
11949,bürhanımız,2,2
11950,bürhanımızdır,2,2
11951,bürümüşdür,2,2
11952,büründü,2,2
11953,bürünmüş,2,2
11954,bürünər,2,2
11955,büsata,2,2
11956,büsati,2,2
11957,büsatım,2,2
11958,büsatını,2,2
11959,bütxanə,2,2
11960,bütxanədə,2,2
11961,bütxanəyə,2,2
11962,bütünlər,2,2
11963,büğz,2,1
11964,bǝdnam,2,2
11965,bǝndǝ,2,2
11966,bǝndǝnin,2,2
11967,bǝndǝyǝ,2,2
11968,bǝrlü,2,2
11969,bǝxş,2,2
11970,bǝyan,2,2
11971,bədbəxt,2,2
11972,bədikəlam,2,2
11973,bədnəzər,2,2
11974,bədnəzərdən,2,2
11975,bədri,2,2
11976,bədrinə,2,2
11977,bədxahların,2,2
11978,bədxahə,2,2
11979,bədxu,2,2
11980,bədə,2,2
11981,bədəl,2,2
11982,bədənimə,2,2
11983,bədənində,2,2
11984,bədənini,2,1
11985,bədənə,2,1
11986,bədəxşan,2,2
11987,bəh,2,1
11988,bəhana,2,2
11989,bəhari,2,2
11990,bəhlulun,2,1
11991,bəhlulə,2,1
11992,bəhsdən,2,2
11993,bəhsin,2,2
11994,bəhsə,2,1
11995,bəhəqqi,2,2
11996,bəhər,2,2
11997,bəid,2,2
11998,bəladı,2,2
11999,bəlakeş,2,2
12000,bəlalardan,2,2
12001,bəlalər,2,2
12002,bəlalərdən,2,2
12003,bəlalərə,2,2
12004,bəlasından,2,2
12005,bəlasını,2,2
12006,bəllidi,2,2
12007,bəllidir,2,2
12008,bələddi,2,2
12009,bələdəm,2,2
12010,bələnir,2,2
12011,bəmə,2,2
12012,bənddən,2,2
12013,bəngü,2,2
12014,bənzədərdim,2,2
12015,bənzərsən,2,2
12016,bənzəsə,2,2
12017,bənzəyirdi,2,2
12018,bənövşələr,2,2
12019,bəqayə,2,2
12020,bərabəri,2,2
12021,bərat,2,2
12022,bərbətü,2,2
12023,bərgidir,2,2
12024,bərgini,2,2
12025,bərgü,2,2
12026,bərinə,2,2
12027,bərkdir,2,2
12028,bərmək,2,1
12029,bərpa,2,2
12030,bərqin,2,2
12031,bərreyi,2,2
12032,bərsər,2,2
12033,bərxurdar,2,2
12034,bəslədim,2,2
12035,bəslədiyim,2,2
12036,bəsləmişdir,2,2
12037,bəslənib,2,2
12038,bəsləyən,2,2
12039,bəstəri,2,2
12040,bətnində,2,2
12041,bətərdir,2,2
12042,bəxtimin,2,2
12043,bəxtiyar,2,2
12044,bəxtəvər,2,2
12045,bəyanü,2,2
12046,bəyanımdır,2,1
12047,bəyazi,2,2
12048,bəyazında,2,1
12049,bəydi,2,2
12050,bəydə,2,2
12051,bəygil,2,1
12052,bəygilin,2,2
12053,bəyliyi,2,2
12054,bəylərdə,2,2
12055,bəylərdən,2,2
12056,bəyzadə,2,2
12057,bəyən,2,2
12058,bəyənib,2,2
12059,bəyənilib,2,2
12060,bəyənmədi,2,1
12061,bəyənməyib,2,2
12062,bəyənə,2,1
12063,bəyənəcək,2,1
12064,bəzilərini,2,1
12065,bəzini,2,1
12066,bəzirgansan,2,2
12067,bəzirganı,2,2
12068,bəzisi,2,1
12069,bəzmdə,2,2
12070,bəzmgahi,2,2
12071,bəzmində,2,2
12072,bəzədilər,2,1
12073,bəzədim,2,2
12074,bəzənər,2,2
12075,bəzər,2,2
12076,bəzəyib,2,2
12077,bəzəyin,2,2
12078,bəzəyən,2,2
12079,bəççeyi,2,1
12080,bəşarət,2,2
12081,bəşirgil,2,2
12082,bəşərdi,2,2
12083,bəşəri,2,2
12084,bеldə,2,2
12085,bеlim,2,2
12086,bеlinin,2,2
12087,bеlinə,2,2
12088,bеlədi,2,2
12089,bеləsini,2,2
12090,bеz,2,2
12091,bоl,2,1
12092,bоylum,2,2
12093,bәsdi,2,1
12094,cabbar,2,1
12095,cadü,2,1
12096,cahada,2,2
12097,cahanara,2,2
12098,cahanımız,2,1
12099,cahi,2,2
12100,cahillikdən,2,2
12101,cahım,2,2
12102,camaatdan,2,2
12103,camahata,2,1
12104,camahatı,2,1
12105,camala,2,2
12106,camaldan,2,2
12107,camalıdır,2,2
12108,camalındır,2,2
12109,camalının,2,2
12110,camdakı,2,1
12111,camış,2,2
12112,camışı,2,2
12113,cananımız,2,2
12114,cananǝdir,2,2
12115,cananəyə,2,2
12116,canavar,2,2
12117,candı,2,2
12118,canfəza,2,2
12119,canibi,2,2
12120,caninə,2,2
12121,cannan,2,1
12122,canpərvər,2,2
12123,cansan,2,2
12124,cansızlara,2,2
12125,canu,2,2
12126,canımnan,2,2
12127,canısan,2,2
12128,canǝ,2,2
12129,cavabıdır,2,2
12130,cavabın,2,2
12131,cavandır,2,2
12132,cavanlıq,2,2
12133,cavanı,2,2
12134,ceyranım,2,2
12135,cibində,2,2
12136,cibindən,2,2
12137,cidal,2,2
12138,cifə,2,2
12139,cifədir,2,2
12140,cifəsin,2,2
12141,cigərim,2,2
12142,cigərxun,2,2
12143,cilovun,2,2
12144,cilvəgahi,2,2
12145,cilvələnir,2,2
12146,cinsi,2,2
12147,cismanım,2,2
12148,cismdə,2,2
12149,cismdən,2,2
12150,cismidə,2,2
12151,cismimdə,2,2
12152,cismimdən,2,2
12153,cismində,2,2
12154,ciyərdə,2,2
12155,ciyərdən,2,2
12156,ciyərin,2,2
12157,cizginən,2,2
12158,comərdin,2,2
12159,coraba,2,1
12160,corabları,2,2
12161,corabı,2,1
12162,coş,2,2
12163,coşar,2,2
12164,coşdu,2,2
12165,coşğun,2,2
12166,cu,2,2
12167,cud,2,2
12168,cunası,2,2
12169,cuy,2,1
12170,cövhərdir,2,2
12171,cövhərin,2,2
12172,cövhərə,2,2
12173,cövlana,2,2
12174,cövlani,2,1
12175,cövlanını,2,2
12176,cövlanə,2,2
12177,cövşən,2,2
12178,cü,2,1
12179,cübbəvü,2,2
12180,cümle,2,2
12181,cümlǝnin,2,2
12182,cümləmiz,2,2
12183,cümləsin,2,2
12184,cümlә,2,1
12185,cün,2,2
12186,cünynə,2,2
12187,cürmi,2,2
12188,cürmü,2,2
12189,cüzün,2,2
12190,cüğd,2,2
12191,cığalı,2,2
12192,cǝfalǝri,2,2
12193,cǝhani,2,2
12194,cǝhanın,2,2
12195,cǝhli,2,2
12196,cǝmali,2,2
12197,cǝnnǝtdir,2,2
12198,cǝnnǝti,2,2
12199,cǝnnǝtül,2,2
12200,cəbrailə,2,2
12201,cəbrəil,2,2
12202,cəfadan,2,2
12203,cəfadən,2,2
12204,cəfakarım,2,2
12205,cəfalar,2,2
12206,cəfalər,2,2
12207,cəfan,2,2
12208,cəfasinə,2,2
12209,cəfasız,2,2
12210,cəftədir,2,2
12211,cəfəri,2,1
12212,cəfərovdur,2,1
12213,cəfərquluya,2,1
12214,cəhalət,2,2
12215,cəhcəh,2,1
12216,cəhlin,2,2
12217,cəhrə,2,2
12218,cəhət,2,2
12219,cəhətdəndir,2,2
12220,cəkim,2,2
12221,cəlalının,2,2
12222,cəllada,2,2
12223,cəllətə,2,2
12224,cəmalindən,2,2
12225,cəmalı,2,2
12226,cəmalına,2,1
12227,cəmalını,2,2
12228,cəmil,2,2
12229,cəmşidə,2,2
12230,cənabə,2,2
12231,cənnati,2,2
12232,cənnətdir,2,2
12233,cənnətdəki,2,2
12234,cərgə,2,1
12235,cərimə,2,1
12236,cərəsim,2,2
12237,cəsəd,2,2
12238,cəsəddən,2,2
12239,cəsədi,2,2
12240,cəsədində,2,2
12241,cəsədindən,2,2
12242,cəvahir,2,2
12243,cəzayir,2,1
12244,cəzirə,2,1
12245,cәm,2,1
12246,dadanıb,2,2
12247,dadrəsim,2,2
12248,dadım,2,2
12249,dadın,2,2
12250,dahanından,2,2
12251,dahi,2,1
12252,daimül,2,2
12253,dair,2,2
12254,daldalanmasa,2,2
12255,daldalanmışam,2,2
12256,daldan,2,2
12257,daldı,2,2
12258,dallarınca,2,2
12259,dalğalı,2,2
12260,dalısınca,2,2
12261,dalə,2,2
12262,damani,2,2
12263,damanını,2,2
12264,damağ,2,2
12265,damcı,2,1
12266,damdı,2,2
12267,damǝnin,2,2
12268,danalar,2,2
12269,danasan,2,2
12270,danasın,2,2
12271,danasını,2,2
12272,danayə,2,2
12273,danla,2,2
12274,danlasın,2,2
12275,danışam,2,2
12276,danışdılarsa,2,2
12277,danışdım,2,2
12278,danışdırıb,2,2
12279,danışdırır,2,2
12280,danışmamışdıq,2,2
12281,danışmağı,2,2
12282,danışmağın,2,2
12283,danışmırsan,2,2
12284,danışmış,2,2
12285,danışmışam,2,2
12286,danışıram,2,2
12287,danışığına,2,2
12288,danəfəşan,2,2
12289,danəsi,2,2
12290,daraşıb,2,2
12291,dardan,2,2
12292,dartdı,2,2
12293,dartışa,2,1
12294,darına,2,2
12295,darıxırdı,2,2
12296,dasitan,2,2
12297,dastana,2,2
12298,dastanın,2,1
12299,day,2,2
12300,dayan,2,2
12301,dayanan,2,2
12302,dayandım,2,2
12303,dayandırdı,2,2
12304,dayanmış,2,2
12305,dayazlarda,2,1
12306,dayağı,2,2
12307,dayəsi,2,2
12308,dağarcıqdan,2,1
12309,dağinə,2,2
12310,dağlərdir,2,2
12311,dağü,2,2
12312,dağınıqdır,2,2
12313,dağıstanformu,2,1
12314,dağıtmış,2,2
12315,daşar,2,2
12316,daşnaxlarnan,2,1
12317,daşqəlbli,2,1
12318,daşına,2,2
12319,dedik,2,2
12320,dedikcə,2,2
12321,dediklərinin,2,2
12322,dedilǝr,2,1
12323,dedu,2,2
12324,dehqanə,2,1
12325,demirsən,2,2
12326,demişsən,2,2
12327,deməginən,2,2
12328,deməklə,2,2
12329,demənəm,2,2
12330,deməsə,2,2
12331,deməsəm,2,1
12332,deməsən,2,2
12333,deməyin,2,1
12334,deməzlər,2,2
12335,deməzlərmi,2,2
12336,denən,2,2
12337,derdim,2,2
12338,desinlər,2,2
12339,deyibdir,2,1
12340,deyilsənsə,2,2
12341,deyirdim,2,2
12342,deyişək,2,1
12343,deyr,2,2
12344,deyrdə,2,2
12345,deyri,2,2
12346,deyü,2,1
12347,deyəcək,2,2
12348,deyəcəksən,2,2
12349,deyəcəm,2,1
12350,deyəni,2,2
12351,deyənlər,2,2
12352,deyərdilər,2,2
12353,deşik,2,2
12354,didarinəm,2,1
12355,didü,2,2
12356,didələrim,2,2
12357,didəmi,2,2
12358,didəmin,2,2
12359,didəsi,2,2
12360,didеyi,2,2
12361,digərgun,2,2
12362,dikqulaq,2,2
12363,dilarayə,2,2
12364,dildarı,2,2
12365,dildir,2,2
12366,dilfirib,2,2
12367,dilimə,2,2
12368,diliniz,2,2
12369,dillidi,2,2
12370,dillənməzcə,2,2
12371,dillənə,2,2
12372,diltəng,2,2
12373,dilu,2,2
12374,dilxun,2,2
12375,dilǝr,2,2
12376,dilədi,2,2
12377,diləm,2,2
12378,dilənçi,2,2
12379,dimağimi,2,2
12380,dimağımı,2,2
12381,dimnə,2,2
12382,dindir,2,2
12383,dindirdi,2,1
12384,dindirirəm,2,2
12385,dindirməyin,2,2
12386,dinimi,2,2
12387,dinimiz,2,2
12388,dinində,2,2
12389,dinməz,2,2
12390,dinşəməz,2,1
12391,diqqətə,2,1
12392,dirildi,2,2
12393,dirili,2,2
12394,dirilik,2,2
12395,diriliyin,2,1
12396,dirilləm,2,1
12397,dirilmək,2,2
12398,dirilməz,2,2
12399,dirisən,2,1
12400,diriğa,2,2
12401,dirəkdən,2,2
12402,dirəxt,2,1
12403,dirəxşanı,2,2
12404,divanda,2,2
12405,divanxana,2,2
12406,divanımda,2,1
12407,divanını,2,2
12408,divanələr,2,2
12409,divanəsi,2,2
12410,divaradır,2,2
12411,divlər,2,2
12412,divü,2,2
12413,diyarın,2,2
12414,dişiylə,2,2
12415,dişli,2,2
12416,dodaqda,2,2
12417,dodaqdəyməz,2,1
12418,dodağa,2,2
12419,dodağımı,2,1
12420,dodağının,2,2
12421,dolanam,2,2
12422,dolanar,2,2
12423,dolanda,2,2
12424,dolandın,2,2
12425,dolandırmasın,2,2
12426,dolanmaq,2,2
12427,dolansa,2,2
12428,dolanırdım,2,2
12429,dolaşdı,2,2
12430,dolaşdırmadı,2,2
12431,dolma,2,2
12432,dolmaz,2,1
12433,dolmuşdu,2,2
12434,dolsun,2,2
12435,donunu,2,2
12436,dopdoludur,2,2
12437,dosent,2,1
12438,dostdur,2,2
12439,dostlara,2,2
12440,dostlarından,2,2
12441,dostluqda,2,2
12442,dostluğu,2,2
12443,dostluğun,2,2
12444,dostumdan,2,2
12445,dostumuz,2,1
12446,dostunsa,2,2
12447,doxdur,2,2
12448,doymadı,2,2
12449,doyuran,2,2
12450,doğmamış,2,2
12451,doğmuş,2,2
12452,doğrar,2,2
12453,doğrasın,2,2
12454,doğrayar,2,2
12455,doğrayıb,2,2
12456,doğrudu,2,2
12457,doğruluq,2,2
12458,doğruluğun,2,2
12459,doğulmamış,2,2
12460,drak,2,2
12461,duadır,2,2
12462,dualar,2,2
12463,duani,2,2
12464,duaçıyam,2,2
12465,durak,2,2
12466,durarmı,2,2
12467,durasan,2,2
12468,durdun,2,1
12469,durduqca,2,2
12470,durmaqda,2,2
12471,durmağı,2,2
12472,durmuşdu,2,2
12473,duru,2,2
12474,duruşu,2,1
12475,dutar,2,2
12476,dutmuşam,2,2
12477,duvaxlıx,2,1
12478,duyub,2,2
12479,duyğulara,2,2
12480,duş,2,2
12481,döndərdin,2,2
12482,döndəribdi,2,2
12483,döndərmisən,2,2
12484,döndərərəm,2,2
12485,dönmüşəm,2,2
12486,dönməsin,2,2
12487,dönübsən,2,2
12488,dönürəm,2,2
12489,dörddə,2,2
12490,dörddən,2,2
12491,dördü,2,2
12492,dövlətdir,2,2
12493,dövranda,2,2
12494,dövranıdır,2,2
12495,dövranımızdır,2,2
12496,dövranəm,2,2
12497,dövrdən,2,2
12498,dövründən,2,2
12499,döydülər,2,2
12500,döydüm,2,2
12501,döydün,2,2
12502,döyməyə,2,1
12503,döyüldü,2,2
12504,döyülsən,2,1
12505,döyüm,2,2
12506,döyür,2,2
12507,döyüşmək,2,2
12508,döyə,2,1
12509,dözüm,2,2
12510,dözümlü,2,1
12511,dözəmməzsən,2,2
12512,döşü,2,1
12513,döşəyin,2,1
12514,dükanı,2,2
12515,dükanıdır,2,2
12516,dümbündə,2,2
12517,dümbünü,2,2
12518,dünyadəyəm,2,2
12519,dünyaları,2,1
12520,dünyam,2,2
12521,dünyasını,2,2
12522,dünyayı,2,1
12523,dünəndən,2,2
12524,dürd,2,2
12525,dürdanǝdir,2,2
12526,dürdanəni,2,2
12527,dürdanеyi,2,2
12528,dürdü,2,2
12529,dürdür,2,2
12530,dürdə,2,2
12531,dürlər,2,2
12532,dürrsən,2,2
12533,düymə,2,2
12534,düyünlər,2,2
12535,düyünü,2,2
12536,düyünə,2,2
12537,düzgündür,2,2
12538,düzlük,2,2
12539,düzləri,2,2
12540,düzülüb,2,2
12541,düzünə,2,2
12542,düzəldi,2,2
12543,düzəlib,2,2
12544,düzəlmişdi,2,2
12545,düzəlməz,2,2
12546,düzəltdim,2,2
12547,düzələ,2,2
12548,düzələndə,2,2
12549,düşdi,2,2
12550,düşdümü,2,2
12551,düşer,2,1
12552,düşgünən,2,1
12553,düşkün,2,2
12554,düşmandı,2,2
12555,düşmanlar,2,2
12556,düşmanları,2,2
12557,düşmanından,2,2
12558,düşmürsünüz,2,2
12559,düşmüşdülər,2,2
12560,düşmədim,2,2
12561,düşməmək,2,2
12562,düşmənidir,2,2
12563,düşmənimdir,2,2
12564,düşməninə,2,2
12565,düşmənlər,2,1
12566,düşmənçilik,2,1
12567,düşməyəsən,2,2
12568,düşsən,2,2
12569,düşübən,2,2
12570,düşülən,2,1
12571,düşüm,2,2
12572,düşüncə,2,2
12573,düşünsə,2,2
12574,düşünsən,2,2
12575,düşünər,2,2
12576,düşürlər,2,2
12577,düşürsən,2,2
12578,düşərdi,2,2
12579,düşərəm,2,2
12580,dırnaq,2,2
12581,dışra,2,2
12582,dǝ,2,2
12583,dǝmdǝ,2,2
12584,dǝrd,2,2
12585,dǝrdi,2,2
12586,dǝrdimin,2,2
12587,dǝsti,2,2
12588,dəbistani,2,1
12589,dəcləyə,2,2
12590,dədəmə,2,1
12591,dəftərinə,2,2
12592,dəgər,2,2
12593,dəh,2,1
12594,dəhanə,2,2
12595,dəhrəm,2,2
12596,dəhəni,2,2
12597,dəhənindən,2,2
12598,dəhənü,2,2
12599,dəlik,2,1
12600,dəlvdən,2,1
12601,dəminə,2,2
12602,dəmsaz,2,2
12603,dəmxanam,2,2
12604,dəndani,2,2
12605,dəndanə,2,2
12606,dəngəsər,2,2
12607,dənizdir,2,2
12608,dənizi,2,2
12609,dənizin,2,2
12610,dənizinə,2,2
12611,dənizləri,2,2
12612,dənizə,2,2
12613,dənəni,2,2
12614,dərban,2,2
12615,dərbanı,2,1
12616,dərdimiz,2,2
12617,dərdinin,2,2
12618,dərdməndi,2,2
12619,dərdsiz,2,2
12620,dərgahdan,2,2
12621,dərgahi,2,2
12622,dərgahı,2,2
12623,dərgahın,2,2
12624,dərgahına,2,2
12625,dərgahında,2,2
12626,dərgahından,2,2
12627,dərgəhin,2,2
12628,dərilərin,2,2
12629,dərindir,2,2
12630,dərinə,2,2
12631,dərmansız,2,2
12632,dərmanıdı,2,2
12633,dərmanına,2,2
12634,dərmədim,2,2
12635,dərvişə,2,2
12636,dəryadan,2,2
12637,dəryadən,2,2
12638,dəryalardan,2,2
12639,dəryanın,2,2
12640,dəryasinə,2,2
12641,dəryasına,2,2
12642,dəryasında,2,2
12643,dərəcədə,2,2
12644,dərəyə,2,2
12645,dəsmal,2,2
12646,dəstrəs,2,2
12647,dəstəmaz,2,2
12648,dəvadə,2,2
12649,dəvasız,2,2
12650,dəvat,2,2
12651,dəvatım,2,1
12652,dəvvarə,2,2
12653,dəvədən,2,2
12654,dəvəni,2,2
12655,dəy,2,2
12656,dəyibdi,2,1
12657,dəyirmanda,2,1
12658,dəyirmanı,2,1
12659,dəyişdilər,2,2
12660,dəyişmişəm,2,2
12661,dəyişmək,2,2
12662,dəyişə,2,1
12663,dəyişən,2,2
12664,dəymirdi,2,2
12665,dəymərəm,2,2
12666,dəyməyib,2,2
12667,dəysə,2,2
12668,dəхi,2,2
12669,dеdiklərin,2,2
12670,dеdisə,2,2
12671,dеdiyin,2,2
12672,dеmir,2,2
12673,dеmirsən,2,2
12674,dеmişdisə,2,2
12675,dеməsi,2,2
12676,dеməyi,2,2
12677,dеməyin,2,2
12678,dеməyə,2,2
12679,dеməzdi,2,1
12680,dеr,2,2
12681,dеrsəm,2,2
12682,dеsə,2,2
12683,dеsələr,2,2
12684,dеsən,2,2
12685,dеyibsən,2,2
12686,dеyilmi,2,1
12687,dеyiləm,2,1
12688,dеyinməyə,2,1
12689,dеyəcək,2,2
12690,dеyəm,2,2
12691,dеyəndən,2,2
12692,dеyərəm,2,2
12693,dоdağı,2,1
12694,dоldu,2,2
12695,dоstuna,2,2
12696,dоğru,2,2
12697,dоğruca,2,2
12698,edilib,2,1
12699,edilən,2,2
12700,edüb,2,2
12701,edǝ,2,2
12702,edəli,2,2
12703,edəlim,2,2
12704,edənə,2,2
12705,edərdim,2,2
12706,edərmi,2,2
12707,edəydi,2,1
12708,edəyim,2,1
12709,edәcәk,2,1
12710,ehram,2,2
12711,ehsani,2,2
12712,ehsanlar,2,2
12713,ehsanə,2,2
12714,ehtimal,2,2
12715,ehtimali,2,2
12716,ehtiraz,2,2
12717,ehtiyacımız,2,2
12718,ehtiyacın,2,2
12719,ehtiyatlı,2,2
12720,ehtiyatı,2,2
12721,ehtiyatın,2,2
12722,ehzar,2,2
12723,elində,2,2
12724,elinə,2,2
12725,eliyirdi,2,1
12726,elləri,2,2
12727,elmində,2,2
12728,elminin,2,2
12729,elədik,2,2
12730,eləmir,2,2
12731,eləmirsən,2,2
12732,elərik,2,1
12733,elərəm,2,2
12734,eləsə,2,2
12735,eləyirsən,2,2
12736,eləyirəm,2,1
12737,eləyəcək,2,1
12738,eləyəcəm,2,1
12739,eləyək,2,2
12740,eləyən,2,2
12741,eləyəndə,2,2
12742,eləyər,2,1
12743,elә,2,1
12744,enib,2,2
12745,ermənilərdən,2,2
12746,ermənilərə,2,1
12747,etdigiçün,2,2
12748,etdiyindən,2,2
12749,etibarı,2,2
12750,etimad,2,2
12751,etiqadına,2,1
12752,etiqadından,2,2
12753,etiraf,2,2
12754,etmin,2,2
12755,etmişlər,2,2
12756,etmǝz,2,2
12757,etməkdən,2,2
12758,etməklə,2,2
12759,etməli,2,2
12760,etməyibsən,2,1
12761,etməyin,2,2
12762,etməyincə,2,2
12763,etməyirsə,2,2
12764,etməyələr,2,2
12765,etməzmi,2,2
12766,etməzsən,2,2
12767,etməzəm,2,2
12768,etsələr,2,2
12769,etsəydi,2,2
12770,evidir,2,2
12771,evindən,2,2
12772,evlənmək,2,2
12773,eybdir,2,2
12774,eybdən,2,2
12775,eybim,2,2
12776,eybini,2,2
12777,eyham,2,2
12778,eyle,2,2
12779,eylǝdi,2,2
12780,eylǝdim,2,2
12781,eylǝyǝn,2,2
12782,eylədikcə,2,2
12783,eylədilər,2,2
12784,eyləmin,2,2
12785,eyləmişdir,2,2
12786,eyləmişlər,2,2
12787,eyləmişsən,2,2
12788,eyləmədi,2,2
12789,eyləmədin,2,2
12790,eyləməzsən,2,2
12791,eyləməzəm,2,2
12792,eyləsəm,2,2
12793,eyləyibdi,2,2
12794,eyləyirsən,2,2
12795,eyləyirəm,2,2
12796,eyləyək,2,2
12797,eyləyələr,2,2
12798,eyləyəsən,2,2
12799,eylәdin,2,1
12800,eyn,2,2
12801,eynimǝ,2,2
12802,eyniyəm,2,2
12803,eyvanına,2,2
12804,eşidibsən,2,2
12805,eşidə,2,2
12806,eşikdə,2,2
12807,eşikdəki,2,1
12808,eşitmədi,2,2
12809,eşitməzsən,2,2
12810,eşitsin,2,2
12811,eşqimə,2,2
12812,eşqindǝ,2,2
12813,eşqindǝn,2,2
12814,eşqsən,2,2
12815,eşşəkdi,2,2
12816,eşşəkdən,2,2
12817,eşşəyin,2,1
12818,facir,2,1
12819,faciə,2,1
12820,fakta,2,1
12821,faktları,2,1
12822,fal,2,2
12823,farmaşın,2,2
12824,fatimeyi,2,2
12825,fatmanın,2,1
12826,feli,2,2
12827,felinə,2,2
12828,feyzilə,2,2
12829,feyzin,2,2
12830,feyzini,2,2
12831,feyzə,2,2
12832,fiddar,2,2
12833,fikarım,2,2
12834,fikirli,2,2
12835,fikirlərini,2,2
12836,fikirlərinə,2,1
12837,fikirlərlə,2,2
12838,fikirləşdilər,2,2
12839,fikirləşdim,2,1
12840,fikirləşə,2,1
12841,fikrdə,2,2
12842,fikrimdə,2,2
12843,fikrimə,2,2
12844,fikrinin,2,2
12845,fildən,2,2
12846,filləri,2,2
12847,filə,2,2
12848,firdövs,2,2
12849,firib,2,2
12850,firidun,2,2
12851,firon,2,2
12852,fironun,2,2
12853,firqǝtin,2,2
12854,firqə,2,2
12855,firqəsindən,2,2
12856,firqətli,2,1
12857,fitnǝ,2,2
12858,fitnədir,2,2
12859,fitnədən,2,2
12860,fitnəli,2,2
12861,fitnəlik,2,2
12862,fitnəsi,2,2
12863,fitrət,2,2
12864,fitə,2,2
12865,formu,2,2
12866,füqara,2,2
12867,füqəradən,2,2
12868,fürsəti,2,2
12869,fıkr,2,2
12870,fıkrindən,2,2
12871,fırlana,2,1
12872,fǝdadır,2,2
12873,fǝrman,2,1
12874,fǝrmandır,2,2
12875,fǝryadü,2,2
12876,fə,2,2
12877,fəhmü,2,1
12878,fəlakət,2,2
12879,fəlakətə,2,2
12880,fəlatun,2,2
12881,fələkdir,2,2
12882,fələkin,2,2
12883,fələkmiqdar,2,2
12884,fəmində,2,2
12885,fənadən,2,2
12886,fənayə,2,2
12887,fəqan,2,2
12888,fəqihi,2,2
12889,fəqiri,2,2
12890,fəqirlik,2,2
12891,fəqrdən,2,2
12892,fəqrin,2,2
12893,fəraqin,2,2
12894,fərar,2,2
12895,fərarə,2,2
12896,fərasətdə,2,2
12897,fərasəti,2,2
12898,fərağı,2,2
12899,fərağında,2,2
12900,fərhadı,2,2
12901,fərmanım,2,2
12902,fərqli,2,2
12903,fəryada,2,1
12904,fəryadıma,2,2
12905,fərə,2,2
12906,fərəhbəxşi,2,2
12907,fərəhdən,2,2
12908,fərəhə,2,2
12909,fəsl,2,2
12910,fəslidir,2,2
12911,fətəhnadır,2,2
12912,fəxarətlə,2,1
12913,fəzilətin,2,2
12914,fəzlin,2,2
12915,fəğanü,2,2
12916,fəğanı,2,2
12917,fəğanımdan,2,2
12918,fəğfur,2,2
12919,fəşan,2,2
12920,gavi,2,2
12921,gecədə,2,2
12922,gecəli,2,1
12923,gecən,2,2
12924,gecəydi,2,2
12925,gedibən,2,2
12926,gedirik,2,2
12927,gedəcəyik,2,1
12928,gedərsiniz,2,1
12929,gendə,2,2
12930,getdikcə,2,2
12931,getmir,2,2
12932,getmişdən,2,2
12933,getmǝ,2,2
12934,getməmişdi,2,1
12935,getmən,2,1
12936,getməsən,2,1
12937,getməyin,2,2
12938,gey,2,2
12939,geyindirdi,2,1
12940,geyinmişdir,2,2
12941,geçə,2,1
12942,gi,2,1
12943,girami,2,2
12944,girdabında,2,2
12945,girdik,2,2
12946,girdilər,2,2
12947,girehi,2,2
12948,giribandan,2,2
12949,giribani,2,2
12950,giribanım,2,2
12951,giribanın,2,2
12952,girirəm,2,2
12953,girov,2,2
12954,giryanı,2,2
12955,girü,2,2
12956,girəm,2,2
12957,gitinüma,2,2
12958,gizlədər,2,1
12959,gizlənməyə,2,2
12960,gizlətdin,2,2
12961,gor,2,2
12962,goz,2,2
12963,gu,2,1
12964,guli,2,2
12965,gur,2,2
12966,guyası,2,2
12967,guşumda,2,2
12968,guşunda,2,2
12969,guşənişin,2,1
12970,göftari,2,2
12971,göftarlı,2,2
12972,göftarı,2,2
12973,gögdən,2,2
12974,gögə,2,1
12975,göl,2,2
12976,gölünə,2,2
12977,göndərin,2,1
12978,göndərir,2,2
12979,göndərirdi,2,2
12980,göndərirlər,2,2
12981,göndərmək,2,2
12982,gönlüm,2,2
12983,gördünmü,2,1
12984,gören,2,2
12985,göricək,2,2
12986,görk,2,2
12987,görmürsənmi,2,2
12988,görmürəm,2,2
12989,görməkdən,2,2
12990,görməsi,2,2
12991,görməyən,2,2
12992,görməyəsən,2,2
12993,görməyəydim,2,2
12994,görsǝ,2,2
12995,görsələr,2,2
12996,görçək,2,2
12997,görübən,2,2
12998,görünmür,2,2
12999,görünsə,2,2
13000,görürük,2,2
13001,görüşdü,2,2
13002,görüşdüm,2,2
13003,görüşüb,2,2
13004,görüşə,2,2
13005,görǝr,2,2
13006,görəcəyi,2,1
13007,görəlim,2,2
13008,görələr,2,2
13009,görəndən,2,2
13010,görəyim,2,2
13011,göstərdikdə,2,2
13012,göstərmir,2,2
13013,göstərmiş,2,2
13014,göstərməsin,2,1
13015,göstərərəm,2,2
13016,götürmüşdü,2,2
13017,götürmə,2,2
13018,götürmədi,2,2
13019,götürmək,2,2
13020,götürməyəcəyəm,2,1
13021,götürsən,2,2
13022,götürüf,2,1
13023,götürürdü,2,2
13024,gövhǝri,2,2
13025,gövhərdi,2,2
13026,gövhərdir,2,2
13027,gövhəridir,2,1
13028,gövhərini,2,2
13029,gövhərli,2,2
13030,gövhərsən,2,2
13031,gövhərəfşan,2,2
13032,göylərdə,2,2
13033,göyərdir,2,2
13034,göyərçintək,2,2
13035,gözlülər,2,2
13036,gözlǝr,2,2
13037,gözlərdən,2,2
13038,gözlərimdə,2,2
13039,gözlərimi,2,2
13040,gözlərimin,2,2
13041,gözləyib,2,2
13042,gözləyəcəm,2,2
13043,gözləyənin,2,2
13044,gözmü,2,2
13045,gözsüz,2,2
13046,gözümnən,2,1
13047,gözümüz,2,2
13048,gözünnən,2,1
13049,gözəldilər,2,1
13050,gözəldən,2,1
13051,gözəlliyə,2,2
13052,gözəlləri,2,2
13053,gözətçilər,2,2
13054,gücdən,2,1
13055,güldülər,2,1
13056,güldürdü,2,2
13057,güllüyə,2,2
13058,gülləni,2,2
13059,güllərdən,2,1
13060,gülmürsən,2,2
13061,gülmürəm,2,2
13062,gülmədi,2,2
13063,gülməz,2,2
13064,gülnar,2,2
13065,gülnara,2,2
13066,gülrüxə,2,2
13067,gülzardə,2,2
13068,gülzarıdır,2,2
13069,gülzarın,2,2
13070,gülzarına,2,2
13071,gülçindir,2,2
13072,gülçöhrə,2,2
13073,gülüdür,2,2
13074,gülümsünür,2,2
13075,gülünü,2,2
13076,gülünün,2,2
13077,gülüstanda,2,2
13078,gülüstandır,2,2
13079,gülüzar,2,2
13080,gülüşmək,2,1
13081,gülüşün,2,2
13082,gülşǝn,2,2
13083,gülşǝndǝ,2,2
13084,gülşəndən,2,2
13085,gülşəninin,2,2
13086,güləcək,2,2
13087,güləndam,2,2
13088,gümana,2,1
13089,gümanə,2,2
13090,gümrahə,2,2
13091,günahkara,2,2
13092,günbəgündən,2,2
13093,gündüzlü,2,1
13094,gündüzə,2,2
13095,gündədir,2,1
13096,güneş,2,2
13097,günlüyün,2,2
13098,günlərim,2,1
13099,günündən,2,2
13100,günüydü,2,2
13101,günǝş,2,2
13102,günəşdə,2,2
13103,güvahi,2,2
13104,güvahim,2,2
13105,güvənib,2,2
13106,güvənmə,2,2
13107,güzaranına,2,2
13108,güzarım,2,2
13109,güşvarəsi,2,2
13110,gǝdayi,2,2
13111,gǝlmǝz,2,2
13112,gǝncin,2,2
13113,gǝrǝk,2,2
13114,gədadən,2,2
13115,gədalərə,2,2
13116,gədanı,2,2
13117,gədayə,2,2
13118,gəlcək,2,2
13119,gəldikdə,2,2
13120,gəldiyim,2,2
13121,gəlibsiniz,2,2
13122,gəlininə,2,2
13123,gəlinlərə,2,2
13124,gəlirsiz,2,2
13125,gəlişinin,2,2
13126,gəlmirsən,2,2
13127,gəlmirəm,2,2
13128,gəlmişdən,2,2
13129,gəlmişik,2,2
13130,gəlmişinnən,2,2
13131,gəlmişkən,2,1
13132,gəlmədiyi,2,2
13133,gəlmək,2,2
13134,gəlməmiş,2,2
13135,gəlməsi,2,2
13136,gəlməsini,2,1
13137,gəlməsən,2,2
13138,gəlməyinə,2,2
13139,gəlməyən,2,2
13140,gəlməzdi,2,2
13141,gəlməzsən,2,2
13142,gələnlərin,2,2
13143,gələrək,2,2
13144,gələsən,2,2
13145,gəmirib,2,2
13146,gəncinə,2,2
13147,gəncliyim,2,2
13148,gəncə,2,2
13149,gəncəbasana,2,2
13150,gərdişə,2,2
13151,gərduni,2,2
13152,gərməyə,2,1
13153,gəstirgəni,2,1
13154,gətirdikləri,2,2
13155,gətirilən,2,2
13156,gətirmir,2,1
13157,gətirməsən,2,1
13158,gətirəcək,2,2
13159,gətirəcəm,2,2
13160,gətirərəm,2,2
13161,gəzin,2,2
13162,gəzirdi,2,2
13163,gəzirsən,2,2
13164,gəzməyə,2,2
13165,gəzməz,2,2
13166,gəzsin,2,2
13167,gəzərdim,2,2
13168,gəştə,2,2
13169,gеc,2,2
13170,gеcədən,2,2
13171,gеcəki,2,1
13172,gеcənin,2,1
13173,gеdirdi,2,2
13174,gеdirik,2,2
13175,gеdəcək,2,2
13176,gеdəli,2,2
13177,gеdərdi,2,2
13178,gеthagеt,2,1
13179,gеtsək,2,2
13180,gеyir,2,2
13181,gәl,2,2
13182,hac,2,2
13183,haci,2,2
13184,hacəti,2,2
13185,hadisələrdən,2,2
13186,hadiyi,2,2
13187,hafizi,2,2
13188,halaldı,2,2
13189,halalı,2,2
13190,haldır,2,2
13191,hallar,2,2
13192,halü,2,2
13193,halıdı,2,2
13194,halıyam,2,2
13195,halətdən,2,2
13196,hamayıl,2,2
13197,hami,2,2
13198,hamınızı,2,2
13199,hamısnı,2,2
13200,han,2,1
13201,hani,2,2
13202,hansıdır,2,2
13203,hansımızı,2,1
13204,haq,2,2
13205,haqdır,2,2
13206,haramdan,2,2
13207,haramı,2,2
13208,haray,2,2
13209,harayına,2,2
13210,hardadır,2,2
13211,hardandı,2,2
13212,hardasa,2,2
13213,hasara,2,2
13214,hasarı,2,2
13215,hasilim,2,2
13216,hasilin,2,2
13217,havadar,2,2
13218,havalanıb,2,2
13219,havalar,2,2
13220,havasından,2,2
13221,havaxt,2,2
13222,havaya,2,2
13223,havaynan,2,1
13224,haydı,2,2
13225,hazirü,2,1
13226,hazırcavab,2,2
13227,haşiyə,2,2
13228,helmü,2,2
13229,hem,2,2
13230,hesabın,2,2
13231,hesabını,2,1
13232,heydar,2,1
13233,heydara,2,2
13234,heydǝrin,2,2
13235,heydərin,2,2
13236,heyfdir,2,2
13237,heyraniyǝm,2,2
13238,heyranlığım,2,1
13239,heyranı,2,2
13240,heyranıdır,2,2
13241,heyrətim,2,2
13242,heyvani,2,2
13243,heyvanımız,2,1
13244,heyvanın,2,2
13245,heyvanǝ,2,2
13246,heyvanə,2,2
13247,heçliyə,2,2
13248,heş,2,1
13249,hicabı,2,2
13250,hicaz,2,2
13251,hicrana,2,1
13252,hicranındadır,2,1
13253,hicranǝ,2,2
13254,hicrinin,2,2
13255,hikmǝti,2,1
13256,hikmətdən,2,2
13257,hikmətim,2,2
13258,himməti,2,2
13259,himmətin,2,2
13260,hindistan,2,2
13261,hirmandan,2,2
13262,hirmanə,2,2
13263,hirslə,2,1
13264,hirslənmişdi,2,1
13265,hirsü,2,1
13266,hiss,2,2
13267,hissinin,2,1
13268,hiyləsindən,2,2
13269,hovanеs,2,1
13270,huridən,2,2
13271,hurim,2,2
13272,hurimisən,2,2
13273,huşu,2,2
13274,huşumu,2,2
13275,höccətü,2,2
13276,hökminə,2,2
13277,hökmünün,2,2
13278,hökmə,2,2
13279,hörmətdən,2,2
13280,hörmətə,2,2
13281,hörübsən,2,2
13282,hörükləri,2,2
13283,hörüyü,2,2
13284,hübb,2,1
13285,hücrəsi,2,2
13286,hüda,2,2
13287,hüdhüd,2,2
13288,hümanın,2,2
13289,hümayi,2,2
13290,hümayun,2,2
13291,hünərim,2,2
13292,hünərini,2,2
13293,hünərə,2,2
13294,hüquqşünas,2,1
13295,hürməsin,2,2
13296,hürufu,2,2
13297,hüseynov,2,1
13298,hüsnini,2,2
13299,hüsninǝ,2,2
13300,hüsnündür,2,2
13301,hüsyen,2,1
13302,hüsеyni,2,2
13303,hüznü,2,2
13304,hüzur,2,2
13305,hüzuri,2,2
13306,hǝddǝn,2,2
13307,hǝftǝ,2,1
13308,hǝqq,2,2
13309,hǝqqi,2,2
13310,hǝsrǝti,2,2
13311,hǝsud,2,2
13312,hǝyyi,2,2
13313,həbadır,2,2
13314,həbbi,2,2
13315,həbibullah,2,2
13316,həbs,2,2
13317,həbəşi,2,2
13318,həccə,2,2
13319,həcərə,2,1
13320,həcərəm,2,2
13321,həddini,2,1
13322,həddə,2,1
13323,hədisim,2,2
13324,hədisü,2,2
13325,hədyandı,2,2
13326,hədəfə,2,1
13327,həftələrlə,2,2
13328,həkimanə,2,2
13329,həkimə,2,2
13330,həl,2,2
13331,həlakim,2,2
13332,həlakətə,2,1
13333,həlqədir,2,2
13334,həmdü,2,2
13335,həmdülillah,2,1
13336,həmdəmlər,2,2
13337,həmdəmü,2,2
13338,həmdərd,2,2
13339,həmidin,2,1
13340,həmidəxisal,2,2
13341,həmişəlik,2,2
13342,həml,2,2
13343,həmlə,2,2
13344,həmmam,2,1
13345,həmrəhi,2,1
13346,həmrəng,2,2
13347,həmvarə,2,2
13348,həmə,2,2
13349,həmədan,2,2
13350,hənadan,2,2
13351,hənası,2,2
13352,hənəkdən,2,2
13353,həqarət,2,2
13354,həqayiq,2,2
13355,həqdə,2,2
13356,həqdəndir,2,2
13357,həqiqi,2,2
13358,həqiqətdir,2,2
13359,həqiqətə,2,2
13360,həqirəm,2,2
13361,həqiçün,2,2
13362,hərarətdən,2,2
13363,hərarəti,2,2
13364,hərca,2,2
13365,hərcayının,2,2
13366,hərflə,2,2
13367,həriflər,2,2
13368,hərləndi,2,2
13369,hərzəvü,2,2
13370,hərəkat,2,2
13371,hərəniz,2,2
13372,həsir,2,2
13373,həsrətdən,2,2
13374,həsrətim,2,2
13375,həsrətlə,2,2
13376,həsrətlər,2,2
13377,həssan,2,2
13378,həsəddən,2,2
13379,həvadarü,2,2
13380,həvadə,2,2
13381,həvavü,2,2
13382,həvayə,2,2
13383,həvəsdən,2,2
13384,həvəsilə,2,2
13385,həvəsinə,2,1
13386,həyan,2,2
13387,həyası,2,2
13388,həyyü,2,2
13389,həyətə,2,1
13390,həzarat,2,2
13391,həzinə,2,2
13392,həzrətqulu,2,1
13393,həzz,2,2
13394,həzərat,2,2
13395,həşrü,2,2
13396,həşrə,2,2
13397,həşrədək,2,2
13398,həşəməti,2,2
13399,həə,2,1
13400,hеydər,2,2
13401,hеydəri,2,2
13402,hеyf,2,2
13403,hәm,2,1
13404,hәr,2,2
13405,ibadəti,2,2
13406,ibarət,2,2
13407,ibni,2,2
13408,ibtidadə,2,2
13409,ibtidası,2,2
13410,idbarə,2,2
13411,iddia,2,1
13412,idrakü,2,2
13413,idrakın,2,2
13414,ifrat,2,2
13415,iftar,2,2
13416,ifşayi,2,2
13417,igid,2,1
13418,ikidir,2,2
13419,ikigünlük,2,1
13420,ikiyə,2,2
13421,ilac,2,2
13422,ilahim,2,2
13423,ildi,2,2
13424,ildırım,2,2
13425,ilhami,2,2
13426,ilki,2,2
13427,illərdü,2,2
13428,illərlə,2,2
13429,ilqarın,2,2
13430,ilticaya,2,2
13431,iltifatın,2,2
13432,iltifatından,2,2
13433,iltimas,2,2
13434,iltər,2,2
13435,iləyəm,2,1
13436,ima,2,2
13437,imama,2,1
13438,imamlar,2,1
13439,imamların,2,1
13440,imamı,2,2
13441,imanımız,2,2
13442,imanımızdır,2,2
13443,imdadı,2,2
13444,imperiya,2,1
13445,imü,2,2
13446,inanmazam,2,2
13447,inanmazsan,2,2
13448,inanmırdı,2,2
13449,incidə,2,2
13450,incimişəm,2,2
13451,inciməsin,2,2
13452,incini,2,2
13453,incinib,2,2
13454,incitdi,2,2
13455,inciyi,2,2
13456,incǝ,2,2
13457,incədir,2,2
13458,incəlib,2,2
13459,indisə,2,2
13460,ində,2,2
13461,indəhü,2,2
13462,inkara,2,2
13463,inkarımız,2,2
13464,innabı,2,2
13465,insanatı,2,2
13466,insanda,2,2
13467,insandır,2,2
13468,insanlara,2,2
13469,intiqam,2,2
13470,intiqama,2,2
13471,inşaallah,2,1
13472,inəklər,2,1
13473,inəyin,2,1
13474,ipini,2,2
13475,iplə,2,2
13476,ipəkdən,2,2
13477,iqbalı,2,2
13478,iqdi,2,2
13479,iqlim,2,2
13480,irana,2,2
13481,irazılıx,2,1
13482,iriş,2,2
13483,irişdir,2,2
13484,irəftardı,2,2
13485,irəftarına,2,2
13486,irəm,2,2
13487,irəvan,2,2
13488,irəvana,2,2
13489,isbata,2,2
13490,isbatlanıb,2,2
13491,isin,2,2
13492,iskǝndǝri,2,2
13493,islama,2,2
13494,islamam,2,1
13495,islamın,2,2
13496,islanar,2,2
13497,ismayılı,2,2
13498,ismin,2,2
13499,isminə,2,2
13500,israr,2,2
13501,iste,2,2
13502,istifa,2,2
13503,istil,2,2
13504,istima,2,2
13505,istirahətlə,2,2
13506,istiva,2,2
13507,istivadan,2,2
13508,istiyillər,2,1
13509,istiyirsən,2,1
13510,istiğfar,2,2
13511,istiğnayə,2,2
13512,istǝmǝn,2,2
13513,istədin,2,2
13514,istədiyi,2,2
13515,istədiyin,2,2
13516,istəgil,2,2
13517,istəmədilər,2,2
13518,istərkən,2,2
13519,istəsələr,2,2
13520,istəsəm,2,2
13521,istəyim,2,2
13522,istəyənlə,2,2
13523,isəvi,2,2
13524,itdən,2,2
13525,itirdi,2,2
13526,itirirdi,2,1
13527,itirmişəm,2,2
13528,itirər,2,2
13529,itlər,2,2
13530,itləri,2,2
13531,itmam,2,2
13532,itmamə,2,2
13533,ittiham,2,1
13534,ixlasilǝ,2,2
13535,ixrac,2,2
13536,ixtilafi,2,2
13537,ixtilati,2,2
13538,ixtira,2,2
13539,ixtiyarını,2,2
13540,ixvani,2,2
13541,iyiddilər,2,2
13542,iyiddir,2,2
13543,iyiddən,2,2
13544,iyidlik,2,2
13545,iyidlərdə,2,2
13546,iyidsən,2,2
13547,iyidəm,2,2
13548,iynənin,2,1
13549,iyyəti,2,1
13550,izdə,2,1
13551,izinə,2,2
13552,izn,2,1
13553,iztirabın,2,2
13554,izzətdə,2,2
13555,içiməyəsən,2,2
13556,içindir,2,2
13557,içkisi,2,2
13558,içməkdən,2,2
13559,içməyi,2,2
13560,içsin,2,2
13561,içəndə,2,2
13562,içənlər,2,2
13563,içənə,2,2
13564,içərisində,2,2
13565,işdəri,2,1
13566,işimi,2,2
13567,işlədilirdi,2,1
13568,işlədiyin,2,2
13569,işlənir,2,2
13570,işlərdə,2,2
13571,işlərinə,2,2
13572,işləsə,2,2
13573,işləyən,2,2
13574,işrətdə,2,1
13575,işrətin,2,2
13576,iştahla,2,2
13577,iştirak,2,1
13578,iştiyaqından,2,2
13579,işıqdan,2,2
13580,işıqlandı,2,2
13581,işığıyla,2,2
13582,jalə,2,1
13583,jalədən,2,2
13584,jalələr,2,2
13585,kafedra,2,1
13586,kafedrada,2,1
13587,kafiri,2,2
13588,kafirə,2,2
13589,kaftar,2,2
13590,kafǝr,2,2
13591,kafəri,2,2
13592,kafərə,2,2
13593,kafәr,2,1
13594,kah,2,2
13595,kakil,2,2
13596,kakilə,2,2
13597,kalman,2,2
13598,kama,2,2
13599,kamaldı,2,2
13600,kamalıdı,2,2
13601,kamalını,2,2
13602,kamanı,2,2
13603,kamildir,2,2
13604,kamran,2,2
13605,kamı,2,2
13606,kanın,2,2
13607,kanısan,2,2
13608,kargahi,2,2
13609,karvanda,2,2
13610,karvanı,2,2
13611,karü,2,2
13612,karıma,2,2
13613,karımız,2,2
13614,katibləri,2,2
13615,kağızları,2,2
13616,kefdə,2,2
13617,keyfiyyətin,2,2
13618,keyik,2,2
13619,keçi,2,2
13620,keçif,2,1
13621,keçirdin,2,2
13622,keçirdiyi,2,2
13623,keçirirdi,2,2
13624,keçirmə,2,2
13625,keçək,2,2
13626,keçənə,2,2
13627,keçəsən,2,2
13628,keşikçi,2,2
13629,keşməmiş,2,1
13630,kibr,2,2
13631,kibridən,2,2
13632,kibriya,2,2
13633,kifaf,2,2
13634,kilab,2,2
13635,kilid,2,2
13636,kilidi,2,2
13637,kilometr,2,2
13638,kimisinə,2,2
13639,kimiyəm,2,2
13640,kimiz,2,2
13641,kimliyi,2,1
13642,kimnən,2,2
13643,kimsənəyə,2,2
13644,kimsəyi,2,2
13645,kimǝ,2,2
13646,kinci,2,2
13647,kinli,2,2
13648,kirdigar,2,2
13649,kirpik,2,2
13650,kirpikləri,2,2
13651,kirpiyində,2,2
13652,kirpiyini,2,2
13653,kisi,2,2
13654,kisədə,2,1
13655,kisəni,2,2
13656,kisəsini,2,1
13657,kisəyə,2,2
13658,kitabda,2,2
13659,kitabi,2,2
13660,kitabü,2,2
13661,kitabım,2,2
13662,kobud,2,2
13663,kolu,2,1
13664,korrux,2,1
13665,kotan,2,2
13666,kotanı,2,2
13667,kovsər,2,2
13668,koxa,2,2
13669,kral,2,1
13670,kram,2,2
13671,kudur,2,2
13672,kufə,2,2
13673,kuh,2,2
13674,kuhü,2,2
13675,kur,2,2
13676,kutah,2,2
13677,kuyindǝ,2,2
13678,kuyini,2,2
13679,kuzəyə,2,2
13680,köftar,2,2
13681,köksümü,2,2
13682,köksün,2,2
13683,köksünə,2,2
13684,kökə,2,2
13685,kölgəsi,2,2
13686,köməksiz,2,2
13687,köməyi,2,2
13688,köməyə,2,2
13689,könlümüz,2,2
13690,könlünǝ,2,2
13691,könlüvü,2,2
13692,könüldür,2,2
13693,könüldǝ,2,2
13694,könüllə,2,2
13695,könüllərdə,2,2
13696,köpəyə,2,2
13697,körpünün,2,1
13698,körpəcə,2,2
13699,körpələr,2,2
13700,körpəsi,2,2
13701,kötüyünə,2,2
13702,kövn,2,2
13703,kövrəlib,2,2
13704,kövsǝrdir,2,2
13705,kövsərin,2,2
13706,köynəyi,2,2
13707,köynəyinin,2,2
13708,köyrək,2,1
13709,köyrəklənibdir,2,1
13710,köz,2,2
13711,köç,2,2
13712,köçdəkilər,2,1
13713,köçü,2,2
13714,köçürdüb,2,2
13715,köçürtdü,2,1
13716,köçürüb,2,2
13717,köçər,2,2
13718,köşəsi,2,1
13719,küffar,2,2
13720,küffarə,2,2
13721,küllühüm,2,1
13722,külündən,2,2
13723,külüng,2,2
13724,küləklə,2,2
13725,küncünü,2,2
13726,küncə,2,2
13727,küntə,2,2
13728,küpün,2,2
13729,kürdün,2,2
13730,küreyi,2,2
13731,kürnuş,2,2
13732,kürsi,2,2
13733,kürsüdə,2,2
13734,kürsün,2,2
13735,küruhi,2,2
13736,kürəsi,2,2
13737,kürəyinin,2,2
13738,küsməyə,2,2
13739,küt,2,2
13740,kütahı,2,2
13741,küçələri,2,2
13742,küçəsində,2,2
13743,kığ,2,2
13744,kǝbǝyi,2,1
13745,kǝmǝrdir,2,2
13746,kǝnar,2,2
13747,kəbabi,2,2
13748,kəbəni,2,2
13749,kəbəsi,2,2
13750,kəcirəftar,2,2
13751,kəcrəftar,2,2
13752,kəcrəftarə,2,2
13753,kəfənim,2,2
13754,kəhkəşan,2,2
13755,kəkliyə,2,2
13756,kəlamdı,2,2
13757,kəlami,2,2
13758,kəlamüllah,2,2
13759,kəlbəcərə,2,1
13760,kəlim,2,2
13761,kəlimatı,2,1
13762,kəlisada,2,2
13763,kəllə,2,1
13764,kəlməli,2,2
13765,kəlməni,2,2
13766,kələm,2,2
13767,kəmalinə,2,2
13768,kəmalü,2,2
13769,kəmanə,2,2
13770,kəmi,2,2
13771,kəmislihi,2,2
13772,kəmərbəstəsidi,2,2
13773,kəmərin,2,2
13774,kəmərini,2,2
13775,kənari,2,1
13776,kənarı,2,2
13777,kəndiləri,2,1
13778,kəndimə,2,2
13779,kəndirə,2,2
13780,kəndiyə,2,1
13781,kəndlərdə,2,2
13782,kəndlərdən,2,2
13783,kəniz,2,1
13784,kənzin,2,2
13785,kəramətdir,2,2
13786,kəraməti,2,2
13787,kəran,2,1
13788,kərgədandan,2,2
13789,kərimdi,2,2
13790,kərməsin,2,2
13791,kərpici,2,2
13792,kərrən,2,1
13793,kərəmdən,2,2
13794,kərəmindən,2,2
13795,kərəmlər,2,2
13796,kərəmə,2,2
13797,kəsdirdi,2,2
13798,kəsifdir,2,2
13799,kəsmişəm,2,2
13800,kəsmədar,2,2
13801,kəsməyib,2,2
13802,kəsməz,2,2
13803,kəsrani,2,1
13804,kəsrü,2,2
13805,kəsrətindən,2,2
13806,kəssə,2,2
13807,kəssən,2,2
13808,kəsələr,2,2
13809,kəsəmənli,2,2
13810,kəsərik,2,1
13811,kəsərlər,2,2
13812,kəsəyən,2,1
13813,kəvakib,2,2
13814,kəvərdən,2,1
13815,kəzzafa,2,2
13816,kəşfü,2,2
13817,kəştini,2,2
13818,kəştiyi,2,2
13819,kеçi,2,2
13820,kеçir,2,2
13821,kеçirdiyi,2,1
13822,kеçmək,2,2
13823,kеçər,2,2
13824,kәrbübәla,2,1
13825,lahim,2,2
13826,laladan,2,2
13827,lalasını,2,2
13828,laleyi,2,2
13829,laləni,2,2
13830,lalərüx,2,2
13831,lalərəng,2,2
13832,laləvü,2,2
13833,lalеyi,2,2
13834,lame,2,2
13835,landan,2,1
13836,latayır,2,1
13837,lay,2,1
13838,layiqli,2,2
13839,laçindir,2,1
13840,lağa,2,2
13841,lağəri,2,2
13842,leyi,2,2
13843,leyliyə,2,2
13844,leşinə,2,1
13845,lhamımın,2,2
13846,libasa,2,2
13847,libasına,2,2
13848,libasından,2,2
13849,liberalizmə,2,1
13850,liqasın,2,2
13851,lisanə,2,2
13852,loh,2,2
13853,lovğalanar,2,1
13854,loğmandı,2,2
13855,loğmanü,2,2
13856,loğmanı,2,2
13857,loğmanə,2,1
13858,ltifat,2,2
13859,löqmə,2,1
13860,lövh,2,2
13861,lövhində,2,2
13862,lövhü,2,2
13863,löğməyə,2,2
13864,lüt,2,1
13865,lütfdür,2,2
13866,lütfdən,2,2
13867,lütfündən,2,2
13868,lütfə,2,2
13869,lütfən,2,2
13870,lǝbindǝn,2,2
13871,lǝl,2,2
13872,lǝli,2,2
13873,ləbində,2,2
13874,ləbinlə,2,2
13875,ləblərindir,2,2
13876,ləbə,2,2
13877,ləcə,2,2
13878,ləhceyi,2,2
13879,ləhcən,2,2
13880,ləhcеyi,2,2
13881,ləhni,2,1
13882,ləhvü,2,1
13883,ləhzeyi,2,2
13884,ləin,2,2
13885,ləkəl,2,1
13886,ləlində,2,2
13887,ləlinə,2,2
13888,ləngə,2,2
13889,lərzə,2,2
13890,ləsi,2,2
13891,lətafətdə,2,2
13892,lətafətdən,2,2
13893,lətifim,2,2
13894,ləxt,2,1
13895,ləzzətdə,2,2
13896,ləzzətdədi,2,2
13897,ləzzətindən,2,2
13898,ləçəyi,2,2
13899,ləşkər,2,1
13900,ləşkərim,2,2
13901,ləəb,2,1
13902,macəradan,2,2
13903,macəradır,2,2
13904,maddım,2,1
13905,madihi,2,2
13906,mahalda,2,2
13907,mahallarda,2,2
13908,mahalına,2,1
13909,mahalından,2,2
13910,mahin,2,2
13911,mahiyyəti,2,2
13912,mahlərə,2,1
13913,mahmud,2,2
13914,mahın,2,2
13915,mai,2,2
13916,malamal,2,2
13917,maldı,2,2
13918,malik,2,2
13919,malların,2,2
13920,malə,2,2
13921,manaf,2,2
13922,manatın,2,2
13923,mansırın,2,2
13924,manǝndi,2,2
13925,maralın,2,2
13926,maraqlıdır,2,2
13927,mardan,2,2
13928,marın,2,2
13929,marǝt,2,2
13930,marə,2,2
13931,matəmdir,2,2
13932,mavi,2,2
13933,mayeyi,2,2
13934,mayəsi,2,1
13935,maçindir,2,2
13936,maü,2,2
13937,mehdiyi,2,2
13938,mehmanım,2,2
13939,mehmanə,2,2
13940,mehrabi,2,2
13941,mehrabına,2,2
13942,mehrilə,2,2
13943,mehrim,2,1
13944,mehrinlə,2,2
13945,merac,2,2
13946,meydanǝ,2,2
13947,meyim,2,2
13948,meyin,2,2
13949,meyindən,2,2
13950,meykədə,2,2
13951,meylü,2,2
13952,meymun,2,1
13953,meyvəsi,2,2
13954,meyxanənin,2,1
13955,meşədən,2,2
13956,millətinə,2,1
13957,millətçi,2,1
13958,millətə,2,2
13959,milçəklər,2,2
13960,minada,2,2
13961,minadan,2,2
13962,minanın,2,2
13963,minbir,2,2
13964,minbəd,2,2
13965,mindən,2,1
13966,miniət,2,2
13967,minnətin,2,2
13968,minudur,2,2
13969,minər,2,2
13970,minəş,2,2
13971,mirat,2,2
13972,mirvarı,2,2
13973,mirzəgilin,2,1
13974,mirzənin,2,1
13975,misalın,2,1
13976,misilsiz,2,2
13977,misir,2,2
13978,misirin,2,2
13979,miskini,2,2
13980,mislim,2,2
13981,mislin,2,2
13982,mismar,2,2
13983,misrdə,2,2
13984,misrin,2,2
13985,miyani,2,2
13986,miyanın,2,2
13987,mizac,2,2
13988,mizaci,2,2
13989,mizacın,2,2
13990,mizanını,2,2
13991,mişar,2,2
13992,mişk,2,2
13993,mişkə,2,2
13994,mollaların,2,2
13995,molo,2,1
13996,motaldan,2,2
13997,moyi,2,1
13998,mudur,2,2
13999,munda,2,2
14000,mundan,2,2
14001,mura,2,2
14002,muradımız,2,2
14003,murdarinə,2,2
14004,murovlar,2,2
14005,murə,2,2
14006,musanı,2,1
14007,musaya,2,2
14008,museyi,2,2
14009,mustafaya,2,2
14010,mustafıya,2,1
14011,musurman,2,1
14012,musurmannarın,2,1
14013,muxtarə,2,2
14014,muzd,2,2
14015,muşlar,2,2
14016,muştuluqçu,2,1
14017,muştuluğa,2,2
14018,möcüzü,2,2
14019,möcüzündən,2,2
14020,möhlət,2,2
14021,möhnətdir,2,2
14022,möhnətdə,2,2
14023,möhnətim,2,2
14024,möhnətimə,2,2
14025,möhnətindən,2,2
14026,möhnətini,2,2
14027,möhtacdı,2,2
14028,möhtaci,2,2
14029,möhtacə,2,2
14030,möminsən,2,2
14031,mövladı,2,2
14032,mövlasına,2,2
14033,mövlayə,2,2
14034,mövtun,2,2
14035,mövzuninə,2,2
14036,müaliclər,2,2
14037,müayinə,2,2
14038,mübahət,2,2
14039,mübtəlayi,2,2
14040,mübəddəl,2,2
14041,müctəba,2,2
14042,müctəhidçün,2,1
14043,müddəilər,2,2
14044,müddәt,2,2
14045,müfid,2,2
14046,müflis,2,2
14047,müfərrihdir,2,2
14048,mühibbə,2,2
14049,mühitü,2,2
14050,mühəqqər,2,2
14051,mühəssəndir,2,2
14052,müin,2,2
14053,müjdəsi,2,2
14054,müjganinə,2,2
14055,müjganım,2,2
14056,müjganına,2,2
14057,müjə,2,2
14058,müjəm,2,2
14059,mükəddərdir,2,2
14060,mükəmməl,2,1
14061,mülkini,2,2
14062,mülkinǝ,2,2
14063,mülküm,2,1
14064,mümkinat,2,2
14065,mümkünmü,2,2
14066,mümtaz,2,2
14067,mün,2,2
14068,münasibət,2,1
14069,münasibətdə,2,1
14070,münfəil,2,2
14071,münim,2,2
14072,münir,2,2
14073,münkirə,2,2
14074,müntǝha,2,2
14075,müntəha,2,2
14076,müntəziri,2,2
14077,münzil,2,2
14078,münzəl,2,2
14079,münəzzəh,2,2
14080,müqabilində,2,1
14081,müqbil,2,2
14082,müqim,2,2
14083,müqəddəs,2,2
14084,müqərrərdi,2,2
14085,müqərrəyin,2,1
14086,müqəssir,2,2
14087,mürad,2,2
14088,mürdəyə,2,2
14089,mürgi,2,2
14090,mürsəl,2,2
14091,mürüvvətdəndir,2,1
14092,mürğ,2,2
14093,mürğünü,2,2
14094,mürşid,2,2
14095,mürəbbidən,2,1
14096,mürəkkəb,2,2
14097,müsahibdən,2,2
14098,müsbət,2,2
14099,müstövcibi,2,1
14100,müstəcab,2,2
14101,müstədam,2,2
14102,müstəhsən,2,2
14103,müstəsna,2,2
14104,müsəffadır,2,2
14105,müsəlmana,2,2
14106,müsəlmanın,2,2
14107,müsəvvir,2,2
14108,müttəqi,2,2
14109,müttəsildi,2,2
14110,mütərra,2,2
14111,müvəffəqəddin,2,1
14112,müxəmməsdən,2,1
14113,müxənnəs,2,2
14114,müxənnəsdə,2,2
14115,müxənnətdədi,2,2
14116,müxənnətə,2,2
14117,müyəssərdir,2,2
14118,müztərsən,2,2
14119,müğ,2,2
14120,müşahidə,2,2
14121,müşgüldü,2,2
14122,müşgünazın,2,1
14123,müşkin,2,2
14124,müşkinin,2,2
14125,müşkülüm,2,2
14126,müşriki,2,2
14127,müştaqam,2,2
14128,müştǝridir,2,2
14129,müştəridi,2,2
14130,müştəridir,2,2
14131,müştərinin,2,2
14132,müəbbirdən,2,1
14133,müəlla,2,2
14134,müəllim,2,2
14135,müəllimdir,2,2
14136,müəllimi,2,2
14137,müəmmalı,2,2
14138,müəmmayə,2,1
14139,müəzzəm,2,2
14140,mıqıça,2,1
14141,mıqıçın,2,1
14142,mǝclisindǝ,2,2
14143,mǝcnun,2,2
14144,mǝdǝni,2,2
14145,mǝhi,2,2
14146,mǝhrǝm,2,2
14147,mǝhǝmmǝd,2,2
14148,mǝkan,2,2
14149,mǝndǝn,2,2
14150,mǝnǝm,2,2
14151,mǝqam,2,2
14152,mǝrdanǝ,2,2
14153,mǝskǝn,2,2
14154,mǝstü,2,2
14155,mǝşşatǝ,2,2
14156,məani,2,2
14157,məazallah,2,2
14158,məcazı,2,1
14159,məcburən,2,2
14160,məclisim,2,2
14161,məcmui,2,2
14162,məcmuеyi,2,2
14163,məcnundur,2,2
14164,məcər,2,2
14165,məddahi,2,2
14166,mədhdən,2,2
14167,mədhim,2,2
14168,mədhini,2,2
14169,mədhü,2,2
14170,mədid,2,1
14171,mədrəsədə,2,2
14172,mədum,2,2
14173,məfhum,2,2
14174,məftun,2,2
14175,məgəs,2,2
14176,məhbusi,2,2
14177,məhdi,2,2
14178,məhkum,2,2
14179,məhru,2,2
14180,məhsul,2,2
14181,məhvəşlər,2,1
14182,məhzunə,2,2
14183,məhzəri,2,2
14184,məhşəri,2,2
14185,məhəbbətdir,2,2
14186,məhəbbətdədi,2,2
14187,məhəbbətdəndir,2,1
14188,məhəbbəti,2,2
14189,məhəbbətim,2,2
14190,məhək,2,2
14191,məhəmməddəki,2,1
14192,məhərrəmlik,2,1
14193,məhərrəmliyin,2,1
14194,məkandır,2,2
14195,məkanü,2,2
14196,məkanım,2,2
14197,məkanımız,2,1
14198,məkanından,2,2
14199,məkkə,2,2
14200,məkri,2,1
14201,məkrü,2,2
14202,məktəbdə,2,1
14203,məkəs,2,2
14204,məkəsə,2,1
14205,məlahətdə,2,2
14206,məlakədi,2,2
14207,məlalım,2,2
14208,məlhəmi,2,2
14209,məlikzadə,2,1
14210,məlikşah,2,1
14211,məlu,2,2
14212,məluna,2,2
14213,mələklərdən,2,2
14214,mələkmənzər,2,2
14215,mələkutəm,2,2
14216,mələkzadasan,2,2
14217,mələkzadə,2,2
14218,mələyə,2,2
14219,məmləkətdədi,2,2
14220,məmməd,2,2
14221,məmən,2,2
14222,mənadə,2,2
14223,mənadən,2,2
14224,mənalı,2,2
14225,mənanı,2,2
14226,mənasın,2,2
14227,mənasında,2,2
14228,məndədi,2,1
14229,mənfi,2,2
14230,mənidən,2,2
14231,mənna,2,1
14232,mənsurləyin,2,2
14233,mənsəbi,2,1
14234,mənzilidir,2,2
14235,mənü,2,2
14236,məqamda,2,2
14237,məqbul,2,2
14238,məqbulinə,2,2
14239,məqsudu,2,2
14240,məqsudum,2,2
14241,məqsədini,2,2
14242,məqədindən,2,2
14243,məqərr,2,2
14244,mərac,2,2
14245,mərarətdən,2,2
14246,mərc,2,2
14247,mərcanım,2,2
14248,mərdanası,2,2
14249,mərdanı,2,2
14250,mərdanın,2,2
14251,mərdimazarın,2,2
14252,mərdlərə,2,2
14253,mərdudi,2,2
14254,mərdümlük,2,2
14255,mərdümün,2,2
14256,mərfətdə,2,2
14257,mərg,2,2
14258,mərhələdən,2,2
14259,mərhəmi,2,2
14260,mərhəmətdəndir,2,1
14261,mərhəmətli,2,2
14262,mərifətdi,2,1
14263,mərifətə,2,2
14264,mərmərdən,2,2
14265,mərrix,2,2
14266,məruz,2,2
14267,mərəkə,2,2
14268,mərəz,2,2
14269,məsa,2,2
14270,məscidlərə,2,2
14271,məscudi,2,1
14272,məsihadır,2,2
14273,məsihayi,2,2
14274,məsihi,2,2
14275,məsihü,2,2
14276,məskəndə,2,2
14277,məskənidir,2,2
14278,məskənim,2,2
14279,məskənin,2,2
14280,məskənət,2,2
14281,məsləhətdir,2,2
14282,məstanəsi,2,2
14283,məstlik,2,2
14284,məstlər,2,2
14285,məsəlin,2,2
14286,məsələdən,2,2
14287,məsələn,2,1
14288,məsələsidir,2,1
14289,məsələsini,2,1
14290,məta,2,2
14291,məvayə,2,2
14292,məxluq,2,2
14293,məxmur,2,2
14294,məzann,2,1
14295,məzaqi,2,2
14296,məzar,2,2
14297,məzarımı,2,2
14298,məzarına,2,2
14299,məzarə,2,1
14300,məzhəbinin,2,1
14301,məzhəblər,2,1
14302,məzhəblərin,2,1
14303,məziyyət,2,2
14304,məzlumu,2,2
14305,məzədən,2,2
14306,məzəli,2,2
14307,məğbun,2,2
14308,məğfirət,2,2
14309,məşami,2,2
14310,məşhər,2,2
14311,məşriqin,2,2
14312,məşrəb,2,2
14313,məşrəbü,2,2
14314,məşğuli,2,2
14315,məşəd,2,2
14316,məşəqqət,2,2
14317,məсlis,2,1
14318,mе,2,1
14319,mеhman,2,2
14320,mеhriban,2,2
14321,mеhribançılıq,2,1
14322,mеhribanıdı,2,2
14323,mеhrü,2,2
14324,mеydanda,2,2
14325,mеyl,2,2
14326,mеylim,2,2
14327,mеylini,2,2
14328,nabata,2,2
14329,nabatı,2,2
14330,nabı,2,2
14331,nabələdsən,2,2
14332,nadana,2,2
14333,nadandır,2,2
14334,nadanı,2,2
14335,nadanım,2,2
14336,nahaqdı,2,2
14337,nahaqq,2,2
14338,nahəq,2,2
14339,naib,2,2
14340,nail,2,2
14341,nakamə,2,2
14342,nakəslərin,2,2
14343,nalam,2,2
14344,nalbənd,2,2
14345,nalını,2,2
14346,nalǝ,2,2
14347,nalǝvü,2,2
14348,nalədən,2,2
14349,naləmi,2,2
14350,naləsin,2,2
14351,namazı,2,2
14352,namazım,2,2
14353,namazın,2,2
14354,naminə,2,1
14355,namurad,2,2
14356,namuslu,2,2
14357,namın,2,2
14358,naməhrəm,2,2
14359,namərdlər,2,2
14360,namərdlərin,2,2
14361,namərdəm,2,2
14362,nana,2,1
14363,nankor,2,2
14364,nanmıram,2,2
14365,naqafıl,2,2
14366,naqqal,2,2
14367,naqə,2,2
14368,nardan,2,2
14369,narinc,2,1
14370,narı,2,2
14371,narına,2,2
14372,narınca,2,2
14373,narıncı,2,2
14374,narından,2,2
14375,nasdı,2,2
14376,nasutü,2,2
14377,natəvandır,2,2
14378,natəvanım,2,2
14379,navək,2,2
14380,navəklərin,2,2
14381,naxoşam,2,2
14382,naxoşu,2,2
14383,naxçıvan,2,2
14384,naxır,2,1
14385,naxırla,2,2
14386,nayab,2,2
14387,nayi,2,2
14388,nayibəm,2,2
14389,nayü,2,2
14390,nazbalışa,2,2
14391,nazikdir,2,2
14392,nazikim,2,2
14393,nazikü,2,2
14394,nazın,2,2
14395,nazını,2,2
14396,nazəninə,2,2
14397,naçalnik,2,2
14398,nağdıdan,2,2
14399,nağıgilin,2,1
14400,nağıl,2,2
14401,nağılladı,2,1
14402,nağıynan,2,1
14403,naşıyam,2,2
14404,naǝhl,2,1
14405,naəhl,2,2
14406,ncidib,2,2
14407,ncik,2,2
14408,nciklik,2,2
14409,ncil,2,2
14410,ncilə,2,2
14411,necoldu,2,2
14412,neman,2,2
14413,nemətdən,2,2
14414,nemətim,2,2
14415,nemәtә,2,1
14416,neyi,2,2
14417,neylǝrǝm,2,2
14418,neylǝsin,2,2
14419,neyləmişəm,2,2
14420,neyləyəcək,2,2
14421,neyrəng,2,2
14422,neyşəkkər,2,1
14423,neçələri,2,1
14424,neçә,2,2
14425,nicatım,2,2
14426,nida,2,2
14427,nifrin,2,2
14428,nigahban,2,1
14429,nigarıstan,2,2
14430,nigini,2,2
14431,nigəhbani,2,1
14432,nihalın,2,1
14433,nihandır,2,2
14434,nihanü,2,2
14435,nihanı,2,2
14436,nihanın,2,2
14437,nihayəti,2,2
14438,nikah,2,2
14439,nil,2,2
14440,niligun,2,2
14441,nilufəri,2,2
14442,nim,2,2
14443,nin,2,2
14444,nində,2,2
14445,ninə,2,2
14446,nisbǝti,2,2
14447,nisbətdir,2,2
14448,nisfimiz,2,1
14449,nisfini,2,2
14450,nitqdən,2,2
14451,nitqü,2,2
14452,nitşe,2,1
14453,niyazı,2,2
14454,niysan,2,2
14455,niyǝ,2,2
14456,nizamları,2,2
14457,nizəsi,2,2
14458,nişanda,2,2
14459,nişanlı,2,2
14460,nişanını,2,2
14461,nişatın,2,1
14462,nobahar,2,2
14463,nolar,2,2
14464,nolur,2,2
14465,novbahar,2,2
14466,novruzda,2,2
14467,novruzü,2,2
14468,noxta,2,2
14469,noğlu,2,1
14470,nsafdımı,2,2
14471,nsanda,2,2
14472,nundan,2,2
14473,nurani,2,2
14474,nurdən,2,2
14475,nurin,2,2
14476,nurini,2,2
14477,nurlandı,2,2
14478,nuruna,2,2
14479,nurunu,2,2
14480,nurə,2,2
14481,nökəri,2,2
14482,nökərin,2,2
14483,nökərinin,2,2
14484,nöqsanlarını,2,1
14485,nöqsanı,2,2
14486,nöqtədə,2,2
14487,nöqtəsi,2,2
14488,nöqtеyi,2,2
14489,növcavanlar,2,2
14490,növrəstə,2,2
14491,nüftədən,2,2
14492,nüktədan,2,2
14493,nümayandır,2,2
14494,nümunəsi,2,2
14495,nǝlǝr,2,2
14496,nǝql,2,2
14497,nǝrgisi,2,2
14498,nəbatatı,2,2
14499,nəcis,2,2
14500,nəcəfə,2,1
14501,nədə,2,2
14502,nədənsə,2,2
14503,nəfin,2,2
14504,nəfsim,2,2
14505,nəfyü,2,2
14506,nəfü,2,2
14507,nəhali,2,2
14508,nəhrinə,2,2
14509,nəhəngə,2,2
14510,nəimin,2,2
14511,nəleyni,2,2
14512,nəleynini,2,2
14513,nəmazə,2,2
14514,nəmdir,2,2
14515,nəmi,2,2
14516,nəmilərdə,2,2
14517,nəmini,2,1
14518,nəmnak,2,2
14519,nəmrud,2,2
14520,nəməyə,2,1
14521,nəngü,2,2
14522,nənnidə,2,1
14523,nənəsi,2,2
14524,nəqa,2,1
14525,nəqd,2,2
14526,nəqdə,2,2
14527,nəqqaşi,2,2
14528,nəqşində,2,2
14529,nərd,2,2
14530,nərdi,2,2
14531,nərdivan,2,2
14532,nərgisim,2,1
14533,nərgisə,2,2
14534,nərgizlər,2,2
14535,nəsibin,2,2
14536,nəsihətlər,2,2
14537,nəsildə,2,2
14538,nəsimin,2,2
14539,nəsin,2,2
14540,nəsnədir,2,2
14541,nəsnədən,2,2
14542,nəsrdə,2,2
14543,nəssi,2,2
14544,nəsən,2,2
14545,nətə,2,2
14546,nəvaziş,2,2
14547,nəxcir,2,2
14548,nəyi,2,2
14549,nəzakət,2,2
14550,nəzarə,2,2
14551,nəzir,2,2
14552,nəzmi,2,2
14553,nəzminin,2,2
14554,nəzmü,2,2
14555,nəzzarəsin,2,2
14556,nəzərdə,2,2
14557,nəzərinə,2,1
14558,nəğmeyi,2,1
14559,nəşr,2,2
14560,nəşri,2,2
14561,nəştər,2,1
14562,nəşəli,2,2
14563,nəşələr,2,1
14564,nəşəmi,2,2
14565,nəşəsi,2,2
14566,nəşəyə,2,2
14567,nеcoldu,2,2
14568,nеy,2,2
14569,nеylərəm,2,2
14570,nеyləyim,2,2
14571,nеysan,2,2
14572,nеçin,2,2
14573,nоvcəvanım,2,1
14574,o1,2,2
14575,oba,2,2
14576,obada,2,2
14577,obadan,2,2
14578,obası,2,2
14579,obrazını,2,1
14580,ocaqdı,2,2
14581,ocaqqulu,2,1
14582,odilə,2,2
14583,odlanan,2,2
14584,odlanıb,2,2
14585,odlar,2,2
14586,odlarda,2,2
14587,odum,2,2
14588,odumla,2,2
14589,oi,2,2
14590,olajax,2,2
14591,olalar,2,2
14592,olandır,2,2
14593,olanlardan,2,2
14594,olanları,2,2
14595,olannar,2,2
14596,olarsız,2,2
14597,oları,2,2
14598,olaydıq,2,2
14599,oldisə,2,2
14600,oldunmu,2,2
14601,olduqda,2,2
14602,oldusa,2,2
14603,olgunan,2,2
14604,olluq,2,2
14605,olmamışdı,2,2
14606,olman,2,2
14607,olmanam,2,1
14608,olmayam,2,2
14609,olmayanlar,2,1
14610,olmayıbdır,2,2
14611,olmazdan,2,2
14612,olmazsa,2,2
14613,olmağın,2,2
14614,olmuram,2,2
14615,olmuşlar,2,2
14616,oloy,2,1
14617,olsaydın,2,2
14618,olubmu,2,2
14619,olunar,2,2
14620,olunmuş,2,2
14621,olunur,2,2
14622,olunurdu,2,1
14623,olusan,2,1
14624,olğac,2,2
14625,olğıl,2,2
14626,ondadır,2,2
14627,onla,2,2
14628,onluq,2,1
14629,onnardan,2,2
14630,onçun,2,2
14631,orasını,2,2
14632,ordakı,2,2
14633,ordakılar,2,2
14634,ordakılara,2,2
14635,ortada,2,2
14636,ortalıqda,2,2
14637,ortasından,2,2
14638,orxan,2,1
14639,osmanlı,2,2
14640,otağından,2,2
14641,otdan,2,2
14642,otlasın,2,2
14643,otlayır,2,1
14644,oturan,2,2
14645,oturanlar,2,2
14646,otursun,2,2
14647,oturur,2,2
14648,ovcuna,2,2
14649,ovqat,2,2
14650,ovsunalmaz,2,2
14651,ovuc,2,2
14652,ovçum,2,1
14653,ovçusan,2,2
14654,oxa,2,2
14655,oxdu,2,2
14656,oxlar,2,2
14657,oxlarını,2,2
14658,oxudur,2,2
14659,oxumadın,2,2
14660,oxumaqda,2,2
14661,oxumağı,2,1
14662,oxumağın,2,2
14663,oxumur,2,1
14664,oxumuş,2,1
14665,oxunu,2,2
14666,oxusan,2,2
14667,oxuya,2,2
14668,oxuyardı,2,2
14669,oxuyasan,2,1
14670,oxşada,2,2
14671,oxşaram,2,1
14672,oyandı,2,2
14673,oydu,2,1
14674,oynada,2,2
14675,oynayır,2,2
14676,oyunu,2,2
14677,ozünə,2,2
14678,ozər,2,1
14679,oğlandı,2,1
14680,oğlanlar,2,2
14681,oğlanlarım,2,1
14682,oğlannarı,2,2
14683,oğlansan,2,1
14684,oğludu,2,2
14685,oğluva,2,2
14686,oğluyam,2,2
14687,oğulları,2,1
14688,oğurladı,2,2
14689,oğurlar,2,2
14690,oхudum,2,1
14691,padişahlar,2,2
14692,padişahların,2,1
14693,padişahsan,2,2
14694,padişahım,2,2
14695,padişahımdır,2,1
14696,padişahın,2,2
14697,padoşu,2,2
14698,padsuda,2,2
14699,padşahlıq,2,2
14700,padşahı,2,1
14701,pakə,2,2
14702,palan,2,2
14703,palanı,2,2
14704,palçıx,2,1
14705,papağa,2,2
14706,papağım,2,2
14707,papağın,2,1
14708,parasın,2,2
14709,parasını,2,2
14710,parlayır,2,2
14711,parǝlǝr,2,1
14712,parəsi,2,2
14713,pasibanı,2,2
14714,pasinə,2,1
14715,pasportu,2,1
14716,pası,2,2
14717,paxıl,2,2
14718,paya,2,2
14719,payan,2,2
14720,payanı,2,2
14721,payibəndi,2,2
14722,payibəndəm,2,2
14723,payin,2,2
14724,payini,2,2
14725,payıma,2,1
14726,payızda,2,2
14727,payızın,2,2
14728,paşalar,2,2
14729,paşol,2,2
14730,peyapey,2,2
14731,peydər,2,2
14732,peykanin,2,2
14733,peykanlar,2,2
14734,peykanına,2,2
14735,peykanını,2,2
14736,peykanə,2,2
14737,peykǝr,2,2
14738,peykərim,2,2
14739,peymanım,2,2
14740,peymanǝdir,2,2
14741,peymanəyə,2,2
14742,peyvənd,2,2
14743,peyvəst,2,2
14744,peyğәmbәr,2,1
14745,peşkaş,2,2
14746,piltə,2,2
14747,pirana,2,2
14748,pirimiz,2,2
14749,pislərin,2,1
14750,pisləşən,2,2
14751,piyalasını,2,2
14752,piç,2,2
14753,pişikdən,2,2
14754,pişnamaz,2,2
14755,pişvazə,2,1
14756,pişü,2,2
14757,plovdan,2,1
14758,poladlanıb,2,2
14759,pozub,2,2
14760,pozuldu,2,2
14761,pozulmaz,2,1
14762,pristatel,2,1
14763,puldan,2,2
14764,pulla,2,1
14765,pullarını,2,2
14766,pulumuzu,2,2
14767,pünhandır,2,2
14768,pürab,2,2
14769,pürabi,2,2
14770,pürfən,2,2
14771,pürnur,2,2
14772,pürnuri,2,2
14773,pürnəm,2,2
14774,pürpiçü,2,2
14775,pürçin,2,2
14776,püsteyi,2,1
14777,pǝnah,2,2
14778,pǝrivǝş,2,2
14779,pǝrvanǝdir,2,2
14780,pəhrizi,2,1
14781,pək,2,2
14782,pələngə,2,2
14783,pəncşənbə,2,2
14784,pəncərədən,2,2
14785,pəncəsində,2,2
14786,pəndi,2,2
14787,pərdəmi,2,2
14788,pərdənin,2,1
14789,pərdəsin,2,2
14790,pərdəyə,2,2
14791,pəridi,2,2
14792,pərinin,2,2
14793,pərisən,2,2
14794,pərivəş,2,2
14795,pərizadın,2,1
14796,pərişandır,2,2
14797,pərişanhal,2,2
14798,pərişani,2,2
14799,pərişanü,2,1
14800,pərişanı,2,2
14801,pərva,2,2
14802,pərvaneyi,2,2
14803,pərvanədir,2,2
14804,pərvanəsifət,2,2
14805,pərvanəsiyəm,2,2
14806,pərvanəvəş,2,2
14807,pərvanəyəm,2,2
14808,pərzad,2,2
14809,pərəstarım,2,2
14810,pəsim,2,2
14811,pəsənd,2,2
14812,pəşiman,2,2
14813,pеncər,2,2
14814,pеndiri,2,2
14815,pеndirə,2,2
14816,pеyda,2,2
14817,pеyğəmbərə,2,2
14818,pеşkaşıyam,2,2
14819,pеşə,2,2
14820,qabaqlıdı,2,2
14821,qabiliyyəti,2,2
14822,qabliyyət,2,2
14823,qadasın,2,2
14824,qadağan,2,2
14825,qadına,2,2
14826,qafildir,2,2
14827,qafqazı,2,2
14828,qafqazın,2,2
14829,qafə,2,2
14830,qaidə,2,2
14831,qalacaqsan,2,2
14832,qalanlar,2,2
14833,qalanları,2,2
14834,qalanların,2,2
14835,qalanlarından,2,2
14836,qalanın,2,2
14837,qalaram,2,2
14838,qalaydım,2,2
14839,qalağa,2,2
14840,qaldan,2,2
14841,qaldın,2,2
14842,qaldırdılar,2,2
14843,qallı,2,2
14844,qalmamış,2,2
14845,qalmaqda,2,2
14846,qalmayan,2,2
14847,qalmayıbdır,2,2
14848,qalmısız,2,2
14849,qalmışdılar,2,2
14850,qalmışdır,2,2
14851,qalmışsan,2,2
14852,qalsam,2,2
14853,qalıdı,2,2
14854,qalına,2,2
14855,qalırlar,2,2
14856,qam,2,2
14857,qametin,2,1
14858,qamudan,2,2
14859,qamunun,2,2
14860,qamuya,2,2
14861,qamışlıqda,2,2
14862,qamǝtin,2,2
14863,qamətdə,2,2
14864,qanacaq,2,1
14865,qanacaqda,2,2
14866,qanacaxlı,2,1
14867,qanadları,2,2
14868,qanadların,2,2
14869,qanadlarını,2,2
14870,qandanü,2,2
14871,qandıra,2,2
14872,qaniçən,2,2
14873,qanla,2,2
14874,qanmasa,2,2
14875,qanmayan,2,2
14876,qanmışam,2,2
14877,qannıkənd,2,2
14878,qanqal,2,2
14879,qansan,2,1
14880,qansın,2,2
14881,qanundan,2,2
14882,qanuni,2,2
14883,qanıdır,2,2
14884,qanımdan,2,2
14885,qanıq,2,2
14886,qapdın,2,2
14887,qapılarda,2,1
14888,qapılardan,2,2
14889,qapılı,2,2
14890,qapım,2,2
14891,qapımızdan,2,2
14892,qapındadır,2,2
14893,qapından,2,1
14894,qaqqıldaşa,2,1
14895,qarabağı,2,2
14896,qarabulaq,2,2
14897,qaradır,2,2
14898,qaraldı,2,2
14899,qaralırsan,2,1
14900,qaranqu,2,2
14901,qaranquc,2,1
14902,qaranı,2,2
14903,qarasaqqallı,2,1
14904,qarasaqqalın,2,2
14905,qarasuçu,2,1
14906,qardaşlar,2,2
14907,qardaşlıq,2,1
14908,qardaşlıqlarım,2,2
14909,qardaşını,2,2
14910,qarsa,2,2
14911,qartal,2,2
14912,qarun,2,2
14913,qarğalar,2,2
14914,qarğaya,2,2
14915,qarına,2,2
14916,qarınca,2,2
14917,qarıncaya,2,2
14918,qarındaşa,2,1
14919,qarış,2,2
14920,qarışma,2,2
14921,qarışmışdı,2,2
14922,qarışqatək,2,2
14923,qarışsan,2,2
14924,qarışıb,2,2
14925,qarışır,2,2
14926,qarşudur,2,2
14927,qarşıladı,2,2
14928,qarşısını,2,2
14929,qarəti,2,2
14930,qatan,2,2
14931,qatarlaşıb,2,2
14932,qatdın,2,2
14933,qatmasın,2,2
14934,qatıb,2,2
14935,qatını,2,2
14936,qavrı,2,2
14937,qaxdağan,2,2
14938,qayabaşı,2,1
14939,qaydası,2,2
14940,qaymağ,2,2
14941,qaynadar,2,2
14942,qaynağın,2,2
14943,qaysava,2,2
14944,qaysavadan,2,2
14945,qaytara,2,2
14946,qaytardı,2,2
14947,qaytardılar,2,2
14948,qaytarmazlar,2,2
14949,qaytarır,2,2
14950,qayıda,2,2
14951,qayıdan,2,2
14952,qayıtmaqda,2,2
14953,qayıtmağından,2,2
14954,qazansan,2,1
14955,qazanı,2,1
14956,qazax,2,2
14957,qazdır,2,2
14958,qazilik,2,2
14959,qazı,2,2
14960,qazıb,2,2
14961,qazıların,2,2
14962,qaçandan,2,2
14963,qaçağın,2,1
14964,qaçmışam,2,2
14965,qaçsa,2,2
14966,qaçırdı,2,2
14967,qaçırmışam,2,2
14968,qağam,2,2
14969,qağızmana,2,2
14970,qaşdı,2,2
14971,qaşlar,2,2
14972,qaşlarına,2,2
14973,qaşlarının,2,2
14974,qaşıq,2,2
14975,qdi,2,2
14976,qesydinə,2,2
14977,qeybü,2,2
14978,qeybət,2,2
14979,qeyli,2,2
14980,qeylü,2,2
14981,qeyrilər,2,1
14982,qeyrətin,2,2
14983,qeysi,2,1
14984,qeysin,2,2
14985,qeysər,2,1
14986,qeyzə,2,2
14987,qiblǝsi,2,2
14988,qiblədi,2,2
14989,qiblеyi,2,2
14990,qilmanü,2,2
14991,qina,2,2
14992,qisas,2,2
14993,qisasa,2,2
14994,qismətim,2,2
14995,qismәt,2,2
14996,qisseyi,2,2
14997,qiyam,2,2
14998,qiyamətdən,2,2
14999,qiyaməti,2,2
15000,qiyamətlər,2,2
15001,qiyamətə,2,2
15002,qiyl,2,2
15003,qiymǝtli,2,2
15004,qiymətinə,2,2
15005,qiymətlidir,2,2
15006,qiymətə,2,2
15007,qocadır,2,2
15008,qocalan,2,1
15009,qocaları,2,1
15010,qocalmış,2,2
15011,qocalıb,2,2
15012,qocalıban,2,1
15013,qoftanın,2,2
15014,qohumlar,2,1
15015,qohumların,2,2
15016,qohumlarına,2,1
15017,qola,2,2
15018,qolboyun,2,2
15019,qolların,2,2
15020,qolum,2,2
15021,qolumun,2,2
15022,qoma,2,2
15023,qonaqdır,2,2
15024,qonar,2,2
15025,qonmuş,2,2
15026,qonuqonşu,2,1
15027,qoparan,2,2
15028,qopardı,2,2
15029,qoparma,2,2
15030,qopsa,2,2
15031,qopub,2,2
15032,qorxaq,2,2
15033,qorxardı,2,2
15034,qorxdu,2,2
15035,qorxmarıq,2,2
15036,qorxudan,2,2
15037,qorxulu,2,2
15038,qorxun,2,2
15039,qorxurdu,2,2
15040,qov,2,2
15041,qovdular,2,2
15042,qovrulur,2,2
15043,qovub,2,2
15044,qovuşar,2,1
15045,qovğadı,2,2
15046,qovğaya,2,2
15047,qovğayə,2,2
15048,qoxulu,2,2
15049,qoyaq,2,2
15050,qoyasan,2,2
15051,qoyduğu,2,2
15052,qoymadız,2,1
15053,qoymamış,2,2
15054,qoymanam,2,1
15055,qoymasalar,2,2
15056,qoymayacaq,2,2
15057,qoymazdı,2,2
15058,qoymağıl,2,2
15059,qoymur,2,2
15060,qoymuşdur,2,2
15061,qoynundu,2,2
15062,qoyuban,2,2
15063,qoyubdu,2,2
15064,qoyubdur,2,2
15065,qoyulsun,2,2
15066,qoyursan,2,2
15067,qozqaya,2,1
15068,qoşqar,2,2
15069,qoşuldu,2,2
15070,qoşunu,2,2
15071,qoşunun,2,2
15072,qualm,2,2
15073,qubarlanma,2,2
15074,qubernat,2,2
15075,qucar,2,2
15076,qucağı,2,2
15077,qucağında,2,2
15078,qucdu,2,1
15079,qulac,2,2
15080,qulağa,2,2
15081,qulağım,2,2
15082,qulağıma,2,2
15083,qullar,2,2
15084,qultək,2,2
15085,qulundur,2,2
15086,qum,2,1
15087,qumrunun,2,2
15088,quqqulu,2,2
15089,qurandan,2,2
15090,qurandır,2,2
15091,qurani,2,2
15092,quraq,2,2
15093,qurbanam,2,2
15094,qurbani,2,2
15095,qurbanıdı,2,2
15096,qurdum,2,2
15097,qurma,2,2
15098,qurmağa,2,2
15099,qursun,2,1
15100,qurtarasan,2,2
15101,qurtardığına,2,2
15102,qurtarmışıq,2,2
15103,qurtarır,2,2
15104,qurtarə,2,2
15105,qurtulaq,2,2
15106,qurulan,2,2
15107,qurulanda,2,2
15108,qurumuş,2,2
15109,qurusun,2,2
15110,qurutdu,2,2
15111,quruyanda,2,1
15112,qurşağa,2,2
15113,qutab,2,1
15114,qutlu,2,2
15115,quya,2,2
15116,quyruqsuz,2,2
15117,quyuları,2,2
15118,quşdur,2,2
15119,quşunu,2,2
15120,quşunun,2,2
15121,qönçədə,2,2
15122,qönçəsinə,2,2
15123,qönçətək,2,2
15124,qönçəvəş,2,2
15125,qövlə,2,2
15126,qövm,2,2
15127,qövr,2,2
15128,qövseyn,2,2
15129,qövseynin,2,2
15130,qübarım,2,2
15131,qübbə,2,2
15132,qübur,2,2
15133,qüdrǝt,2,2
15134,qüdrətdir,2,2
15135,qüdrətilə,2,2
15136,qüdsi,2,2
15137,qül,2,1
15138,qürab,2,2
15139,qürb,2,2
15140,qürsünü,2,1
15141,qüssələnmə,2,2
15142,qüssəsi,2,2
15143,qütbü,2,1
15144,qüzeh,2,2
15145,qıfılbənd,2,2
15146,qıfıldır,2,2
15147,qılasan,2,2
15148,qılayım,2,2
15149,qıldıqda,2,2
15150,qılmana,2,2
15151,qılmasa,2,2
15152,qılmasın,2,2
15153,qılmayan,2,2
15154,qılmazdı,2,1
15155,qılmın,2,2
15156,qılmışdı,2,2
15157,qılğac,2,2
15158,qılğıl,2,1
15159,qılı,2,2
15160,qılıncdan,2,2
15161,qılıncla,2,2
15162,qılıncsız,2,2
15163,qılıncıyla,2,1
15164,qılışdı,2,2
15165,qıpqırmızı,2,2
15166,qırajaxlar,2,1
15167,qıran,2,2
15168,qıraqbasanın,2,2
15169,qırarsan,2,2
15170,qırağına,2,2
15171,qırağındakı,2,2
15172,qırağının,2,2
15173,qırxların,2,2
15174,qırxına,2,2
15175,qırğı,2,2
15176,qırğın,2,1
15177,qırılmış,2,2
15178,qırılsın,2,2
15179,qısır,2,2
15180,qıt,2,2
15181,qıvrılır,2,2
15182,qıy,2,2
15183,qıyan,2,2
15184,qıyar,2,2
15185,qıyma,2,2
15186,qıyqacı,2,2
15187,qıyı,2,2
15188,qıza,2,2
15189,qızdara,2,1
15190,qızdardan,2,2
15191,qızdarı,2,1
15192,qızdı,2,2
15193,qızdır,2,1
15194,qızdırmaya,2,1
15195,qızdırıb,2,1
15196,qızmış,2,2
15197,qızılbaşyana,2,2
15198,qızılhacılı,2,2
15199,qızılla,2,2
15200,qızılvənd,2,1
15201,qızılvəngli,2,2
15202,qızındı,2,2
15203,qıç,2,2
15204,qıçımı,2,2
15205,qışa,2,2
15206,qışlağı,2,2
15207,qışı,2,2
15208,qǝdr,2,1
15209,qǝdǝm,2,2
15210,qǝmǝr,2,2
15211,qə,2,2
15212,qəbail,2,1
15213,qəbir,2,2
15214,qəbiristanlıqdakı,2,1
15215,qəbri,2,1
15216,qəbrini,2,2
15217,qəd,2,2
15218,qədd,2,2
15219,qəddar,2,2
15220,qədimdir,2,2
15221,qədirbilməz,2,2
15222,qədirbilən,2,2
15223,qədrimi,2,2
15224,qədü,2,2
15225,qədəmi,2,2
15226,qədəmin,2,2
15227,qədərdən,2,2
15228,qədərinə,2,2
15229,qəflə,2,2
15230,qəflətdir,2,2
15231,qəfləti,2,2
15232,qəfərə,2,2
15233,qəfəsdir,2,2
15234,qəfəsim,2,2
15235,qəhrini,2,1
15236,qəhrinə,2,2
15237,qəhrəmandı,2,2
15238,qəhətdi,2,2
15239,qəhətdik,2,1
15240,qəhətlik,2,2
15241,qəlbimdən,2,2
15242,qəlbinlə,2,2
15243,qəlblər,2,2
15244,qəlp,2,2
15245,qəlyanını,2,2
15246,qələmindən,2,1
15247,qələmlə,2,2
15248,qəmdürür,2,2
15249,qəmləri,2,2
15250,qəmnak,2,2
15251,qəmu,2,2
15252,qəmzəli,2,2
15253,qəmzəni,2,2
15254,qəmzəsilə,2,2
15255,qəmzəyə,2,2
15256,qəndab,2,2
15257,qəni,2,2
15258,qəniminə,2,2
15259,qərara,2,2
15260,qəri,2,1
15261,qəribədir,2,2
15262,qərinə,2,2
15263,qərqeyi,2,2
15264,qəryə,2,1
15265,qərəzlə,2,2
15266,qəsdilə,2,2
15267,qəsdin,2,2
15268,qəsdində,2,2
15269,qəsidə,2,2
15270,qəsidəm,2,1
15271,qəsim,2,2
15272,qəsrə,2,1
15273,qəsəmna,2,2
15274,qəta,2,2
15275,qətli,2,2
15276,qətlim,2,2
15277,qətlü,2,1
15278,qəyur,2,2
15279,qəyy,2,2
15280,qəyyum,2,2
15281,qəzalın,2,1
15282,qəzetə,2,1
15283,qəzəbi,2,2
15284,qəzəblə,2,2
15285,qəzəldən,2,1
15286,qəzəmətdədi,2,2
15287,qəzənfər,2,2
15288,qеyizdi,2,1
15289,qоlların,2,2
15290,qоyma,2,2
15291,raci,2,2
15292,rafe,2,2
15293,rahatca,2,1
15294,rahibə,2,1
15295,rahim,2,2
15296,rahı,2,2
15297,rahətlə,2,2
15298,rahətü,2,2
15299,rana,2,2
15300,randa,2,1
15301,raströv,2,1
15302,raxtım,2,2
15303,razılaşmalı,2,2
15304,razın,2,2
15305,reyestrinə,2,1
15306,reyhani,2,2
15307,reyhanım,2,2
15308,ri,2,2
15309,riba,2,2
15310,rind,2,2
15311,rindan,2,2
15312,rindlər,2,2
15313,risalət,2,2
15314,riyakar,2,2
15315,riyayi,2,2
15316,riyazi,2,2
15317,riyazət,2,2
15318,rizq,2,2
15319,rizvana,2,2
15320,rizvanda,2,2
15321,rizvandı,2,2
15322,rizvani,2,1
15323,rizvanıdır,2,2
15324,rişməz,2,2
15325,riştəsi,2,2
15326,riştəsin,2,2
15327,rmədi,2,2
15328,ru,2,2
15329,rubah,2,2
15330,ruhlar,2,2
15331,ruhuma,2,2
15332,ruhumu,2,1
15333,ruhun,2,2
15334,ruhəfza,2,2
15335,rumun,2,1
15336,rusi,2,2
15337,rusiyyə,2,2
15338,ruz,2,2
15339,ruzgarı,2,2
15340,ruzigarə,2,2
15341,ruzilə,2,2
15342,ruzini,2,1
15343,ruzinin,2,2
15344,ruzisini,2,2
15345,ruziyçün,2,2
15346,ruziyə,2,2
15347,ruzumuzu,2,2
15348,ruzunu,2,2
15349,ruzədən,2,1
15350,rvahamın,2,1
15351,rza,2,2
15352,rö,2,2
15353,rövzənin,2,2
15354,rövşan,2,2
15355,röyada,2,2
15356,rübəndi,2,2
15357,rüfət,2,2
15358,rümuzunu,2,2
15359,rüsul,2,2
15360,rüsvalığ,2,2
15361,rüsvalığın,2,2
15362,rüsvay,2,2
15363,rüsvayə,2,2
15364,rüsxət,2,2
15365,rütbəm,2,1
15366,rütəb,2,2
15367,rüx,2,2
15368,rüxlǝrin,2,2
15369,rüxsara,2,2
15370,rüxsareyi,2,2
15371,rüxsarındır,2,2
15372,rüxü,2,2
15373,rüxündə,2,2
15374,rǝfiq,2,2
15375,rəayətlə,2,2
15376,rəftarə,2,2
15377,rəhgüzari,2,2
15378,rəhgüzarın,2,2
15379,rəhgüzarından,2,2
15380,rəhimlə,2,1
15381,rəhin,2,2
15382,rəhmanidir,2,1
15383,rəhmanı,2,2
15384,rəhmanımız,2,2
15385,rəhmi,2,2
15386,rəhmətinə,2,2
15387,rəht,2,1
15388,rəisi,2,2
15389,rəiyyət,2,2
15390,rəmzlər,2,2
15391,rənayə,2,2
15392,rəngilə,2,2
15393,rəngimi,2,2
15394,rəqsan,2,1
15395,rəqəm,2,2
15396,rəsm,2,2
15397,rəsmini,2,2
15398,rəssam,2,2
15399,rəsulzadəyə,2,1
15400,rəsulüllahdır,2,2
15401,rəsən,2,2
15402,rəvadırmı,2,2
15403,rəvanlı,2,2
15404,rəvanpərvər,2,2
15405,rəvanə,2,2
15406,rəxnə,2,2
15407,rəxt,2,2
15408,rəxş,2,2
15409,rəxşan,2,2
15410,rəxşini,2,2
15411,rəy,2,2
15412,rəyahin,2,2
15413,rəyincə,2,2
15414,rəyəti,2,2
15415,rəzm,2,2
15416,rəzzaq,2,2
15417,rəğbətin,2,2
15418,rəğıbət,2,2
15419,rəşid,2,2
15420,rеyhanım,2,2
15421,sabaha,2,2
15422,sabiq,2,2
15423,sabiqən,2,2
15424,sabitü,2,2
15425,sac,2,2
15426,sad,2,2
15427,sadiqdir,2,2
15428,sadədil,2,2
15429,safü,2,2
15430,sahibinin,2,2
15431,sahilə,2,2
15432,sahir,2,1
15433,sahənin,2,1
15434,sahəti,2,2
15435,sakindir,2,2
15436,salamı,2,2
15437,salanlar,2,2
15438,salarsa,2,2
15439,salax,2,2
15440,saldata,2,2
15441,saldıq,2,2
15442,saldıqda,2,2
15443,saldıran,2,1
15444,saldığın,2,1
15445,saliki,2,2
15446,sallanar,2,2
15447,sallanə,2,1
15448,salmaqla,2,2
15449,salmazsan,2,2
15450,salmısan,2,2
15451,salmısız,2,2
15452,salmışdılar,2,2
15453,salıbdır,2,2
15454,salıf,2,2
15455,salın,2,2
15456,samanla,2,2
15457,samanə,2,2
15458,samiri,2,2
15459,samovarı,2,2
15460,sanamağa,2,2
15461,sancar,2,2
15462,sancıldı,2,2
15463,sandal,2,2
15464,sandılar,2,2
15465,sandığın,2,2
15466,saniyi,2,2
15467,sanıb,2,2
15468,sanırsan,2,2
15469,sap,2,2
15470,sapox,2,1
15471,sapoğu,2,1
15472,sapı,2,2
15473,saqit,2,2
15474,saqqala,2,2
15475,saqqalını,2,2
15476,saralan,2,2
15477,saralmış,2,2
15478,saralıban,2,2
15479,saraya,2,2
15480,saraylar,2,2
15481,sarayına,2,2
15482,sardı,2,2
15483,sarsağı,2,2
15484,sarıdan,2,2
15485,sarımsaq,2,2
15486,sarıyağız,2,2
15487,satanlar,2,2
15488,satannar,2,1
15489,satdı,2,2
15490,satdın,2,2
15491,satirə,2,1
15492,satmağa,2,2
15493,satıb,2,2
15494,satın,2,2
15495,savad,2,1
15496,savah,2,1
15497,savaş,2,2
15498,savaşa,2,2
15499,savaşma,2,2
15500,savaşı,2,2
15501,saxlamazdım,2,2
15502,saxlamışam,2,2
15503,saxlanır,2,2
15504,saxlasan,2,2
15505,saxta,2,2
15506,sayaram,2,2
15507,sayiri,2,2
15508,sayıb,2,1
15509,sayılar,2,2
15510,sayılmaz,2,2
15511,sayеyi,2,2
15512,sazda,2,2
15513,sazdan,2,2
15514,sazlı,2,2
15515,saznan,2,1
15516,sazüvü,2,1
15517,sazımı,2,2
15518,saçındır,2,2
15519,saçını,2,2
15520,sağalar,2,1
15521,sağalası,2,1
15522,sağam,2,2
15523,sağlıqdan,2,2
15524,sağrı,2,2
15525,sağrısına,2,2
15526,sağsalamat,2,2
15527,sağsağan,2,2
15528,sağından,2,2
15529,sağərim,2,2
15530,saətdə,2,2
15531,sehir,2,2
15532,sehirkar,2,2
15533,sellər,2,2
15534,sevdadan,2,2
15535,sevdadən,2,2
15536,sevdasından,2,2
15537,sevdigim,2,2
15538,sevib,2,2
15539,sevin,2,2
15540,sevinci,2,2
15541,sevirsən,2,2
15542,sevirəm,2,2
15543,sevmirəm,2,1
15544,sevəni,2,2
15545,sevənlər,2,2
15546,sevә,2,1
15547,seydinə,2,2
15548,seydə,2,2
15549,seyfü,2,1
15550,seyranı,2,2
15551,seyrdən,2,2
15552,seyrəklənibdir,2,1
15553,seçilməz,2,2
15554,seçmə,2,2
15555,seçər,2,2
15556,sfahan,2,1
15557,si,2,2
15558,sibi,2,2
15559,sibir,2,1
15560,sibirdə,2,1
15561,sidqilǝ,2,2
15562,sifahan,2,2
15563,siftəmi,2,2
15564,sifətdən,2,2
15565,sifətin,2,2
15566,sihhəti,2,2
15567,silkinir,2,2
15568,silkələnib,2,2
15569,simaki,2,1
15570,simayə,2,2
15571,sinanı,2,1
15572,sində,2,2
15573,sinədəftər,2,2
15574,sinəli,2,2
15575,sinələri,2,2
15576,sipas,2,2
15577,sipər,2,2
15578,siratin,2,2
15579,sirdar,2,2
15580,sirdaş,2,2
15581,siri,2,2
15582,sirişkimi,2,2
15583,sirkə,2,2
15584,sirlərin,2,2
15585,sitara,2,2
15586,sitəmin,2,2
15587,sitəmlə,2,2
15588,sivak,2,2
15589,siyahim,2,2
15590,sizdə,2,2
15591,sizindi,2,2
15592,siçanla,2,1
15593,skǝndǝr,2,2
15594,slam,2,2
15595,slama,2,2
15596,smayıla,2,2
15597,smin,2,2
15598,sola,2,2
15599,solanam,2,2
15600,solaxqəydi,2,1
15601,solü,2,2
15602,solğun,2,2
15603,sonrakı,2,2
15604,sonrasını,2,2
15605,sonuncusu,2,1
15606,sora,2,2
15607,soran,2,2
15608,soraqlaşa,2,1
15609,sorarlar,2,2
15610,sordu,2,2
15611,sordular,2,2
15612,sormadım,2,2
15613,sormaz,2,2
15614,sormuşam,2,2
15615,soruş,2,2
15616,soruşan,2,2
15617,soruşarlar,2,2
15618,soruşdun,2,2
15619,soruşmadı,2,2
15620,soruşsa,2,2
15621,soruşsalar,2,2
15622,soruşurdu,2,2
15623,sosial,2,1
15624,sovurdular,2,2
15625,soxulur,2,2
15626,soyaram,2,2
15627,soydular,2,2
15628,soymaqlığa,2,1
15629,soyumazdı,2,2
15630,soyuna,2,2
15631,soyundan,2,2
15632,soz,2,2
15633,soğan,2,2
15634,stəmə,2,2
15635,stəməm,2,2
15636,sualları,2,2
15637,sualıma,2,2
15638,sualına,2,2
15639,sualə,2,2
15640,sudu,2,2
15641,sudə,2,2
15642,sufilər,2,1
15643,suladı,2,1
15644,sulamaqdan,2,2
15645,sulara,2,2
15646,suları,2,2
15647,sulayan,2,1
15648,sultaniyəm,2,2
15649,sultanımızdır,2,2
15650,sultanın,2,2
15651,suludur,2,2
15652,sunar,2,2
15653,sunma,2,2
15654,surax,2,1
15655,surǝtin,2,2
15656,surətim,2,2
15657,surətindən,2,2
15658,surətli,2,2
15659,surеyi,2,2
15660,susadım,2,2
15661,susamışdır,2,2
15662,susanda,2,2
15663,susub,2,2
15664,sutək,2,2
15665,suvar,2,2
15666,suyundan,2,2
15667,suz,2,2
15668,suzanimə,2,2
15669,suzanıma,2,2
15670,suzanə,2,2
15671,syltan,2,2
15672,söhbətdi,2,2
15673,söhbətdə,2,2
15674,söhbətimdən,2,2
15675,söhbətindən,2,2
15676,söhbətlidi,2,2
15677,sök,2,1
15678,söküldü,2,2
15679,sökər,2,2
15680,sönür,2,2
15681,sönən,2,2
15682,sövdayə,2,2
15683,söydü,2,2
15684,söykənib,2,2
15685,söykənirdi,2,2
15686,söylǝrǝm,2,2
15687,söyləməyə,2,2
15688,söylərsən,2,2
15689,söyləsən,2,2
15690,söylətdi,2,2
15691,söyləyib,2,2
15692,söyləyir,2,2
15693,söyləyə,2,2
15694,söyləyər,2,2
15695,söymə,2,2
15696,sözgötürən,2,2
15697,sözlərimdir,2,2
15698,sözlərimə,2,2
15699,sözümdə,2,2
15700,sözümdən,2,2
15701,sözünlə,2,2
15702,sözünǝ,2,2
15703,sözüylə,2,2
15704,sübhana,2,2
15705,sübhandır,2,2
15706,sübhəcən,2,2
15707,süddən,2,2
15708,südün,2,2
15709,süfatı,2,2
15710,süfrəmin,2,2
15711,süfrəndən,2,2
15712,süfrənin,2,2
15713,süfrəsi,2,2
15714,süleymandan,2,2
15715,süleymandır,2,2
15716,süleymanın,2,2
15717,süleymanə,2,2
15718,sülеyman,2,2
15719,sümük,2,2
15720,sümükləri,2,2
15721,sümüklərin,2,1
15722,sümüyünü,2,2
15723,sünbülündə,2,2
15724,sünbülünə,2,2
15725,süni,2,2
15726,sünni,2,2
15727,sünniliyin,2,1
15728,sünnət,2,1
15729,sünnətin,2,2
15730,süpür,2,2
15731,süpər,2,2
15732,sürdük,2,2
15733,sürmeyi,2,2
15734,sürməli,2,2
15735,sürtmüşəm,2,2
15736,sürtünüb,2,2
15737,sürtəm,2,2
15738,süruri,2,2
15739,sürximi,2,2
15740,sürüldü,2,2
15741,sürülər,2,2
15742,sürün,2,2
15743,sürünə,2,1
15744,sürüyə,2,1
15745,sürəsən,2,2
15746,sürət,2,2
15747,sürəyyası,2,2
15748,sütunudur,2,2
15749,süvar,2,2
15750,süvər,2,2
15751,süxəndan,2,2
15752,süzgün,2,2
15753,süzüb,2,2
15754,süzülənə,2,1
15755,süzür,2,2
15756,süzəni,2,2
15757,sına,2,1
15758,sınan,2,2
15759,sınayacam,2,1
15760,sındıraraq,2,2
15761,sındırdın,2,2
15762,sındırmadım,2,1
15763,sıra,2,2
15764,sırğadı,2,2
15765,sığallanıb,2,2
15766,sığınmışam,2,2
15767,sǝbrü,2,2
15768,sǝbǝbdǝn,2,2
15769,sǝfǝr,2,2
15770,sǝninlǝ,2,2
15771,sǝnsǝn,2,2
15772,sǝrbǝsǝr,2,2
15773,sǝrdar,2,2
15774,sǝrgǝrdan,2,2
15775,sǝyyarǝlǝr,2,1
15776,səadətmənd,2,2
15777,səbadan,2,2
15778,səbat,2,2
15779,səbatü,2,2
15780,səbrlə,2,2
15781,səbru,2,2
15782,səbu,2,2
15783,səbzeyi,2,2
15784,səbzin,2,2
15785,səbzələr,2,2
15786,səbzəvü,2,2
15787,səbəbdir,2,2
15788,səbəbdəndir,2,2
15789,səbəbkar,2,2
15790,səbəq,2,2
15791,səccadəyi,2,2
15792,səcdəm,2,2
15793,səcdəsi,2,2
15794,səcdəsidir,2,2
15795,sədalı,2,2
15796,sədalər,2,2
15797,sədaqət,2,2
15798,sədasın,2,2
15799,sədparədən,2,2
15800,sədrdir,2,2
15801,sədəfdə,2,2
15802,sədəfə,2,2
15803,sədəfəm,2,2
15804,səfası,2,2
15805,səfasından,2,2
15806,səfayə,2,2
15807,səfhəsi,2,2
15808,səfi,2,2
15809,səfil,2,1
15810,səfərin,2,2
15811,səfəvilərlə,2,1
15812,səhbayə,2,2
15813,səhih,2,2
15814,səhldir,2,2
15815,səhrada,2,2
15816,səhralara,2,2
15817,səhrasını,2,2
15818,səhək,2,1
15819,səkban,2,1
15820,səlat,2,2
15821,səlatı,2,2
15822,səlbi,2,2
15823,səlim,2,1
15824,səltənəti,2,2
15825,sələfi,2,2
15826,səm,2,2
15827,səmanın,2,2
15828,səmasının,2,2
15829,səmayə,2,2
15830,səmək,2,2
15831,səməndərəm,2,2
15832,səmənim,2,2
15833,səmər,2,2
15834,səmərqəndi,2,2
15835,səncə,2,2
15836,səncərə,2,2
15837,səndədir,2,2
15838,səng,2,2
15839,səngdilə,2,2
15840,səngü,2,2
15841,sənindi,2,1
15842,sənintək,2,2
15843,səninçin,2,2
15844,sənmisən,2,2
15845,sənnən,2,2
15846,sənsizin,2,2
15847,sənsənü,2,2
15848,sənubərdən,2,2
15849,sənəkdən,2,2
15850,sənəmü,2,2
15851,sənətdə,2,2
15852,sənətdən,2,2
15853,sənətim,2,2
15854,sənətindən,2,2
15855,sənətinə,2,1
15856,sənətə,2,2
15857,səpilmiş,2,2
15858,sərbüləndi,2,2
15859,sərdarı,2,2
15860,sərdilər,2,2
15861,sərdərə,2,2
15862,sərfərazi,2,2
15863,sərgərdaniyəm,2,2
15864,sərgəştəliyi,2,2
15865,sərgəştəsi,2,2
15866,sərhəlqeyi,2,2
15867,sərimdə,2,2
15868,sərimi,2,2
15869,sərimin,2,2
15870,sərindən,2,2
15871,sərkarda,2,1
15872,sərkəş,2,2
15873,sərnigun,2,2
15874,sərpa,2,2
15875,sərrafsan,2,2
15876,sərt,2,2
15877,sərvinaz,2,2
15878,sərvini,2,2
15879,sərvqədü,2,2
15880,sərvəriyəm,2,2
15881,sərvətə,2,2
15882,sərxoşunam,2,2
15883,sərxоş,2,2
15884,sərəfraz,2,2
15885,səsimi,2,2
15886,səsləndi,2,2
15887,səsləndilər,2,1
15888,səslənir,2,2
15889,səsə,2,2
15890,səttar,2,2
15891,səvadı,2,2
15892,səvar,2,2
15893,səvay,2,1
15894,səxada,2,2
15895,səxavətdən,2,2
15896,səxavəti,2,2
15897,səxavətsiz,2,2
15898,səxi,2,2
15899,səyaq,2,2
15900,səyavuş,2,2
15901,səyi,2,1
15902,səyilə,2,2
15903,səyrədə,2,1
15904,səyyadi,2,1
15905,səyyadısan,2,2
15906,səyə,2,1
15907,səğirü,2,2
15908,sеhri,2,2
15909,sеvdalı,2,2
15910,sеvdanı,2,2
15911,sеvinə,2,1
15912,sеvən,2,2
15913,sеvərsən,2,2
15914,sеyraqubdan,2,2
15915,sеyyid,2,2
15916,sеçib,2,2
15917,sоldu,2,2
15918,tabandan,2,2
15919,tabanı,2,2
15920,tabanın,2,2
15921,tabanə,2,2
15922,tabei,2,1
15923,tabına,2,2
15924,tabе,2,2
15925,tacidar,2,2
15926,taclı,2,2
15927,tacına,2,2
15928,taifə,2,2
15929,tak,2,2
15930,tala,2,1
15931,talan,2,2
15932,talanam,2,2
15933,taleyim,2,2
15934,taleyini,2,2
15935,tamahla,2,2
15936,tamamı,2,1
15937,tamaşalı,2,2
15938,tanrıya,2,2
15939,tanımadı,2,2
15940,tanımaz,2,2
15941,tanımazsan,2,2
15942,tanımıram,2,2
15943,tanıram,2,2
15944,tanıyanlar,2,2
15945,tanıyır,2,2
15946,tanıyırdı,2,2
15947,taparaq,2,2
15948,tapmasın,2,2
15949,tapmayıb,2,2
15950,tapıbsan,2,2
15951,tapılarmı,2,2
15952,tapın,2,2
15953,tapşırmada,2,2
15954,tapşırığın,2,1
15955,taqinə,2,2
15956,taqǝt,2,2
15957,taqətimiz,2,2
15958,tara,2,2
15959,tarac,2,2
15960,tarik,2,2
15961,tarimar,2,2
15962,tarixdə,2,2
15963,tarixin,2,1
15964,tarixçilər,2,1
15965,tarmar,2,2
15966,tarü,2,2
15967,tatarə,2,2
15968,tatos,2,1
15969,tavan,2,2
15970,taxdı,2,2
15971,taxt,2,2
15972,taxtından,2,2
15973,taxıldı,2,1
15974,tazələnir,2,2
15975,tağdan,2,2
15976,taği,2,2
15977,tağında,2,2
15978,taətdə,2,2
15979,taətdən,2,2
15980,taətim,2,2
15981,taətlə,2,2
15982,teldi,2,2
15983,teldə,2,2
15984,teli,2,2
15985,telində,2,2
15986,tellinin,2,2
15987,tey,2,2
15988,teymur,2,2
15989,teyyi,2,2
15990,tib,2,2
15991,tibar,2,2
15992,tiflis,2,2
15993,tik,2,1
15994,tikandır,2,2
15995,tikdim,2,2
15996,tikdirək,2,1
15997,tikilmişdi,2,2
15998,tikmişəm,2,2
15999,tikəm,2,2
16000,tikən,2,2
16001,tikəndən,2,2
16002,tikənlər,2,2
16003,tikənsiz,2,2
16004,tikər,2,2
16005,tiladan,2,2
16006,timar,2,2
16007,tiqad,2,2
16008,tirmişəm,2,2
16009,tiryaki,2,2
16010,titrədər,2,2
16011,titrəyir,2,2
16012,tiğilə,2,2
16013,tiğini,2,2
16014,tişeyi,2,2
16015,toplanıb,2,2
16016,toplasan,2,2
16017,toprağa,2,2
16018,toprağıdır,2,2
16019,topuğun,2,2
16020,torba,2,2
16021,torpaqda,2,2
16022,toru,2,2
16023,torundan,2,2
16024,tovfiq,2,2
16025,tovuzda,2,1
16026,tox,2,2
16027,toxdur,2,1
16028,toxmaq,2,2
16029,toxmağı,2,2
16030,toxunar,2,2
16031,toxunuf,2,1
16032,toxunur,2,2
16033,toyların,2,2
16034,toyuğu,2,2
16035,tozu,2,2
16036,toğlunun,2,2
16037,tubiyi,2,2
16038,tufani,2,2
16039,tufarqanlı,2,2
16040,tulladı,2,2
16041,tulundan,2,2
16042,tumaş,2,2
16043,tupü,2,2
16044,tur,2,2
16045,tura,2,2
16046,turab,2,2
16047,turaba,2,2
16048,turac,2,2
16049,turan,2,2
16050,turda,2,2
16051,turu,2,2
16052,turuncun,2,2
16053,tutacaq,2,2
16054,tutduğu,2,2
16055,tutilər,2,2
16056,tutiyadır,2,2
16057,tutiyayi,2,2
16058,tutmaya,2,2
16059,tutmusan,2,2
16060,tutuban,2,2
16061,tutuf,2,1
16062,tutulandan,2,1
16063,tutuldu,2,2
16064,tutulsun,2,2
16065,tutulur,2,2
16066,tuturlar,2,2
16067,tutursan,2,2
16068,tutuşar,2,1
16069,tuğan,2,2
16070,töhfeyi,2,2
16071,töksə,2,2
16072,tökübsən,2,2
16073,tökülmüş,2,2
16074,tökülsün,2,2
16075,tökülə,2,2
16076,tövbəni,2,2
16077,tövhid,2,2
16078,tövhidin,2,2
16079,tövləsinə,2,2
16080,tövrətə,2,2
16081,tüfəngdən,2,2
16082,tüfəngsiz,2,2
16083,tüfəngə,2,2
16084,tükənsin,2,2
16085,tüllablara,2,2
16086,tüngi,2,2
16087,türkanə,2,2
16088,türkmanı,2,2
16089,türrələr,2,2
16090,türrəsi,2,2
16091,tüstü,2,2
16092,tütünün,2,1
16093,tüğyanından,2,2
16094,tısbağanı,2,1
16095,tǝndǝ,2,2
16096,tǝslim,2,2
16097,tǝvǝkkül,2,2
16098,tǝşnǝ,2,2
16099,təbabət,2,2
16100,təbdə,2,1
16101,təbiba,2,2
16102,təbidir,2,2
16103,təbii,2,2
16104,təbil,2,2
16105,təbimdən,2,2
16106,təbimə,2,2
16107,təbini,2,2
16108,təbiəti,2,2
16109,təbiətin,2,2
16110,təcnisdən,2,2
16111,təcrid,2,2
16112,təcrübə,2,2
16113,təcəllaya,2,2
16114,təcəllidir,2,2
16115,tədbirin,2,2
16116,tədqiq,2,2
16117,tədqiqatçıları,2,1
16118,təfriqə,2,2
16119,təfsir,2,2
16120,təfəkkür,2,2
16121,təhlil,2,2
16122,təhqiqə,2,2
16123,təhrik,2,2
16124,təhrikilə,2,2
16125,təhris,2,2
16126,təhsili,2,2
16127,təhsilə,2,2
16128,təhur,2,2
16129,təklifə,2,2
16130,təkrim,2,2
16131,təksən,2,2
16132,təkyə,2,2
16133,təkəbbürlə,2,2
16134,təkəllümə,2,2
16135,təlaşdı,2,2
16136,təlxməzacəm,2,2
16137,tələbə,2,2
16138,tələsik,2,2
16139,tələsiyirəm,2,1
16140,tələti,2,2
16141,tələtin,2,2
16142,təmamiyyi,2,2
16143,təmaşa,2,2
16144,təmin,2,2
16145,təmkində,2,2
16146,təmkinim,2,2
16147,təmsil,2,2
16148,təməin,2,2
16149,təməli,2,2
16150,təmənnadır,2,2
16151,təmənnadə,2,2
16152,təmənnası,2,2
16153,təmənnasında,2,2
16154,təmənnaya,2,2
16155,tənabdan,2,2
16156,tənavül,2,2
16157,tənbih,2,2
16158,təndirdən,2,2
16159,təndiri,2,2
16160,tənimi,2,2
16161,tənədən,2,2
16162,tənəli,2,1
16163,tənələr,2,1
16164,tənəsinin,2,2
16165,tənəüm,2,1
16166,təpinəndə,2,2
16167,təpədən,2,2
16168,təqdirə,2,2
16169,təqvim,2,2
16170,təqvimə,2,2
16171,təraf,2,1
16172,təraz,2,2
16173,tərbiyəli,2,2
16174,tərcümə,2,2
16175,tərhin,2,2
16176,tərifilə,2,2
16177,tərifindən,2,2
16178,tərifinə,2,2
16179,tərifli,2,2
16180,tərifləmə,2,2
16181,təriflər,2,1
16182,təriflərin,2,2
16183,təriflərkən,2,1
16184,tərifləsə,2,2
16185,tərifləyirsən,2,2
16186,tərifləyə,2,1
16187,tərindən,2,2
16188,təriqətlə,2,2
16189,tərpənməmiş,2,2
16190,tərpətmək,2,2
16191,tərsabeçə,2,2
16192,tərsayi,2,2
16193,tərtibi,2,2
16194,tərxan,2,1
16195,tərəbim,2,2
16196,tərəddüd,2,2
16197,tərəfindəki,2,2
16198,tərəfindən,2,2
16199,tərəhhum,2,2
16200,tərəqqidən,2,2
16201,tərəqqiyi,2,2
16202,təskinlik,2,2
16203,təsnif,2,2
16204,təsvir,2,2
16205,təsxir,2,2
16206,tətiyi,2,1
16207,təvanım,2,2
16208,təvəkkül,2,2
16209,təvəlla,2,2
16210,təxtə,2,2
16211,təyidi,2,2
16212,təyin,2,2
16213,təyyar,2,1
16214,təzəcə,2,2
16215,təşbehi,2,1
16216,təşbеhi,2,2
16217,təşkil,2,2
16218,təşnədir,2,2
16219,təşrif,2,2
16220,təşrifi,2,2
16221,təşviş,2,2
16222,təəccübdür,2,2
16223,təəccübləndi,2,2
16224,təəllüqdən,2,2
16225,təərrüz,2,2
16226,tеllər,2,2
16227,tоplayaraq,2,1
16228,tәk,2,2
16229,tәlә,2,1
16230,ucalar,2,2
16231,ucaldı,2,2
16232,ucun,2,2
16233,ucunda,2,2
16234,uda,2,2
16235,udi,2,2
16236,udum,2,2
16237,ulağa,2,2
16238,ulaşır,2,2
16239,ulduza,2,2
16240,ulduzdan,2,2
16241,uludur,2,2
16242,umsa,2,2
16243,umud,2,2
16244,umudu,2,1
16245,unnarı,2,1
16246,unutmaz,2,2
16247,unutmuşam,2,2
16248,unutsun,2,2
16249,urdu,2,2
16250,urduqca,2,2
16251,urduğumca,2,2
16252,urma,2,2
16253,urmuş,2,2
16254,urusa,2,2
16255,usanır,2,2
16256,ustadam,2,2
16257,ustaddan,2,2
16258,ustadi,2,2
16259,ustadıma,2,1
16260,ustan,2,1
16261,ustası,2,2
16262,utandığınnan,2,2
16263,utanmaz,2,2
16264,utanmazutanmaz,2,1
16265,utanmağı,2,1
16266,utanmırsan,2,1
16267,utanmışam,2,2
16268,utanıb,2,2
16269,utanır,2,2
16270,utanıram,2,2
16271,uy,2,2
16272,uyar,2,1
16273,uydular,2,2
16274,uydum,2,2
16275,uymadı,2,2
16276,uyqudan,2,2
16277,uyxu,2,2
16278,uyxudan,2,1
16279,uzandı,2,2
16280,uzansa,2,2
16281,uzanıb,2,2
16282,uzaqda,2,2
16283,uzə,2,2
16284,uça,2,2
16285,uçmaqda,2,2
16286,uçmağa,2,2
16287,uçuq,2,2
16288,uçuram,2,2
16289,uğradım,2,2
16290,uşaqlarçün,2,2
16291,uşaqlarını,2,2
16292,uşatdım,2,1
16293,vacibdi,2,2
16294,vacibüt,2,2
16295,vadar,2,2
16296,vadid,2,2
16297,vadidə,2,2
16298,vahimə,2,2
16299,vaizi,2,2
16300,vala,2,2
16301,valayə,2,2
16302,valaşan,2,2
16303,valehi,2,2
16304,vali,2,2
16305,valinin,2,1
16306,valisi,2,1
16307,valеh,2,2
16308,varam,2,2
16309,varanda,2,2
16310,varağa,2,2
16311,varimi,2,2
16312,varlığa,2,2
16313,varlığım,2,2
16314,varlığımla,2,2
16315,varlığımı,2,2
16316,varma,2,2
16317,varmış,2,2
16318,varı,2,2
16319,varına,2,2
16320,varından,2,2
16321,varınsa,2,2
16322,vasitə,2,2
16323,vaxtdan,2,1
16324,vaxtsız,2,2
16325,vaxtın,2,2
16326,vaxtından,2,2
16327,vayınan,2,2
16328,verdiyim,2,2
16329,vergil,2,2
16330,veribsə,2,1
16331,verif,2,1
16332,verildi,2,2
16333,verirdi,2,2
16334,verirlər,2,2
16335,vermişsən,2,1
16336,vermǝ,2,2
16337,vermədən,2,2
16338,verməmək,2,2
16339,vermənəm,2,2
16340,vermərəm,2,2
16341,verməsi,2,2
16342,verməyə,2,2
16343,versələr,2,2
16344,versəniz,2,2
16345,verəm,2,2
16346,verəndən,2,1
16347,verəni,2,2
16348,verənim,2,2
16349,verənlər,2,2
16350,verərdim,2,2
16351,verərik,2,2
16352,verərkən,2,2
16353,verərmi,2,2
16354,verərsə,2,2
16355,verərək,2,2
16356,verərəm,2,2
16357,vicdanım,2,1
16358,vida,2,2
16359,vilanın,2,2
16360,vilayǝtdir,2,2
16361,vilayəti,2,2
16362,vilayətin,2,2
16363,viranı,2,2
16364,viranǝ,2,2
16365,viranədir,2,2
16366,viranədə,2,2
16367,viranədən,2,1
16368,viranələr,2,2
16369,viranəsin,2,2
16370,virdi,2,2
16371,virdim,2,2
16372,visalındır,2,2
16373,visalə,2,2
16374,vuranlar,2,2
16375,vurardı,2,2
16376,vurarkən,2,2
16377,vurarsa,2,2
16378,vurdular,2,2
16379,vurdun,2,2
16380,vurmasın,2,2
16381,vurmağa,2,2
16382,vurubdu,2,2
16383,vururam,2,2
16384,vururlar,2,2
16385,vuruşdular,2,2
16386,vurğulamaq,2,1
16387,vusalə,2,2
16388,vühuş,2,2
16389,vüqar,2,2
16390,vüsalinə,2,2
16391,vüsalı,2,2
16392,vüsalıdır,2,2
16393,vüsalını,2,2
16394,vüslətin,2,2
16395,vǝfalı,2,2
16396,vǝfasız,2,2
16397,vǝqti,2,2
16398,vǝslinǝ,2,2
16399,vəbalə,2,2
16400,vəcd,2,2
16401,vəchini,2,2
16402,vəd,2,2
16403,vəfadan,2,2
16404,vəfadır,2,2
16405,vəhdətdir,2,2
16406,vəhid,2,2
16407,vəhmi,2,2
16408,vəhmin,2,2
16409,vəhmindən,2,2
16410,vəhşi,2,2
16411,vəkil,2,2
16412,vəllahü,2,2
16413,vəqtində,2,2
16414,vəqtə,2,2
16415,vəqtədək,2,2
16416,vərd,2,1
16417,vərəmlər,2,2
16418,vərəqi,2,2
16419,vəsldə,2,2
16420,vəslidir,2,2
16421,vəslü,2,2
16422,vətəndə,2,2
16423,vətənim,2,2
16424,vətənimdir,2,1
16425,vətənin,2,2
16426,vəzifəndən,2,2
16427,vəziyyətini,2,2
16428,vəznəli,2,2
16429,vеribsən,2,2
16430,vеrməsinlər,2,1
16431,vеrəcək,2,2
16432,vеy,2,1
16433,xadim,2,2
16434,xahişim,2,2
16435,xahişini,2,2
16436,xakdən,2,1
16437,xakə,2,2
16438,xalindən,2,2
16439,xallı,2,2
16440,xalqın,2,2
16441,xamuş,2,2
16442,xancaru,2,2
16443,xandəmirov,2,2
16444,xaniman,2,2
16445,xanimandan,2,2
16446,xanimanları,2,2
16447,xanü,2,2
16448,xanımdır,2,1
16449,xanımgilə,2,1
16450,xanəndə,2,2
16451,xanəsi,2,2
16452,xaqanidən,2,2
16453,xaqaniya,2,2
16454,xaqanım,2,2
16455,xasiyyətdə,2,2
16456,xasiyyətin,2,2
16457,xasına,2,2
16458,xatir,2,2
16459,xatirdən,2,2
16460,xatirimə,2,2
16461,xatırladar,2,2
16462,xatǝmi,2,2
16463,xavəri,2,2
16464,xeyiri,2,1
16465,xeyrimə,2,2
16466,xiclət,2,2
16467,xidmətçi,2,2
16468,xidmətə,2,2
16469,xirmən,2,1
16470,xiyzan,2,2
16471,xizri,2,2
16472,xişmnak,2,2
16473,xiştlər,2,2
16474,xiştü,2,2
16475,xoddananda,2,2
16476,xonça,2,1
16477,xorasana,2,2
16478,xorasanü,2,2
16479,xoruzi,2,1
16480,xosrovun,2,2
16481,xotkar,2,2
16482,xovf,2,2
16483,xovfindən,2,2
16484,xovfü,2,2
16485,xoyda,2,1
16486,xoşbu,2,2
16487,xoşhal,2,2
16488,xoşlayırdı,2,2
16489,xoşluq,2,2
16490,xoşnüma,2,2
16491,xoşxu,2,2
16492,xristianlığın,2,1
16493,xtilat,2,2
16494,xtiyar,2,2
16495,xubana,2,2
16496,xubi,2,2
16497,xublardan,2,2
16498,xubluqda,2,2
16499,xubrulardan,2,1
16500,xubü,2,2
16501,xudadır,2,2
16502,xudavəndi,2,2
16503,xudur,2,2
16504,xumarın,2,2
16505,xumları,2,2
16506,xummar,2,2
16507,xunabeyi,2,2
16508,xunabi,2,2
16509,xunbarım,2,2
16510,xunriz,2,2
16511,xunrizin,2,1
16512,xunxara,2,2
16513,xuramana,2,2
16514,xuramandı,2,2
16515,xörəyini,2,2
16516,xüldü,2,2
16517,xülq,2,2
16518,xülqü,2,2
16519,xürdü,2,2
16520,xüruş,2,2
16521,xüruşə,2,2
16522,xüsusi,2,2
16523,xütbə,2,2
16524,xüşk,2,2
16525,xüşkün,2,2
16526,xıdıroğlu,2,1
16527,xırdaca,2,2
16528,xırmanda,2,2
16529,xırmanım,2,2
16530,xızrı,2,2
16531,xızrǝ,2,2
16532,xǝbǝr,2,1
16533,xǝndan,2,2
16534,xǝstǝdil,2,2
16535,xǝtaiyǝ,2,2
16536,xǝtavü,2,2
16537,xǝyali,2,2
16538,xǝyalın,2,2
16539,xəbis,2,2
16540,xəlilullah,2,2
16541,xəlvətdədi,2,2
16542,xəlvəti,2,2
16543,xəlvətidir,2,2
16544,xəlvətsərayi,2,2
16545,xələtin,2,2
16546,xələtlərin,2,2
16547,xəmidə,2,2
16548,xəmri,2,2
16549,xəmuş,2,2
16550,xəncərini,2,2
16551,xəncərlə,2,2
16552,xəndani,2,2
16553,xəndanı,2,2
16554,xəndanım,2,2
16555,xəndanına,2,2
16556,xənnasdı,2,2
16557,xərabə,2,2
16558,xərac,2,2
16559,xərcindən,2,2
16560,xərcə,2,2
16561,xəridar,2,2
16562,xərməni,2,2
16563,xəsarət,2,2
16564,xəsmdən,2,2
16565,xəsmi,2,2
16566,xəstədil,2,2
16567,xəstədən,2,2
16568,xəstəlikdən,2,1
16569,xəstələr,2,2
16570,xəstəni,2,2
16571,xəstəsi,2,2
16572,xətadən,2,2
16573,xətaim,2,2
16574,xətasız,2,2
16575,xətib,2,2
16576,xətindən,2,1
16577,xətlə,2,2
16578,xətlər,2,2
16579,xəttə,2,1
16580,xətərə,2,2
16581,xəyallar,2,1
16582,xəyalü,2,2
16583,xəyalımdan,2,2
16584,xəyalına,2,2
16585,xəyalını,2,2
16586,xəyyatı,2,2
16587,xəzanə,2,2
16588,xəznə,2,2
16589,xəşbulaq,2,1
16590,xəşbulaqda,2,2
16591,xеybər,2,2
16592,xеybəri,2,2
16593,xеyirriknən,2,1
16594,yadilə,2,2
16595,yadlara,2,2
16596,yadınan,2,1
16597,yadınnan,2,1
16598,yadə,2,2
16599,yainki,2,2
16600,yalanın,2,2
16601,yalavıyır,2,2
16602,yalvara,2,1
16603,yalvarıb,2,2
16604,yalvarıban,2,2
16605,yamandı,2,2
16606,yamanı,2,2
16607,yamanə,2,1
16608,yananım,2,1
16609,yanaqlı,2,2
16610,yanarmı,2,2
16611,yanasan,2,2
16612,yanağa,2,2
16613,yanağında,2,2
16614,yanağının,2,2
16615,yanağınıın,2,2
16616,yandıra,2,2
16617,yandıranda,2,2
16618,yandıraraq,2,2
16619,yandırmadı,2,2
16620,yandırmış,2,2
16621,yandırram,2,2
16622,yandırsın,2,2
16623,yandırıcı,2,2
16624,yandırıram,2,2
16625,yanlarına,2,2
16626,yanmaq,2,2
16627,yanmaqdan,2,2
16628,yanmasa,2,2
16629,yanmağa,2,2
16630,yanmı,2,1
16631,yansan,2,2
16632,yansın,2,2
16633,yanın,2,2
16634,yanınca,2,2
16635,yanındadır,2,2
16636,yanşağı,2,1
16637,yanədir,2,1
16638,yapdı,2,2
16639,yaponyadan,2,2
16640,yapıb,2,2
16641,yapışıb,2,2
16642,yaquta,2,2
16643,yarala,2,2
16644,yaralu,2,1
16645,yaranan,2,2
16646,yarandım,2,2
16647,yaranması,2,1
16648,yaranıbsan,2,2
16649,yarası,2,2
16650,yarat,2,2
16651,yaratmana,2,1
16652,yaratmayıb,2,2
16653,yaraya,2,2
16654,yaraşırmı,2,1
16655,yardır,2,2
16656,yarpaqdan,2,2
16657,yarpızlı,2,1
16658,yarsı,2,1
16659,yarıdan,2,2
16660,yarımı,2,2
16661,yarına,2,2
16662,yarısı,2,2
16663,yarǝlǝr,2,1
16664,yarəsinə,2,2
16665,yasaq,2,2
16666,yasinə,2,1
16667,yaslı,2,2
16668,yastılaya,2,1
16669,yastığa,2,2
16670,yasəmənlər,2,2
16671,yata,2,2
16672,yatacaq,2,2
16673,yataq,2,2
16674,yataqda,2,2
16675,yatarsan,2,2
16676,yatmamış,2,2
16677,yatmayıb,2,2
16678,yatmaz,2,2
16679,yatmışam,2,2
16680,yatsa,2,2
16681,yatıbdı,2,2
16682,yatım,2,2
16683,yatırlar,2,2
16684,yatırsan,2,2
16685,yavaşyavaş,2,2
16686,yavərü,2,2
16687,yaxalar,2,2
16688,yaxamı,2,2
16689,yaxanı,2,2
16690,yaxasına,2,2
16691,yaxdım,2,2
16692,yaxdın,2,2
16693,yaxmaq,2,2
16694,yaxtana,2,2
16695,yaxılmaz,2,1
16696,yaxındakı,2,1
16697,yaxındır,2,1
16698,yaxınlaşırsan,2,2
16699,yaxırsan,2,2
16700,yaxşıların,2,2
16701,yaxşılığı,2,2
16702,yaxşısa,2,2
16703,yaydı,2,2
16704,yaylaqlara,2,2
16705,yaylağında,2,2
16706,yaylağının,2,2
16707,yayılan,2,2
16708,yayılmışdı,2,2
16709,yayılıb,2,2
16710,yayına,2,2
16711,yayınıb,2,2
16712,yazam,2,2
16713,yazandan,2,2
16714,yazarkən,2,2
16715,yazdınmı,2,2
16716,yazdırdı,2,2
16717,yazdırıb,2,2
16718,yazdığını,2,2
16719,yazmaqda,2,1
16720,yazmaram,2,2
16721,yazmışdı,2,2
16722,yazsam,2,2
16723,yazü,2,2
16724,yazılanların,2,1
16725,yazılar,2,2
16726,yazıldı,2,2
16727,yazılsa,2,2
16728,yazır,2,1
16729,yazısı,2,2
16730,yazıya,2,2
16731,yazə,2,2
16732,yağan,2,2
16733,yağdırar,2,2
16734,yağdırır,2,2
16735,yağıb,2,2
16736,yağıdı,2,2
16737,yağışı,2,1
16738,yaşamaq,2,2
16739,yaşamağa,2,2
16740,yaşayaydı,2,2
16741,yaşda,2,2
16742,yaşdan,2,2
16743,yaşi,2,2
16744,yaşmağı,2,2
16745,yaşıllı,2,2
16746,yaşımda,2,2
16747,yaşımdan,2,2
16748,yaşından,2,2
16749,yaşırma,2,2
16750,yaхdı,2,2
16751,yaхşı,2,2
16752,yeddicə,2,1
16753,yeddinci,2,2
16754,yekta,2,2
16755,yektay,2,2
16756,yekşənbə,2,2
16757,yeldə,2,2
16758,yemən,2,2
16759,yengi,2,2
16760,yenməz,2,2
16761,yenә,2,1
16762,yerdədi,2,2
16763,yerdəydi,2,2
16764,yerimdən,2,2
16765,yerlə,2,2
16766,yerlər,2,2
16767,yesəm,2,2
16768,yesən,2,1
16769,yetibdir,2,2
16770,yetibən,2,2
16771,yetiməm,2,1
16772,yetirmiş,2,2
16773,yetirmə,2,2
16774,yetirərik,2,1
16775,yetişir,2,2
16776,yetişmədim,2,2
16777,yetişən,2,2
16778,yetişəsən,2,2
16779,yetmişdə,2,1
16780,yetməsin,2,2
16781,yetməsə,2,2
16782,yetəcək,2,2
16783,yetəm,2,2
16784,yeydürür,2,2
16785,yeyibən,2,2
16786,yeyirdi,2,2
16787,yeyirik,2,1
16788,yeyrək,2,2
16789,yeyər,2,2
16790,yeyərsən,2,2
16791,yezidi,2,2
16792,yezidǝ,2,2
16793,yidliyin,2,2
16794,yidlərin,2,2
16795,yiyəsinə,2,2
16796,ynən,2,1
16797,yoldaşlarından,2,2
16798,yoldaşlarının,2,1
16799,yoldaşın,2,1
16800,yoldu,2,2
16801,yollarına,2,2
16802,yollarını,2,2
16803,yolmaqdan,2,2
16804,yolmasın,2,2
16805,yoludur,2,2
16806,yolumuz,2,2
16807,yolundu,2,1
16808,yolunun,2,2
16809,yoruldu,2,2
16810,yorulmuşam,2,1
16811,yorğa,2,2
16812,yorğana,2,2
16813,yoxa,2,2
16814,yoxdumu,2,1
16815,yoxlamaq,2,1
16816,yoxlar,2,2
16817,yoxmudur,2,2
16818,yoxmuş,2,2
16819,yoxsula,2,2
16820,yoxsulam,2,2
16821,yoxsulların,2,2
16822,yoxumsa,2,2
16823,yoxun,2,2
16824,yoğun,2,2
16825,yoхdur,2,2
16826,yumdu,2,2
16827,yumulmaz,2,2
16828,yumurtası,2,2
16829,yunanda,2,2
16830,yurd,2,1
16831,yurdum,2,2
16832,yusifim,2,2
16833,yusifini,2,2
16834,yusuf,2,2
16835,yuvasına,2,2
16836,yuxa,2,2
16837,yuxanda,2,2
16838,yuxu,2,2
16839,yuxum,2,2
16840,yuxumu,2,2
16841,yuxusu,2,2
16842,yuxuya,2,2
16843,yuyarlar,2,2
16844,yzəd,2,2
16845,yövmül,2,2
16846,yügürüb,2,2
16847,yüksəkdir,2,2
16848,yüksəlib,2,2
16849,yüksəlim,2,2
16850,yüksəlir,2,2
16851,yükündən,2,2
16852,yüküş,2,2
16853,yüngüldür,2,2
16854,yürür,2,1
16855,yürüt,2,2
16856,yürüyüb,2,2
16857,yürǝgim,2,2
16858,yürək,2,2
16859,yüyürdü,2,2
16860,yüyürdülər,2,2
16861,yüzi,2,2
16862,yüzlərcə,2,2
16863,yüzlərlə,2,1
16864,yüzüni,2,2
16865,yüzünǝ,2,2
16866,yıldızım,2,2
16867,yırtaraq,2,2
16868,yırtıldı,2,2
16869,yırtıq,2,2
16870,yıxdın,2,2
16871,yıxılsam,2,2
16872,yığar,2,2
16873,yığdığı,2,1
16874,yığmış,2,2
16875,yığnağı,2,2
16876,yığılanların,2,1
16877,yığılar,2,2
16878,yığılsa,2,2
16879,yığılın,2,2
16880,yığışdı,2,2
16881,yığışdılar,2,2
16882,yığışdırandan,2,2
16883,yığışdırdılar,2,2
16884,yığışıb,2,2
16885,yǝqubi,2,2
16886,yəhudanın,2,1
16887,yəhərlə,2,1
16888,yəmini,2,1
16889,yəməndə,2,1
16890,yəqini,2,2
16891,yəxəsər,2,1
16892,yе,2,2
16893,yеdəyinə,2,1
16894,yеkta,2,2
16895,yеkə,2,1
16896,yеkəallar,2,1
16897,yеlkəni,2,1
16898,yеmə,2,2
16899,yеməyibsən,2,2
16900,yеni,2,2
16901,yеrbəyеr,2,2
16902,yеrinnən,2,1
16903,yеriyə,2,2
16904,yеrlərdə,2,2
16905,yеrlərin,2,2
16906,yеsin,2,2
16907,yеtdi,2,2
16908,yеtirsin,2,2
16909,yеtişdilər,2,2
16910,yеtişmişəm,2,2
16911,yеtişən,2,2
16912,yеtən,2,2
16913,yеtəndə,2,2
16914,yеyilmişdi,2,1
16915,yеyin,2,2
16916,yеyənlər,2,2
16917,yоluna,2,1
16918,yоx,2,2
16919,yоxdu,2,1
16920,yохdur,2,2
16921,yохsa,2,2
16922,zadeyi,2,2
16923,zadı,2,2
16924,zadını,2,1
16925,zae,2,2
16926,zahidǝ,2,1
16927,zahirimiz,2,1
16928,zali,2,2
16929,zalı,2,2
16930,zamandı,2,2
16931,zamanın,2,2
16932,zara,2,2
16933,zarafatnan,2,1
16934,zardır,2,2
16935,zasdana,2,2
16936,zatinə,2,2
16937,zatından,2,2
16938,zavala,2,2
16939,zaya,2,2
16940,zayıl,2,2
16941,zayıldı,2,2
16942,zayə,2,1
16943,zaği,2,2
16944,zehnin,2,1
16945,zeynalabdının,2,1
16946,zeynəbi,2,2
16947,zhar,2,2
16948,zi,2,1
16949,zibilin,2,2
16950,zikrimdir,2,1
16951,zikrsiz,2,2
16952,zikrə,2,1
16953,zillətə,2,2
16954,zilü,2,2
16955,zim,2,2
16956,zina,2,2
16957,zindanım,2,1
16958,zindeyi,2,2
16959,zireh,2,2
16960,zirəklənibdir,2,1
16961,zivəri,2,2
16962,ziyandır,2,2
16963,ziyası,2,2
16964,ziybü,2,1
16965,ziyvərdir,2,2
16966,zodlu,2,1
16967,zora,2,2
16968,zorba,2,2
16969,zoğal,2,2
16970,zubini,2,2
16971,zulfi,2,2
16972,zuri,2,2
16973,zzü,2,2
16974,zzət,2,2
16975,zzətin,2,2
16976,zöhhad,2,2
16977,zöhhak,2,2
16978,zöhriyə,2,1
16979,zöhrədən,2,2
16980,zöhrəyəm,2,2
16981,zövqdən,2,2
16982,zövqlə,2,2
16983,zövrəqi,2,2
16984,zühəl,2,2
16985,zül,2,2
16986,zülcəlalidir,2,2
16987,zülfinin,2,2
16988,zülfinə,2,2
16989,zülflərin,2,2
16990,zülfu,2,2
16991,zülfun,2,1
16992,zülfüqar,2,2
16993,zülfüqara,2,2
16994,zülfüqarı,2,2
16995,zülfı,2,2
16996,zülmi,2,2
16997,zülmünü,2,2
16998,zülmünən,2,2
16999,zülmǝt,2,2
17000,zülmǝti,2,2
17001,zülmətə,2,2
17002,zülümə,2,2
17003,zülеyxa,2,2
17004,zümzümə,2,2
17005,zünnara,2,2
17006,zünnarı,2,2
17007,zǝmanǝ,2,2
17008,zǝrd,2,2
17009,zǝrrǝ,2,2
17010,zəbanə,2,2
17011,zəbura,2,2
17012,zəbərcəd,2,2
17013,zəfdən,2,2
17014,zəfim,2,2
17015,zəfəranlı,2,2
17016,zəhləmi,2,2
17017,zəhmətini,2,2
17018,zəhmətinə,2,2
17019,zəhmətə,2,2
17020,zəhrin,2,2
17021,zəhrini,2,2
17022,zəhəri,2,2
17023,zəifü,2,2
17024,zəlalətdən,2,2
17025,zəlili,2,2
17026,zəlumü,2,2
17027,zəlzələdən,2,2
17028,zəmandır,2,2
17029,zəmanədir,2,2
17030,zəmin,2,2
17031,zəmini,2,1
17032,zəmiri,2,2
17033,zəmisi,2,1
17034,zəmisinin,2,1
17035,zəmzəmi,2,2
17036,zənci,2,2
17037,zəncirini,2,2
17038,zənim,2,1
17039,zənnim,2,2
17040,zənəxdan,2,2
17041,zənəxdana,2,2
17042,zənəxdandı,2,2
17043,zənəxdanü,2,2
17044,zənəxdanında,2,2
17045,zərbələr,2,2
17046,zərdi,2,2
17047,zərdim,2,2
17048,zərifim,2,2
17049,zərrədə,2,2
17050,zərrəni,2,2
17051,zərü,2,2
17052,zеy,2,1
17053,zеynalabdın,2,2
17054,zеynalgilin,2,1
17055,çadırı,2,2
17056,çah,2,2
17057,çakərzadə,2,1
17058,çaldırıb,2,2
17059,çaldığı,2,2
17060,çalmaq,2,1
17061,çalmağı,2,2
17062,çalxanır,2,2
17063,çalı,2,2
17064,çalışardı,2,2
17065,çalışarsan,2,2
17066,çalışdı,2,2
17067,çalışsan,2,2
17068,çapa,2,2
17069,çapar,2,2
17070,çapdılar,2,2
17071,çapmağa,2,2
17072,çapılam,2,2
17073,çapında,2,1
17074,çarası,2,2
17075,çardaqlıya,2,1
17076,çariyarə,2,1
17077,çarpışar,2,2
17078,çarqat,2,2
17079,çarəsaz,2,2
17080,çarəsin,2,2
17081,çarəsiz,2,2
17082,çat,2,2
17083,çatacaq,2,2
17084,çatdırmaq,2,1
17085,çatmayıb,2,2
17086,çatmış,2,1
17087,çaxdı,2,2
17088,çaxmaq,2,2
17089,çaxnaşar,2,1
17090,çayını,2,2
17091,çağıdır,2,2
17092,çağın,2,2
17093,çağıranda,2,1
17094,çağırdılar,2,2
17095,çağırsa,2,2
17096,çağırırdı,2,2
17097,çaşsa,2,2
17098,çaşıb,2,2
17099,çdim,2,2
17100,çevir,2,2
17101,çevirmiş,2,2
17102,çevrildi,2,2
17103,çevrilib,2,1
17104,çevrəmə,2,2
17105,çevrəsi,2,2
17106,çeşmini,2,2
17107,çeşmǝyi,2,2
17108,çeşmək,2,1
17109,çeşməndən,2,2
17110,çeşmənin,2,2
17111,çeşməsindən,2,2
17112,çeşməyi,2,2
17113,çilenlər,2,1
17114,çimmək,2,2
17115,çirağı,2,2
17116,çirkab,2,2
17117,çirə,2,1
17118,çiy,2,2
17119,çiynini,2,2
17120,çiçəgi,2,2
17121,çiçəkdən,2,2
17122,çiçəklərin,2,2
17123,çlərində,2,2
17124,çmiş,2,2
17125,çmişəm,2,2
17126,çobana,2,2
17127,çobani,2,2
17128,çolpa,2,2
17129,çor,2,2
17130,çovğuna,2,2
17131,çoxlarına,2,2
17132,çoxlarının,2,2
17133,çoxuna,2,2
17134,çoxunda,2,1
17135,çoxunun,2,2
17136,çoxusunun,2,2
17137,çoх,2,1
17138,çoхdur,2,2
17139,çun,2,2
17140,çunü,2,1
17141,çuval,2,2
17142,çöhrəmi,2,2
17143,çöhrəsinin,2,2
17144,çökdürə,2,1
17145,çökmüş,2,2
17146,çömçə,2,2
17147,çöpə,2,2
17148,çörəyin,2,2
17149,çövkanə,2,2
17150,çöyürüf,2,1
17151,çır,2,1
17152,çıraqban,2,2
17153,çırtıq,2,2
17154,çıxacam,2,1
17155,çıxarar,2,2
17156,çıxarda,2,2
17157,çıxardın,2,2
17158,çıxarlıq,2,1
17159,çıxartmaz,2,2
17160,çıxartsam,2,2
17161,çıxartsın,2,2
17162,çıxdınız,2,2
17163,çıxmanam,2,2
17164,çıxmaq,2,2
17165,çıxmasın,2,2
17166,çıxmaya,2,2
17167,çıxmayıb,2,2
17168,çıxmağı,2,2
17169,çıxmışdır,2,2
17170,çıxsaydı,2,2
17171,çıxıban,2,2
17172,çıxıbdır,2,2
17173,çıxırlar,2,2
17174,çıхmadı,2,1
17175,çǝkmǝ,2,2
17176,çəhməyə,2,1
17177,çəkibdi,2,2
17178,çəkibdilər,2,2
17179,çəkibsən,2,2
17180,çəkinə,2,1
17181,çəkinər,2,2
17182,çəkməkdə,2,2
17183,çəkmərəm,2,2
17184,çəkməyib,2,2
17185,çəkməyən,2,2
17186,çəkməzsən,2,2
17187,çəkməçiyə,2,2
17188,çəksən,2,2
17189,çəksəydi,2,1
17190,çəkək,2,2
17191,çəkəm,2,2
17192,çəkərdi,2,2
17193,çəkəsən,2,2
17194,çəməni,2,2
17195,çəmənlərdə,2,2
17196,çəndan,2,2
17197,çəngin,2,2
17198,çənginə,2,2
17199,çəngəli,2,1
17200,çəngəlindən,2,2
17201,çəngələ,2,2
17202,çənə,2,2
17203,çəpgəni,2,2
17204,çəravü,2,1
17205,çərхin,2,2
17206,çətinliyə,2,1
17207,çətinə,2,2
17208,çətirin,2,2
17209,çеvirginən,2,2
17210,çеvirib,2,2
17211,çеvirsin,2,2
17212,çеşməsi,2,2
17213,öküzdən,2,2
17214,öküzlə,2,1
17215,öküzləri,2,2
17216,öküzə,2,2
17217,öldürmək,2,2
17218,öldürməkdir,2,1
17219,öldürməyə,2,2
17220,öldürsün,2,2
17221,öldürün,2,2
17222,ölləm,2,2
17223,ölməkdən,2,2
17224,ölmərəm,2,2
17225,ölməyimi,2,2
17226,ölməz,2,2
17227,ölçüdə,2,2
17228,ölçülür,2,2
17229,ölübdü,2,2
17230,ölüf,2,1
17231,ölüləri,2,2
17232,öləm,2,2
17233,ölər,2,2
17234,ölərsəm,2,2
17235,ömrlərdir,2,2
17236,ömründə,2,2
17237,ömrünüz,2,2
17238,ömrünə,2,2
17239,ömrə,2,2
17240,ömürlərinin,2,2
17241,ön,2,2
17242,öp,2,2
17243,öpdükcə,2,2
17244,öpüb,2,2
17245,öpüş,2,2
17246,öpüşdü,2,2
17247,öpəm,2,2
17248,örtməynən,2,2
17249,örtük,2,2
17250,örtüyün,2,2
17251,örtər,2,2
17252,ötər,2,2
17253,övliya,2,2
17254,övni,2,2
17255,övraqi,2,2
17256,övrəti,2,2
17257,övrətlər,2,2
17258,öydən,2,2
17259,öymə,2,2
17260,öyrənməz,2,1
17261,öyrət,2,2
17262,öyüb,2,1
17263,öyünər,2,1
17264,özgələrdən,2,2
17265,özgələrə,2,2
17266,özgəsinə,2,2
17267,özlərin,2,2
17268,özun,2,2
17269,özümüz,2,2
17270,özümüzü,2,2
17271,özünüzü,2,2
17272,özüvə,2,2
17273,özüynən,2,2
17274,üftadələrin,2,2
17275,üftanü,2,2
17276,üfüqdən,2,2
17277,ülfətim,2,2
17278,ülvi,2,2
17279,ümidimi,2,2
17280,ümmanam,2,2
17281,ümmanım,2,2
17282,ümmi,2,2
17283,ümmidü,2,2
17284,ümməhat,2,2
17285,ünsür,2,2
17286,ünvani,2,2
17287,ünə,2,2
17288,üqbadǝ,2,2
17289,üqdi,2,2
17290,ürfandır,2,2
17291,ürfani,2,2
17292,üryanı,2,2
17293,üryanın,2,2
17294,ürəkdir,2,2
17295,ürəkdəki,2,2
17296,ürəklə,2,2
17297,ürəklər,2,1
17298,ürəklərə,2,1
17299,ürəyimi,2,2
17300,ürəyimə,2,2
17301,ürəyindən,2,2
17302,üstdən,2,2
17303,üstümüzə,2,2
17304,üstündǝ,2,2
17305,üstüva,2,2
17306,üstüxani,2,2
17307,üsuli,2,2
17308,üsyani,2,2
17309,üsyanın,2,2
17310,üzdü,2,2
17311,üzini,2,1
17312,üzlər,2,2
17313,üzlət,2,2
17314,üzlətdə,2,2
17315,üzmayə,2,2
17316,üzmək,2,2
17317,üzük,2,1
17318,üzülmədi,2,2
17319,üzülməz,2,2
17320,üzülür,2,2
17321,üzümün,2,2
17322,üzündəki,2,2
17323,üzünədir,2,2
17324,üzüyola,2,1
17325,üzüyü,2,2
17326,üzüyünü,2,1
17327,üzəngi,2,2
17328,üzərində,2,2
17329,üçdür,2,2
17330,üçdə,2,2
17331,üşşaqdən,2,2
17332,üşşaqin,2,2
17333,üşşaqın,2,2
17334,ğeyn,2,2
17335,ğönçə,2,2
17336,ğüfran,2,2
17337,ğürab,2,2
17338,ğərqeyi,2,2
17339,şabaş,2,2
17340,şabaşa,2,2
17341,şaddır,2,2
17342,şadlığa,2,2
17343,şadman,2,2
17344,şadü,2,2
17345,şahdan,2,2
17346,şahiddir,2,2
17347,şahidim,2,2
17348,şahmarı,2,2
17349,şahsüvarım,2,2
17350,şahsən,2,2
17351,şahtaxtından,2,2
17352,şahzadalar,2,2
17353,şahənşah,2,1
17354,şaiq,2,2
17355,şairlərin,2,2
17356,şairsənsə,2,2
17357,şalvar,2,2
17358,şalı,2,2
17359,şamamanı,2,1
17360,şamaxı,2,2
17361,şamları,2,2
17362,şana,2,2
17363,şarət,2,2
17364,şaxta,2,2
17365,şaxədən,2,2
17366,şayəstə,2,2
17367,şdən,2,1
17368,şe,2,2
17369,şerdən,2,2
17370,şerimdən,2,2
17371,şerin,2,2
17372,şeriyyətin,2,2
17373,şeydi,2,2
17374,şeydədir,2,2
17375,şeyləri,2,2
17376,şeylərin,2,2
17377,şeytana,2,2
17378,şeytandan,2,2
17379,şeytanımız,2,2
17380,şikari,2,2
17381,şikǝstǝ,2,2
17382,şikəst,2,1
17383,şikəstəxatirlik,2,1
17384,şilə,2,2
17385,şindandan,2,2
17386,şirləri,2,1
17387,şirvanın,2,1
17388,şirü,2,2
17389,şivəvü,2,2
17390,şişədə,2,2
17391,şişəsi,2,1
17392,şlərimiz,2,1
17393,şor,2,2
17394,şoranlıq,2,2
17395,şoru,2,2
17396,şum,2,2
17397,şuqə,2,2
17398,şuxun,2,2
17399,şuxü,2,2
17400,şuşa,2,2
17401,şvəkar,2,1
17402,şöhrətidi,2,2
17403,şöləsindən,2,2
17404,şövkətini,2,2
17405,şövkətinə,2,1
17406,şövqilə,2,2
17407,şövqin,2,2
17408,şövqlə,2,2
17409,şövqüm,2,2
17410,şüai,2,2
17411,şüasından,2,2
17412,şübhədən,2,2
17413,şücaətdə,2,2
17414,şükufədən,2,1
17415,şükufəsi,2,2
17416,şümarını,2,2
17417,şümarə,2,1
17418,şümşadü,2,1
17419,şümşadı,2,2
17420,şüqqəsi,2,2
17421,şüurun,2,2
17422,şüurunda,2,2
17423,şüəra,2,2
17424,şınıq,2,2
17425,şıqqıltı,2,2
17426,şıx,2,1
17427,şǝhadǝt,2,2
17428,şǝhri,2,2
17429,şǝhrini,2,2
17430,şǝkkǝr,2,2
17431,şǝmsüz,2,2
17432,şǝrh,2,2
17433,şəbistani,2,2
17434,şəbistanı,2,2
17435,şəbnəmi,2,2
17436,şəbəkələrdə,2,1
17437,şəcərə,2,2
17438,şəcərətil,2,2
17439,şəddad,2,2
17440,şədid,2,1
17441,şəffaf,2,2
17442,şəhab,2,2
17443,şəhbazi,2,2
17444,şəhidan,2,2
17445,şəhidi,2,2
17446,şəhidin,2,2
17447,şəhrdən,2,2
17448,şəhvarə,2,2
17449,şəhənşəh,2,2
17450,şəhərdə,2,2
17451,şəhərdən,2,2
17452,şəki,2,2
17453,şəkil,2,2
17454,şəkildə,2,2
17455,şəkilli,2,2
17456,şəkkərin,2,2
17457,şəkkərü,2,2
17458,şəkkərə,2,2
17459,şəkl,2,2
17460,şəkəri,2,2
17461,şəkərin,2,2
17462,şəkərə,2,2
17463,şələsini,2,2
17464,şəmayıl,2,2
17465,şəmü,2,1
17466,şəmşəddini,2,2
17467,şəmşəddinin,2,1
17468,şənində,2,2
17469,şənlik,2,2
17470,şəqayiq,2,2
17471,şəqqül,2,2
17472,şəraba,2,2
17473,şərabdan,2,2
17474,şərabla,2,2
17475,şərabxanə,2,2
17476,şərabım,2,2
17477,şərabın,2,2
17478,şərarə,2,2
17479,şərbətinə,2,2
17480,şəril,2,2
17481,şərilə,2,1
17482,şərimə,2,2
17483,şəriətü,2,2
17484,şəriətə,2,2
17485,şərm,2,2
17486,şərmsar,2,2
17487,şərq,2,2
17488,şərrə,2,1
17489,şərtdəri,2,1
17490,şərtini,2,2
17491,şərtisə,2,2
17492,şərtlərinə,2,2
17493,şərvan,2,2
17494,şəxsiyyəti,2,1
17495,şəxsiyyətli,2,1
17496,şəyirdim,2,2
17497,şəyirdlərim,2,2
17498,şəyirdlərinin,2,1
17499,şəyirdlərinə,2,1
17500,şəyyad,2,2
17501,şəхs,2,1
17502,şеyə,2,2
17503,şеş,2,2
17504,ǝcǝbmi,2,2
17505,ǝfğan,2,2
17506,ǝhlidir,2,1
17507,ǝlǝm,2,2
17508,ǝnvari,2,2
17509,ǝqrǝb,2,2
17510,ǝyağ,2,2
17511,ǝyyami,2,2
17512,ǝz,2,2
17513,ǝzǝl,2,2
17514,əbayə,2,2
17515,əbdülqəffar,2,1
17516,əbdüləzimi,2,1
17517,əbrulərin,2,2
17518,əbrusin,2,2
17519,əbu,2,2
17520,əbvabi,2,2
17521,əbyəz,2,2
17522,əcibə,2,2
17523,əczayi,2,2
17524,əcəba,2,1
17525,ədalətdə,2,2
17526,ədalətdən,2,2
17527,ədalətlə,2,2
17528,ədavət,2,2
17529,ədayi,2,2
17530,ədna,2,2
17531,ədəm,2,2
17532,əfali,2,2
17533,əfkar,2,2
17534,əfkarə,2,2
17535,əflak,2,2
17536,əflaki,2,2
17537,əflakə,2,2
17538,əflatun,2,2
17539,əfqanə,2,2
17540,əfsəri,2,2
17541,əfzəli,2,2
17542,əfğani,2,2
17543,əfğanlar,2,2
17544,əfğanına,2,1
17545,əfşan,2,2
17546,əglənir,2,1
17547,əgri,2,2
17548,əgǝr,2,1
17549,əgərci,2,2
17550,əhdinə,2,2
17551,əhkami,2,2
17552,əhliydi,2,2
17553,əhliyəm,2,2
17554,əhməddi,2,2
17555,əhməddən,2,2
17556,əhmədin,2,2
17557,əhmədə,2,1
17558,əhməqin,2,1
17559,əhrimən,2,2
17560,əhsəntü,2,2
17561,əhvalat,2,2
17562,əhvalatdan,2,2
17563,əhvalatından,2,2
17564,əhvalatını,2,1
17565,əhvalimi,2,2
17566,əhvalimə,2,2
17567,əhya,2,2
17568,əhəd,2,2
17569,əjdahanı,2,2
17570,əjdəha,2,2
17571,əjdəri,2,2
17572,əkbərə,2,2
17573,əkdi,2,2
17574,əkiləsi,2,1
17575,əksini,2,2
17576,əksinə,2,2
17577,əksər,2,2
17578,əkə,2,2
17579,əkəsən,2,1
17580,əlacsız,2,2
17581,əlacımdan,2,2
17582,əlamətidir,2,2
17583,əlaya,2,2
17584,əlayiqdən,2,2
17585,əlayə,2,2
17586,əlfazi,2,2
17587,əlhəmd,2,2
17588,əlhəqq,2,2
17589,əlimi,2,2
17590,əlimnən,2,1
17591,əlimü,2,2
17592,əlimǝ,2,1
17593,əliməhəmməd,2,2
17594,əlinlə,2,2
17595,əliyyi,2,2
17596,əllaməyə,2,2
17597,əllidi,2,2
17598,əllərdə,2,2
17599,əlləzi,2,2
17600,əlləşər,2,2
17601,əlvida,2,2
17602,ələfzar,2,2
17603,ələl,2,2
17604,ələman,2,2
17605,ələsgərdə,2,2
17606,ələsgərsən,2,2
17607,ələstidən,2,2
17608,ələstü,2,2
17609,ələstə,2,2
17610,əlеyküməsalam,2,2
17611,əmanətdar,2,2
17612,əmdən,2,2
17613,əminin,2,2
17614,əmliyi,2,2
17615,əmmək,2,2
17616,əmrdir,2,2
17617,əmrim,2,1
17618,əmvac,2,2
17619,əmvatə,2,2
17620,əmək,2,2
17621,əməlində,2,2
17622,əməlindən,2,2
17623,əməlli,2,2
17624,əmər,2,2
17625,əmərəm,2,2
17626,əməyin,2,2
17627,ənar,2,2
17628,ənbiya,2,2
17629,ənbiyanın,2,2
17630,ənbərinxətdir,2,2
17631,ənbərəfşan,2,2
17632,əncir,2,2
17633,əncümü,2,2
17634,əndamları,2,2
17635,əndamım,2,2
17636,əndazədən,2,2
17637,əndişədən,2,2
17638,ənduhi,2,2
17639,əndək,2,2
17640,əngur,2,2
17641,ənguri,2,2
17642,ənqaya,2,1
17643,ənvara,2,2
17644,ənvarinə,2,2
17645,ənvərə,2,2
17646,əqd,2,2
17647,əqdəməm,2,2
17648,əqldir,2,2
17649,əqldəndir,2,2
17650,əqlimə,2,2
17651,əqlinin,2,2
17652,əqranın,2,2
17653,əqsa,2,2
17654,əqsaya,2,2
17655,ərazini,2,2
17656,əridir,2,2
17657,ərin,2,2
17658,ərkani,2,1
17659,ərni,2,2
17660,ərrəhman,2,2
17661,ərseyi,2,2
17662,ərsədə,2,2
17663,ərvah,2,2
17664,ərvahda,2,2
17665,ərzan,2,2
17666,ərzani,2,2
17667,ərze,2,1
17668,ərəbcə,2,2
17669,ərənlərin,2,2
17670,əsasın,2,2
17671,əsasını,2,2
17672,əsayi,2,2
17673,əsbabinə,2,2
17674,əsdikcə,2,2
17675,əsgər,2,2
17676,əshabi,2,2
17677,əsi,2,2
17678,əsib,2,2
17679,əsirgəməsin,2,2
17680,əsirinə,2,2
17681,əski,2,1
17682,əslidən,2,2
17683,əsnadə,2,2
17684,əsra,2,1
17685,əsrardır,2,2
17686,əsrarinə,2,2
17687,əsrarımız,2,2
17688,əsrarına,2,2
17689,əsridi,2,2
17690,əssəlatü,2,1
17691,əsədi,2,2
17692,əsədullahgil,2,1
17693,əsədə,2,1
17694,əsəl,2,2
17695,əsəli,2,2
17696,əsərləri,2,2
17697,əsərsə,2,2
17698,ətindən,2,2
17699,ətini,2,2
17700,ətli,2,2
17701,ətləsi,2,2
17702,ətrafı,2,2
17703,ətrafında,2,2
17704,ətrinə,2,2
17705,əttar,2,2
17706,ətvar,2,2
17707,ətvarını,2,2
17708,ətəklə,2,2
17709,ətəyi,2,2
17710,ətəyində,2,2
17711,ətəyindən,2,2
17712,əvami,2,1
17713,əvvəlində,2,2
17714,əvvəlkinə,2,2
17715,əxtər,2,2
17716,əxtərim,2,2
17717,əy,2,2
17718,əyaldan,2,2
17719,əyalın,2,1
17720,əyanə,2,2
17721,əyağa,2,1
17722,əyağımda,2,2
17723,əyağın,2,2
17724,əyağını,2,2
17725,əyilsən,2,1
17726,əyləşibdi,2,2
17727,əyləşibsən,2,2
17728,əyləşin,2,2
17729,əyləşəndə,2,2
17730,əymərəm,2,2
17731,əysilər,2,2
17732,əysin,2,2
17733,əyyaminə,2,2
17734,əyyara,2,2
17735,əyyarım,2,2
17736,əyərək,2,2
17737,əzaba,2,2
17738,əzabi,2,2
17739,əzablı,2,2
17740,əzabından,2,2
17741,əzbərləyib,2,2
17742,əzdiyin,2,1
17743,əzib,2,2
17744,əzimü,2,2
17745,əziyyətdi,2,2
17746,əzl,2,2
17747,əzrail,2,2
17748,əzrayılı,2,2
17749,əzrayılın,2,2
17750,əzudun,2,1
17751,əzəliyyət,2,2
17752,əşari,2,2
17753,əşkindən,2,2
17754,əşrarə,2,2
17755,əşrəfi,2,2
17756,əсəb,2,1
17757,еdə,2,2
17758,еdəydi,2,1
17759,еhsanı,2,2
17760,еhtiyat,2,2
17761,еldə,2,2
17762,еlinə,2,2
17763,еliyən,2,1
17764,еllər,2,2
17765,еlmdən,2,2
17766,еlmi,2,1
17767,еlçi,2,1
17768,еlçilər,2,1
17769,еləmirəm,2,2
17770,еləməsin,2,2
17771,еləməyəcəm,2,1
17772,еləyək,2,1
17773,еləyər,2,2
17774,еndi,2,2
17775,еndiribən,2,2
17776,еtdim,2,2
17777,еtmişdi,2,2
17778,еtmədi,2,2
17779,еtmək,2,2
17780,еtsin,2,2
17781,еtsə,2,2
17782,еvidir,2,1
17783,еvinizə,2,2
17784,еvlənməmişdi,2,2
17785,еvlərinin,2,2
17786,еydi,2,2
17787,еyləməynən,2,2
17788,еyləsin,2,2
17789,еyləsən,2,2
17790,еyni,2,2
17791,еynim,2,2
17792,еyninə,2,2
17793,еyvan,2,2
17794,еyş,2,2
17795,еşidə,2,1
17796,еşidəndən,2,2
17797,еşit,2,2
17798,еşitmişik,2,2
17799,еşitmişəm,2,2
17800,еşitsə,2,2
17801,оda,2,1
17802,оddan,2,2
17803,оlmadı,2,2
17804,оlmasa,2,2
17805,оlmaya,2,1
17806,оlmuş,2,2
17807,оlsa,2,2
17808,оlubdur,2,2
17809,оnda,2,2
17810,оnları,2,2
17811,оnu,2,2
17812,оx,2,2
17813,охu,2,1
17814,сam,2,1
17815,сanın,2,1
17816,сəm,2,1
17817,хalü,2,2
17818,хılt,2,1
17819,хəstə,2,2
17820,хəstəyə,2,2
17821,хəyalın,2,2
17822,хəznəsinin,2,2
17823,әza,2,1
17824,01,1,1
17825,0l,1,1
17826,100,1,1
17827,101,1,1
17828,102,1,1
17829,103,1,1
17830,104,1,1
17831,105,1,1
17832,106,1,1
17833,107,1,1
17834,108,1,1
17835,109,1,1
17836,110,1,1
17837,111,1,1
17838,112,1,1
17839,113,1,1
17840,114,1,1
17841,115,1,1
17842,116,1,1
17843,118,1,1
17844,119,1,1
17845,120,1,1
17846,121,1,1
17847,122,1,1
17848,123,1,1
17849,124,1,1
17850,125,1,1
17851,126,1,1
17852,127,1,1
17853,128,1,1
17854,129,1,1
17855,130,1,1
17856,131,1,1
17857,132,1,1
17858,133,1,1
17859,134,1,1
17860,135,1,1
17861,136,1,1
17862,137,1,1
17863,138,1,1
17864,139,1,1
17865,140,1,1
17866,141,1,1
17867,142,1,1
17868,143,1,1
17869,144,1,1
17870,145,1,1
17871,146,1,1
17872,147,1,1
17873,148,1,1
17874,149,1,1
17875,150,1,1
17876,151,1,1
17877,152,1,1
17878,153,1,1
17879,154,1,1
17880,155,1,1
17881,156,1,1
17882,157,1,1
17883,158,1,1
17884,159,1,1
17885,160,1,1
17886,161,1,1
17887,162,1,1
17888,163,1,1
17889,164,1,1
17890,165,1,1
17891,166,1,1
17892,167,1,1
17893,168,1,1
17894,169,1,1
17895,170,1,1
17896,171,1,1
17897,172,1,1
17898,173,1,1
17899,174,1,1
17900,175,1,1
17901,176,1,1
17902,177,1,1
17903,178,1,1
17904,179,1,1
17905,180,1,1
17906,181,1,1
17907,182,1,1
17908,183,1,1
17909,1832,1,1
17910,184,1,1
17911,185,1,1
17912,186,1,1
17913,187,1,1
17914,188,1,1
17915,189,1,1
17916,1897,1,1
17917,190,1,1
17918,191,1,1
17919,1917,1,1
17920,192,1,1
17921,193,1,1
17922,194,1,1
17923,195,1,1
17924,196,1,1
17925,197,1,1
17926,198,1,1
17927,199,1,1
17928,200,1,1
17929,2004,1,1
17930,201,1,1
17931,202,1,1
17932,2022,1,1
17933,2023,1,1
17934,2024,1,1
17935,203,1,1
17936,204,1,1
17937,205,1,1
17938,206,1,1
17939,207,1,1
17940,208,1,1
17941,209,1,1
17942,210,1,1
17943,211,1,1
17944,212,1,1
17945,213,1,1
17946,214,1,1
17947,215,1,1
17948,216,1,1
17949,217,1,1
17950,385,1,1
17951,53,1,1
17952,664,1,1
17953,78,1,1
17954,79,1,1
17955,81,1,1
17956,82,1,1
17957,83,1,1
17958,84,1,1
17959,85,1,1
17960,86,1,1
17961,87,1,1
17962,88,1,1
17963,89,1,1
17964,90,1,1
17965,91,1,1
17966,92,1,1
17967,93,1,1
17968,94,1,1
17969,95,1,1
17970,96,1,1
17971,97,1,1
17972,98,1,1
17973,a1,1,1
17974,abaddır,1,1
17975,abadlıq,1,1
17976,abai,1,1
17977,aban,1,1
17978,abanı,1,1
17979,abaya,1,1
17980,abbasdan,1,1
17981,abbasi,1,1
17982,abbasilər,1,1
17983,abbasnan,1,1
17984,abbasqulu,1,1
17985,abbası,1,1
17986,abbasındı,1,1
17987,abdaləm,1,1
17988,abdullahın,1,1
17989,abidari,1,1
17990,abidarımdan,1,1
17991,abidin,1,1
17992,abidlər,1,1
17993,abidlərin,1,1
17994,abigundur,1,1
17995,abin,1,1
17996,abindən,1,1
17997,abini,1,1
17998,abinusam,1,1
17999,abinə,1,1
18000,abnus,1,1
18001,abru,1,1
18002,abrımı,1,1
18003,abu,1,1
18004,abusən,1,1
18005,abxaz,1,1
18006,abxaza,1,1
18007,abxazda,1,1
18008,abxaziyada,1,1
18009,abxazların,1,1
18010,abına,1,1
18011,abırın,1,1
18012,acanda,1,1
18013,acgözlük,1,1
18014,acgözlüyünə,1,1
18015,acizdü,1,1
18016,acizliyim,1,1
18017,acizlərin,1,1
18018,aclıqdan,1,1
18019,acıbulaqda,1,1
18020,acıda,1,1
18021,acıdan,1,1
18022,acıdı,1,1
18023,acıdır,1,1
18024,acılarla,1,1
18025,acıldı,1,1
18026,acılmadı,1,1
18027,acılı,1,1
18028,acından,1,1
18029,acıq,1,1
18030,acıqla,1,1
18031,acıqlandım,1,1
18032,acıqlıacıqlı,1,1
18033,acıtdı,1,1
18034,adabi,1,1
18035,adabıdır,1,1
18036,adabından,1,1
18037,adabını,1,1
18038,adabə,1,1
18039,adamlardı,1,1
18040,adamlarla,1,1
18041,adamlarnan,1,1
18042,adamlıq,1,1
18043,adamlığı,1,1
18044,adamnan,1,1
18045,adamsanmış,1,1
18046,adamyeyən,1,1
18047,adamımız,1,1
18048,adamını,1,1
18049,adamıydılar,1,1
18050,adamıyıq,1,1
18051,addadar,1,1
18052,addan,1,1
18053,addatdı,1,1
18054,addım,1,1
18055,addımladı,1,1
18056,addısannı,1,1
18057,adildir,1,1
18058,adinədir,1,1
18059,adinədən,1,1
18060,adinənin,1,1
18061,adinəyi,1,1
18062,adlandıran,1,1
18063,adlandırma,1,1
18064,adlanılır,1,1
18065,adlanım,1,1
18066,adlısanlı,1,1
18067,advoqatlar,1,1
18068,adü,1,1
18069,adıdurur,1,1
18070,adıdır,1,1
18071,adıma,1,1
18072,adında,1,1
18073,adınız,1,1
18074,adınızı,1,1
18075,adıynan,1,1
18076,adǝmǝ,1,1
18077,adəmdir,1,1
18078,adəmizad,1,1
18079,adəmliyim,1,1
18080,adəmtək,1,1
18081,adəmü,1,1
18082,adətdü,1,1
18083,adətdə,1,1
18084,adətimiz,1,1
18085,adətkərdə,1,1
18086,adətü,1,1
18087,adətə,1,1
18088,adətən,1,1
18089,adəəm,1,1
18090,adәm,1,1
18091,afaqı,1,1
18092,afitabü,1,1
18093,afiyətbəxşi,1,1
18094,afiyətəfza,1,1
18095,afsordə,1,1
18096,aftab,1,1
18097,aftabi,1,1
18098,afıtab,1,1
18099,afǝrin,1,1
18100,afəriniş,1,1
18101,afərinə,1,1
18102,afətin,1,1
18103,afətlər,1,1
18104,afətə,1,1
18105,aga,1,1
18106,agahi,1,1
18107,agahlərə,1,1
18108,aganın,1,1
18109,agzını,1,1
18110,aha,1,1
18111,ahan,1,1
18112,ahdan,1,1
18113,ahimdǝn,1,1
18114,ahimiz,1,1
18115,ahimə,1,1
18116,ahindir,1,1
18117,ahindən,1,1
18118,ahinin,1,1
18119,ahinlə,1,1
18120,ahinə,1,1
18121,ahiyi,1,1
18122,ahla,1,1
18123,ahlarımla,1,1
18124,ahlərə,1,1
18125,ahugözlülər,1,1
18126,ahura,1,1
18127,ahusu,1,1
18128,ahuya,1,1
18129,ahüzar,1,1
18130,ahınla,1,1
18131,ahəng,1,1
18132,ahənglərim,1,1
18133,ahəngü,1,1
18134,ahəngəri,1,1
18135,ahənindəndan,1,1
18136,aiddir,1,1
18137,ailə,1,1
18138,ailədə,1,1
18139,ailəmdən,1,1
18140,ailəni,1,1
18141,ailəsi,1,1
18142,ailəsini,1,1
18143,ailəsinə,1,1
18144,ajdıx,1,1
18145,ajdıxdan,1,1
18146,ajdığı,1,1
18147,ajıya,1,1
18148,akademiyası,1,1
18149,akif,1,1
18150,alacam,1,1
18151,alacan,1,1
18152,alacanı,1,1
18153,alacaqdır,1,1
18154,alacaqlar,1,1
18155,alacaqsan,1,1
18156,alacaqsansa,1,1
18157,alacağam,1,1
18158,alagöllər,1,1
18159,alagözlü,1,1
18160,alajam,1,1
18161,alandan,1,1
18162,alannan,1,1
18163,alaqaya,1,1
18164,alaram,1,1
18165,alarsa,1,1
18166,alarsan,1,1
18167,alası,1,1
18168,alasıdı,1,1
18169,alay,1,1
18170,alayişi,1,1
18171,alayə,1,1
18172,alaçıqlarına,1,1
18173,alaçıqlarından,1,1
18174,alaçığında,1,1
18175,alaçığının,1,1
18176,albali,1,1
18177,albomdakı,1,1
18178,albomu,1,1
18179,alcaxda,1,1
18180,aldadır,1,1
18181,aldanar,1,1
18182,aldanmadı,1,1
18183,aldanmaram,1,1
18184,aldanmayasan,1,1
18185,aldanıbsan,1,1
18186,aldatdın,1,1
18187,aldatmaları,1,1
18188,aldatmısan,1,1
18189,aldurdun,1,1
18190,aldıq,1,1
18191,aldıvü,1,1
18192,aldığ,1,1
18193,aldığım,1,1
18194,aldığını,1,1
18195,alihümmǝt,1,1
18196,alilər,1,1
18197,alimdən,1,1
18198,alimin,1,1
18199,alimlərimizə,1,1
18200,alimsən,1,1
18201,alin,1,1
18202,alindən,1,1
18203,aline,1,1
18204,alinəsəblər,1,1
18205,aliqədr,1,1
18206,aliqədrlər,1,1
18207,aliyü,1,1
18208,aliyǝm,1,1
18209,alişan,1,1
18210,allahdadı,1,1
18211,allahdır,1,1
18212,allahimiz,1,1
18213,allahimmə,1,1
18214,allahin,1,1
18215,allahsızı,1,1
18216,allahverdi,1,1
18217,allahvеrdi,1,1
18218,allahımı,1,1
18219,allahımızın,1,1
18220,allamə,1,1
18221,almadınsa,1,1
18222,almadıq,1,1
18223,almalıdır,1,1
18224,almamış,1,1
18225,almaqla,1,1
18226,almasa,1,1
18227,alması,1,1
18228,almax,1,1
18229,almaya,1,1
18230,almayıb,1,1
18231,almayınca,1,1
18232,almaza,1,1
18233,almazdım,1,1
18234,almazlar,1,1
18235,almazı,1,1
18236,almağı,1,1
18237,almışdır,1,1
18238,almışıq,1,1
18239,almışız,1,1
18240,alməmməddən,1,1
18241,alməmmədgil,1,1
18242,alnıma,1,1
18243,alnın,1,1
18244,alnına,1,1
18245,alnını,1,1
18246,alnının,1,1
18247,alosmanı,1,1
18248,alovda,1,1
18249,alovlanar,1,1
18250,alovlandırdı,1,1
18251,alovlandırdın,1,1
18252,alovlanır,1,1
18253,alp,1,1
18254,alsalar,1,1
18255,alsax,1,1
18256,altda,1,1
18257,altdadır,1,1
18258,altma,1,1
18259,altmışında,1,1
18260,altuni,1,1
18261,altunu,1,1
18262,altunun,1,1
18263,altunyanaq,1,1
18264,altunə,1,1
18265,altıda,1,1
18266,altımda,1,1
18267,altın,1,1
18268,altındasınız,1,1
18269,altınnan,1,1
18270,altısı,1,1
18271,altıyla,1,1
18272,alud,1,1
18273,aludə,1,1
18274,alver,1,1
18275,alverçilərində,1,1
18276,alçalarsan,1,1
18277,alçaldı,1,1
18278,alçalt,1,1
18279,alçaltdı,1,1
18280,alçalı,1,1
18281,alçaqda,1,1
18282,alçaxdan,1,1
18283,alçaya,1,1
18284,alçağı,1,1
18285,alıbdir,1,1
18286,alıbsa,1,1
18287,alıdı,1,1
18288,alıflar,1,1
18289,alıgili,1,1
18290,alıgilin,1,1
18291,alımdır,1,1
18292,alınarmı,1,1
18293,alındıqda,1,1
18294,alınmış,1,1
18295,alınəsəbın,1,1
18296,alırdı,1,1
18297,alırsınız,1,1
18298,alısan,1,1
18299,alısən,1,1
18300,alıyı,1,1
18301,alığın,1,1
18302,alış,1,1
18303,alışar,1,1
18304,alışmağın,1,1
18305,alǝmdǝn,1,1
18306,alǝmi,1,1
18307,alǝmindǝ,1,1
18308,aləmaradır,1,1
18309,aləmarayi,1,1
18310,aləmdir,1,1
18311,aləmindən,1,1
18312,aləmsən,1,1
18313,aləmtab,1,1
18314,aləmül,1,1
18315,aləmı,1,1
18316,aləməfruz,1,1
18317,aləməm,1,1
18318,alətik,1,1
18319,alоv,1,1
18320,alәm,1,1
18321,alәmә,1,1
18322,am,1,1
18323,amac,1,1
18324,amadədi,1,1
18325,amadəyəm,1,1
18326,amalım,1,1
18327,amalını,1,1
18328,amanatla,1,1
18329,amanatı,1,1
18330,amanlıq,1,1
18331,amea,1,1
18332,ami,1,1
18333,amili,1,1
18334,amir,1,1
18335,amri,1,1
18336,amüldə,1,1
18337,amı,1,1
18338,amǝnna,1,1
18339,amə,1,1
18340,amədəst,1,1
18341,anacanım,1,1
18342,anadır,1,1
18343,analar,1,1
18344,analarına,1,1
18345,anama,1,1
18346,anamdır,1,1
18347,anandan,1,1
18348,ananla,1,1
18349,ananı,1,1
18350,anar,1,1
18351,anarlar,1,1
18352,anasıdır,1,1
18353,anasın,1,1
18354,anasının,1,1
18355,anaxanımdan,1,1
18356,anaxanımla,1,1
18357,anaxanımnan,1,1
18358,anbandır,1,1
18359,anbarları,1,1
18360,anbarına,1,1
18361,ancalıyın,1,1
18362,ancılayın,1,1
18363,andandır,1,1
18364,andı,1,1
18365,andım,1,1
18366,andıra,1,1
18367,andırar,1,1
18368,andırdı,1,1
18369,anl,1,1
18370,anladım,1,1
18371,anladığıma,1,1
18372,anlagil,1,1
18373,anlamayan,1,1
18374,anlamayıb,1,1
18375,anlamazlar,1,1
18376,anlamır,1,1
18377,anlamış,1,1
18378,anlanan,1,1
18379,anlarmı,1,1
18380,anların,1,1
18381,anlat,1,1
18382,anlavü,1,1
18383,anlaya,1,1
18384,anlayanda,1,1
18385,anlayıb,1,1
18386,anlayıbdır,1,1
18387,anlıq,1,1
18388,anmadı,1,1
18389,annadım,1,1
18390,annamışdı,1,1
18391,annar,1,1
18392,annax,1,1
18393,annıya,1,1
18394,annıyanlar,1,1
18395,annəmin,1,1
18396,anqlikan,1,1
18397,anqırmaq,1,1
18398,antipatiya,1,1
18399,anunçun,1,1
18400,anunçün,1,1
18401,ançax,1,1
18402,anımız,1,1
18403,anımızdır,1,1
18404,anınçun,1,1
18405,anəsənəl,1,1
18406,apanrlar,1,1
18407,aparacağıq,1,1
18408,aparanda,1,1
18409,apararm,1,1
18410,aparaydılar,1,1
18411,aparaydın,1,1
18412,aparcağam,1,1
18413,apardir,1,1
18414,aparmadı,1,1
18415,aparmaram,1,1
18416,aparmağı,1,1
18417,aparmıyaydı,1,1
18418,aparmışam,1,1
18419,aparsalar,1,1
18420,aparsan,1,1
18421,aparsaydı,1,1
18422,aparsınnar,1,1
18423,aparıbdı,1,1
18424,aparıf,1,1
18425,aparılan,1,1
18426,aparım,1,1
18427,aparıram,1,1
18428,aparırdı,1,1
18429,aparırlardı,1,1
18430,aqibәt,1,1
18431,aqildir,1,1
18432,aqili,1,1
18433,aqillər,1,1
18434,aqilləri,1,1
18435,aqilǝ,1,1
18436,aqiləsən,1,1
18437,aqçan,1,1
18438,araba,1,1
18439,arabaya,1,1
18440,aradə,1,1
18441,aradən,1,1
18442,aralanmışdılar,1,1
18443,aralar,1,1
18444,aralarında,1,1
18445,aralısan,1,1
18446,aralıyax,1,1
18447,aralığa,1,1
18448,arama,1,1
18449,aramdan,1,1
18450,aramü,1,1
18451,aramına,1,1
18452,aramızda,1,1
18453,arardı,1,1
18454,ararlar,1,1
18455,ararsan,1,1
18456,arasıda,1,1
18457,arasındakı,1,1
18458,arasıynan,1,1
18459,arayıb,1,1
18460,arayǝ,1,1
18461,araz,1,1
18462,arazla,1,1
18463,arazın,1,1
18464,ardımcadır,1,1
18465,ardında,1,1
18466,ardındadur,1,1
18467,ardır,1,1
18468,aricə,1,1
18469,arifanə,1,1
18470,arifbəsərlər,1,1
18471,arifdir,1,1
18472,ariflərin,1,1
18473,arifsən,1,1
18474,arifü,1,1
18475,arisiz,1,1
18476,arizindǝ,1,1
18477,arizindən,1,1
18478,arizinlə,1,1
18479,arizinə,1,1
18480,arizməndi,1,1
18481,arizusundan,1,1
18482,arizə,1,1
18483,armuda,1,1
18484,armıtdı,1,1
18485,arpanı,1,1
18486,arqumentlər,1,1
18487,arqumentsizlik,1,1
18488,arran,1,1
18489,arrandır,1,1
18490,arranlı,1,1
18491,arslana,1,1
18492,arslandan,1,1
18493,arsızdır,1,1
18494,artanda,1,1
18495,artiq,1,1
18496,artuşun,1,1
18497,artıqdu,1,1
18498,artıqdurur,1,1
18499,artıqdı,1,1
18500,artıqraq,1,1
18501,artırarsa,1,1
18502,artırdın,1,1
18503,artırmış,1,1
18504,artırıbdır,1,1
18505,artırım,1,1
18506,artıxdı,1,1
18507,artığam,1,1
18508,artığımla,1,1
18509,artığından,1,1
18510,aruziyi,1,1
18511,arvadda,1,1
18512,arvadla,1,1
18513,arvadları,1,1
18514,arvadmı,1,1
18515,arvaduşağın,1,1
18516,arvadından,1,1
18517,arxadan,1,1
18518,arxalan,1,1
18519,arxamca,1,1
18520,arxana,1,1
18521,arxası,1,1
18522,arxayınlıq,1,1
18523,arxivdə,1,1
18524,arxivdən,1,1
18525,arxivə,1,1
18526,arxla,1,1
18527,arxlara,1,1
18528,arxlardan,1,1
18529,arxıdır,1,1
18530,arxına,1,1
18531,arzulardan,1,1
18532,arzulardı,1,1
18533,arzularmı,1,1
18534,arzularına,1,1
18535,arzulaya,1,1
18536,arzulayar,1,1
18537,arzulayardım,1,1
18538,arzumdur,1,1
18539,arzumla,1,1
18540,arzumu,1,1
18541,arzumuzu,1,1
18542,arzusu,1,1
18543,arzusun,1,1
18544,arzusuna,1,1
18545,arzuyi,1,1
18546,arü,1,1
18547,arğacı,1,1
18548,arğana,1,1
18549,arıdır,1,1
18550,arılardan,1,1
18551,arıları,1,1
18552,arıların,1,1
18553,arım,1,1
18554,arıma,1,1
18555,arın,1,1
18556,arından,1,1
18557,arınız,1,1
18558,arıqallarda,1,1
18559,arıqlıq,1,1
18560,arısan,1,1
18561,arıtdamağa,1,1
18562,arıx,1,1
18563,arıyam,1,1
18564,arığından,1,1
18565,arǝdǝ,1,1
18566,arəşkəman,1,1
18567,arəşü,1,1
18568,arхamca,1,1
18569,asa,1,1
18570,asalar,1,1
18571,asamana,1,1
18572,asani,1,1
18573,asanlar,1,1
18574,asanlardan,1,1
18575,asantək,1,1
18576,asarsam,1,1
18577,asarı,1,1
18578,asarına,1,1
18579,asarını,1,1
18580,asasın,1,1
18581,asayişdən,1,1
18582,asayişi,1,1
18583,asayişə,1,1
18584,asdannar,1,1
18585,asdılar,1,1
18586,asilərə,1,1
18587,asimana,1,1
18588,asimandan,1,1
18589,asimandü,1,1
18590,asimandərbar,1,1
18591,asimanməkandır,1,1
18592,asimantək,1,1
18593,asini,1,1
18594,asitan,1,1
18595,asitani,1,1
18596,asitanıdır,1,1
18597,asitanındır,1,1
18598,asitanədir,1,1
18599,asitanəndə,1,1
18600,asiyi,1,1
18601,aslanlar,1,1
18602,aslanları,1,1
18603,aslı,1,1
18604,asmanın,1,1
18605,asmaq,1,1
18606,asmaxdan,1,1
18607,asmağından,1,1
18608,asmışdı,1,1
18609,asqıranda,1,1
18610,asqıraraq,1,1
18611,asqırmasıyla,1,1
18612,asqırsa,1,1
18613,asqırığıyla,1,1
18614,assalar,1,1
18615,assisinə,1,1
18616,assiyə,1,1
18617,assığı,1,1
18618,astanadan,1,1
18619,astananda,1,1
18620,astanası,1,1
18621,astanasın,1,1
18622,astanasına,1,1
18623,astanasından,1,1
18624,astanasını,1,1
18625,astanı,1,1
18626,astanəsində,1,1
18627,asudədi,1,1
18628,asudəliyin,1,1
18629,asıdır,1,1
18630,asıl,1,1
18631,asıla,1,1
18632,asılar,1,1
18633,asılmasına,1,1
18634,asılı,1,1
18635,asılırsan,1,1
18636,ataanasının,1,1
18637,atacaq,1,1
18638,atalarım,1,1
18639,ataların,1,1
18640,atanam,1,1
18641,atanda,1,1
18642,atandan,1,1
18643,atarkən,1,1
18644,atarmı,1,1
18645,atarsa,1,1
18646,atarıx,1,1
18647,atasın,1,1
18648,atasından,1,1
18649,atasınnan,1,1
18650,atasını,1,1
18651,atasının,1,1
18652,atasız,1,1
18653,ataşa,1,1
18654,ataşı,1,1
18655,ataşın,1,1
18656,ataşından,1,1
18657,atdılarsa,1,1
18658,atdırdı,1,1
18659,atdığın,1,1
18660,atilla,1,1
18661,atla,1,1
18662,atlandılar,1,1
18663,atlandırdılar,1,1
18664,atlarınızı,1,1
18665,atlasdan,1,1
18666,atlaz,1,1
18667,atlrı,1,1
18668,atlıda,1,1
18669,atlılara,1,1
18670,atlıların,1,1
18671,atlısan,1,1
18672,atlıyam,1,1
18673,atmadın,1,1
18674,atmalı,1,1
18675,atmaqda,1,1
18676,atmaram,1,1
18677,atmayıbsa,1,1
18678,atmağa,1,1
18679,atmırdı,1,1
18680,atqaz,1,1
18681,atsan,1,1
18682,atsın,1,1
18683,atıblar,1,1
18684,atılmış,1,1
18685,atılı,1,1
18686,atımı,1,1
18687,atımıca,1,1
18688,atından,1,1
18689,atıram,1,1
18690,atırdılar,1,1
18691,atırlar,1,1
18692,atırıqsa,1,1
18693,atışaydınız,1,1
18694,atışma,1,1
18695,atışmada,1,1
18696,atǝş,1,1
18697,atə,1,1
18698,atəşbarsız,1,1
18699,atəşdir,1,1
18700,atəşdəyəm,1,1
18701,atəşilə,1,1
18702,atəşim,1,1
18703,atəşinrüxsar,1,1
18704,atəşkədəlik,1,1
18705,atəşlərə,1,1
18706,atəşmi,1,1
18707,atəşpərəst,1,1
18708,atəşsinan,1,1
18709,atəşxaneyi,1,1
18710,atəşü,1,1
18711,atəşəm,1,1
18712,avamdır,1,1
18713,avamların,1,1
18714,avand,1,1
18715,avandma,1,1
18716,avanesi,1,1
18717,avar,1,1
18718,avarası,1,1
18719,avareyi,1,1
18720,avarǝ,1,1
18721,avarǝlǝr,1,1
18722,avarələr,1,1
18723,avarələrin,1,1
18724,avazeyi,1,1
18725,avazlı,1,1
18726,avazının,1,1
18727,avazəsi,1,1
18728,avır,1,1
18729,avəsta,1,1
18730,axaram,1,1
18731,axarbaxarına,1,1
18732,axarsa,1,1
18733,axarını,1,1
18734,axaşamlayıblar,1,1
18735,axdıq,1,1
18736,axirinə,1,1
18737,axirzəman,1,1
18738,axirzəmandır,1,1
18739,axirətdədir,1,1
18740,axirətdən,1,1
18741,axmadım,1,1
18742,axmaqla,1,1
18743,axmaqlıqla,1,1
18744,axmaqlığı,1,1
18745,axmaqlığında,1,1
18746,axmaqlığından,1,1
18747,axmaxdı,1,1
18748,axrıncı,1,1
18749,axsın,1,1
18750,axta,1,1
18751,axtaranlar,1,1
18752,axtardığını,1,1
18753,axtargınan,1,1
18754,axtarmasın,1,1
18755,axtarmazlar,1,1
18756,axtarmıram,1,1
18757,axtarmışam,1,1
18758,axtarsam,1,1
18759,axtarışda,1,1
18760,axundovumuz,1,1
18761,axurunda,1,1
18762,axıb,1,1
18763,axıdan,1,1
18764,axıdıb,1,1
18765,axıdıram,1,1
18766,axıra,1,1
18767,axıri,1,1
18768,axırzaman,1,1
18769,axırzamanı,1,1
18770,axırımı,1,1
18771,axırımız,1,1
18772,axıtmışdı,1,1
18773,axıtsalar,1,1
18774,axşamacan,1,1
18775,axşamadən,1,1
18776,axşamatək,1,1
18777,axşamdı,1,1
18778,axşamdır,1,1
18779,axşamüstü,1,1
18780,axşamı,1,1
18781,axşamın,1,1
18782,axşamına,1,1
18783,axər,1,1
18784,axərin,1,1
18785,ayaqla,1,1
18786,ayaqlarına,1,1
18787,ayaqlarında,1,1
18788,ayaqlarından,1,1
18789,ayaqlarını,1,1
18790,ayaqlarının,1,1
18791,ayaqlayıb,1,1
18792,ayat,1,1
18793,ayatın,1,1
18794,ayatından,1,1
18795,ayatıt,1,1
18796,ayaz,1,1
18797,ayazda,1,1
18798,ayağadək,1,1
18799,ayaği,1,1
18800,ayağm,1,1
18801,ayağnı,1,1
18802,ayağımda,1,1
18803,ayağındakı,1,1
18804,aydalar,1,1
18805,aydayım,1,1
18806,aydur,1,1
18807,aydınlada,1,1
18808,aydıram,1,1
18809,aydırlar,1,1
18810,ayiləsini,1,1
18811,ayinim,1,1
18812,ayinni,1,1
18813,ayinü,1,1
18814,ayinədar,1,1
18815,ayinədir,1,1
18816,ayinədən,1,1
18817,ayinənin,1,1
18818,ayinəpərəst,1,1
18819,ayinəsin,1,1
18820,ayinəsində,1,1
18821,ayinеyi,1,1
18822,aylaqlarını,1,1
18823,aylarla,1,1
18824,aylarının,1,1
18825,aylı,1,1
18826,aynanın,1,1
18827,aynası,1,1
18828,aynasına,1,1
18829,aynatək,1,1
18830,ayneyi,1,1
18831,aypara,1,1
18832,ayrux,1,1
18833,ayrıcında,1,1
18834,ayrılan,1,1
18835,ayrılanda,1,1
18836,ayrılar,1,1
18837,ayrılmalıydı,1,1
18838,ayrılmayıbdır,1,1
18839,ayrılmağı,1,1
18840,ayrılmışam,1,1
18841,ayrılmışıq,1,1
18842,ayrılıbdır,1,1
18843,ayrılıf,1,1
18844,ayrılığından,1,1
18845,ayrımına,1,1
18846,ayrıq,1,1
18847,ayrısan,1,1
18848,ayrısеçkilik,1,1
18849,aysey,1,1
18850,aytək,1,1
18851,ayüzlü,1,1
18852,ayüzlüm,1,1
18853,ayğırı,1,1
18854,ayıb,1,1
18855,ayıblı,1,1
18856,ayıblıda,1,1
18857,ayıdı,1,1
18858,ayıflarna,1,1
18859,ayılanlar,1,1
18860,ayılmayıb,1,1
18861,ayılmaz,1,1
18862,ayılsın,1,1
18863,ayılı,1,1
18864,ayım,1,1
18865,ayına,1,1
18866,ayını,1,1
18867,ayının,1,1
18868,ayırar,1,1
18869,ayırarsa,1,1
18870,ayırmaz,1,1
18871,ayırsın,1,1
18872,ayırım,1,1
18873,ayısı,1,1
18874,ayısəsi,1,1
18875,ayıtdı,1,1
18876,ayıtdım,1,1
18877,ayıtma,1,1
18878,ayıya,1,1
18879,ayǝ,1,1
18880,ayəsin,1,1
18881,ayəsində,1,1
18882,ayətdir,1,1
18883,ayətində,1,1
18884,ayətlə,1,1
18885,ayətü,1,1
18886,ayətə,1,1
18887,ayətəlkürsi,1,1
18888,ayеyi,1,1
18889,azadeyi,1,1
18890,azadlıqdır,1,1
18891,azadım,1,1
18892,azadıq,1,1
18893,azadəlik,1,1
18894,azadəyəm,1,1
18895,azalmaz,1,1
18896,azalıb,1,1
18897,azanlar,1,1
18898,azari,1,1
18899,azarsan,1,1
18900,azarsız,1,1
18901,azarım,1,1
18902,azarına,1,1
18903,azarından,1,1
18904,azarını,1,1
18905,azarının,1,1
18906,azdırur,1,1
18907,azdırıb,1,1
18908,azer,1,1
18909,azimun,1,1
18910,azlar,1,1
18911,azlıq,1,1
18912,azlıqda,1,1
18913,azlığını,1,1
18914,azmaram,1,1
18915,azmışa,1,1
18916,azmışdı,1,1
18917,azsa,1,1
18918,azuqəsini,1,1
18919,azıb,1,1
18920,azını,1,1
18921,azǝnin,1,1
18922,azərbaycanlılar,1,1
18923,azərbaycanlılara,1,1
18924,azərbaycanlıya,1,1
18925,azərbaycanı,1,1
18926,azərbaycanın,1,1
18927,azərilə,1,1
18928,azərimi,1,1
18929,azərə,1,1
18930,açacaqdır,1,1
18931,açandı,1,1
18932,açanlar,1,1
18933,açaram,1,1
18934,açardı,1,1
18935,açarilə,1,1
18936,açarlar,1,1
18937,açarı,1,1
18938,açarım,1,1
18939,açaydım,1,1
18940,açdılar,1,1
18941,açdıqda,1,1
18942,açdırar,1,1
18943,açdırma,1,1
18944,açdırsam,1,1
18945,açdırıb,1,1
18946,açdığım,1,1
18947,açib,1,1
18948,açmadı,1,1
18949,açmasam,1,1
18950,açmasını,1,1
18951,açmağın,1,1
18952,açmışam,1,1
18953,açsam,1,1
18954,açsaq,1,1
18955,açsaydı,1,1
18956,açuq,1,1
18957,açıbdır,1,1
18958,açıcaq,1,1
18959,açıldığını,1,1
18960,açılmadan,1,1
18961,açılmaq,1,1
18962,açılmasın,1,1
18963,açılmasına,1,1
18964,açılmasından,1,1
18965,açılmayan,1,1
18966,açılmayır,1,1
18967,açılmağına,1,1
18968,açılmır,1,1
18969,açılmırdı,1,1
18970,açılsa,1,1
18971,açılın,1,1
18972,açılırdı,1,1
18973,açından,1,1
18974,açıqbəsər,1,1
18975,açıqdır,1,1
18976,açıram,1,1
18977,açırdılar,1,1
18978,açırlar,1,1
18979,açıx,1,1
18980,açığı,1,1
18981,ağacan,1,1
18982,ağacdı,1,1
18983,ağacla,1,1
18984,ağaclarda,1,1
18985,ağacların,1,1
18986,ağaclıqdan,1,1
18987,ağacsan,1,1
18988,ağacım,1,1
18989,ağacımdan,1,1
18990,ağacındakı,1,1
18991,ağacının,1,1
18992,ağacıtək,1,1
18993,ağacıyla,1,1
18994,ağadı,1,1
18995,ağadır,1,1
18996,ağagil,1,1
18997,ağagili,1,1
18998,ağagilin,1,1
18999,ağahdı,1,1
19000,ağalı,1,1
19001,ağamməd,1,1
19002,ağamız,1,1
19003,ağaoğluna,1,1
19004,ağaoğlunun,1,1
19005,ağart,1,1
19006,ağartdı,1,1
19007,ağartmışam,1,1
19008,ağarıb,1,1
19009,ağarıbdır,1,1
19010,ağarır,1,1
19011,ağaya,1,1
19012,ağayə,1,1
19013,ağaçında,1,1
19014,ağaşdı,1,1
19015,ağbirçək,1,1
19016,ağbulaqdan,1,1
19017,ağbəniz,1,1
19018,ağca,1,1
19019,ağdaşlı,1,1
19020,ağdaşın,1,1
19021,ağdır,1,1
19022,ağkilsədəki,1,1
19023,ağkilsədənik,1,1
19024,ağkilsədənəm,1,1
19025,ağköynәk,1,1
19026,ağladaram,1,1
19027,ağladıb,1,1
19028,ağladım,1,1
19029,ağladırdı,1,1
19030,ağladığım,1,1
19031,ağlamadı,1,1
19032,ağlamalı,1,1
19033,ağlamax,1,1
19034,ağlamayan,1,1
19035,ağlamayım,1,1
19036,ağlamaz,1,1
19037,ağlamazsan,1,1
19038,ağlamağa,1,1
19039,ağlanır,1,1
19040,ağlasada,1,1
19041,ağlasın,1,1
19042,ağlasığmaz,1,1
19043,ağlatma,1,1
19044,ağlayaağlaya,1,1
19045,ağlayar,1,1
19046,ağlayarmı,1,1
19047,ağlayasan,1,1
19048,ağlayıban,1,1
19049,ağlayıcı,1,1
19050,ağlayın,1,1
19051,ağlayıram,1,1
19052,ağlaşaağlaşa,1,1
19053,ağlaşanlara,1,1
19054,ağlaşanların,1,1
19055,ağlaşdığını,1,1
19056,ağlaşmayın,1,1
19057,ağlaşıb,1,1
19058,ağlaşırlar,1,1
19059,ağlıma,1,1
19060,ağlımla,1,1
19061,ağlıyalı,1,1
19062,ağlıyır,1,1
19063,ağma,1,1
19064,ağqoşanı,1,1
19065,ağqız,1,1
19066,ağrdan,1,1
19067,ağrı,1,1
19068,ağrıdan,1,1
19069,ağrıdım,1,1
19070,ağrılara,1,1
19071,ağrır,1,1
19072,ağrısı,1,1
19073,ağrısını,1,1
19074,ağrıya,1,1
19075,ağrıyıbdır,1,1
19076,ağsa,1,1
19077,ağsan,1,1
19078,ağsaqqallar,1,1
19079,ağsaqqallarınnan,1,1
19080,ağstafada,1,1
19081,ağsu,1,1
19082,ağular,1,1
19083,ağuludur,1,1
19084,ağulər,1,1
19085,ağusu,1,1
19086,ağuyu,1,1
19087,ağuşa,1,1
19088,ağuşindən,1,1
19089,ağuşinə,1,1
19090,ağuşu,1,1
19091,ağzmdan,1,1
19092,ağztna,1,1
19093,ağzınadək,1,1
19094,ağzıtək,1,1
19095,ağzıyırtıqlar,1,1
19096,ağzııman,1,1
19097,ağçamız,1,1
19098,ağılaram,1,1
19099,ağılda,1,1
19100,ağıldandır,1,1
19101,ağıldı,1,1
19102,ağıllandım,1,1
19103,ağılları,1,1
19104,ağıllılar,1,1
19105,ağılsa,1,1
19106,ağılı,1,1
19107,ağılın,1,1
19108,ağınavü,1,1
19109,ağını,1,1
19110,ağırlamadın,1,1
19111,ağırlaşdırmaq,1,1
19112,ağırlaşmışdı,1,1
19113,ağırlaşıb,1,1
19114,ağırlığım,1,1
19115,ağırrığınnan,1,1
19116,ağızda,1,1
19117,ağızlar,1,1
19118,ağızsız,1,1
19119,ağızına,1,1
19120,aşa,1,1
19121,aşan,1,1
19122,aşağa,1,1
19123,aşağıdadərədə,1,1
19124,aşağıdan,1,1
19125,aşbaz,1,1
19126,aşdı,1,1
19127,aşdılar,1,1
19128,aşdıq,1,1
19129,aşi,1,1
19130,aşikaravü,1,1
19131,aşikardı,1,1
19132,aşikarə,1,1
19133,aşinadir,1,1
19134,aşinalar,1,1
19135,aşinalıq,1,1
19136,aşinalıqdanmıdır,1,1
19137,aşinamız,1,1
19138,aşinan,1,1
19139,aşinanın,1,1
19140,aşinasən,1,1
19141,aşinasənmiş,1,1
19142,aşinayi,1,1
19143,aşinayəm,1,1
19144,aşiqanə,1,1
19145,aşiqanədir,1,1
19146,aşiqim,1,1
19147,aşiqinəm,1,1
19148,aşiqiydi,1,1
19149,aşiqiyəm,1,1
19150,aşiqligim,1,1
19151,aşiqliyim,1,1
19152,aşiqlǝri,1,1
19153,aşiqlǝrin,1,1
19154,aşiqlərdən,1,1
19155,aşiqlərinin,1,1
19156,aşiqmidir,1,1
19157,aşiqmisən,1,1
19158,aşiqsən,1,1
19159,aşiqü,1,1
19160,aşiqǝ,1,1
19161,aşiri,1,1
19162,aşiyanimdə,1,1
19163,aşiyanı,1,1
19164,aşiyanə,1,1
19165,aşiyanədir,1,1
19166,aşmaq,1,1
19167,aşmaz,1,1
19168,aşmır,1,1
19169,aşnada,1,1
19170,aşnadan,1,1
19171,aşnalıqla,1,1
19172,aşnalığı,1,1
19173,aşrı,1,1
19174,aşubi,1,1
19175,aşubü,1,1
19176,aşuftə,1,1
19177,aşur,1,1
19178,aşuranın,1,1
19179,aşurdum,1,1
19180,aşxama,1,1
19181,aşüfteyi,1,1
19182,aşüftəliyim,1,1
19183,aşüftəyi,1,1
19184,aşüftəyəm,1,1
19185,aşını,1,1
19186,aşıqdadır,1,1
19187,aşıqdı,1,1
19188,aşıqdır,1,1
19189,aşıqlarla,1,1
19190,aşıqlarından,1,1
19191,aşıqlarının,1,1
19192,aşıqlısına,1,1
19193,aşıqlığın,1,1
19194,aşıqmı,1,1
19195,aşıqnəcəf,1,1
19196,aşıqsınız,1,1
19197,aşırdı,1,1
19198,aşırımında,1,1
19199,aşıxlann,1,1
19200,aşıxlar,1,1
19201,aşıxları,1,1
19202,aşıxlarım,1,1
19203,aşıxlıq,1,1
19204,aşıxlığmı,1,1
19205,aşıxlığıh,1,1
19206,aşıxlığımı,1,1
19207,aşıxlığın,1,1
19208,aşığıdır,1,1
19209,aşığımış,1,1
19210,aşığınkı,1,1
19211,aşığının,1,1
19212,aşığınızı,1,1
19213,aşığıydı,1,1
19214,aсiz,1,1
19215,aхan,1,1
19216,aхar,1,1
19217,aхirət,1,1
19218,aхtardım,1,1
19219,aхır,1,1
19220,aхıradək,1,1
19221,aхırzaman,1,1
19222,aхşamı,1,1
19223,babacan,1,1
19224,babamın,1,1
19225,baban,1,1
19226,babana,1,1
19227,babası,1,1
19228,babasına,1,1
19229,babasının,1,1
19230,babaxanova,1,1
19231,babda,1,1
19232,babdə,1,1
19233,babdən,1,1
19234,babı,1,1
19235,bacada,1,1
19236,bacanda,1,1
19237,bacandan,1,1
19238,bacanı,1,1
19239,bacara,1,1
19240,bacarası,1,1
19241,bacarmadı,1,1
19242,bacarmayan,1,1
19243,bacarsan,1,1
19244,bacasında,1,1
19245,bacaya,1,1
19246,bacılarına,1,1
19247,bacımdı,1,1
19248,bacımgilə,1,1
19249,bacısını,1,1
19250,bacıya,1,1
19251,badama,1,1
19252,badami,1,1
19253,badamında,1,1
19254,baddır,1,1
19255,badieyi,1,1
19256,badilən,1,1
19257,badiyeyi,1,1
19258,badiyədən,1,1
19259,badkubəni,1,1
19260,badkеş,1,1
19261,badpayin,1,1
19262,badu,1,1
19263,badǝ,1,1
19264,badǝvü,1,1
19265,badələr,1,1
19266,badəm,1,1
19267,badənuşü,1,1
19268,badəpərəst,1,1
19269,badəsi,1,1
19270,badəsin,1,1
19271,badəsini,1,1
19272,badəti,1,1
19273,badəylə,1,1
19274,badеyi,1,1
19275,bafta,1,1
19276,baftası,1,1
19277,bagdad,1,1
19278,baglayib,1,1
19279,baglı,1,1
19280,baha,1,1
19281,bahadır,1,1
19282,bahalıx,1,1
19283,baharda,1,1
19284,bahardakı,1,1
19285,bahardan,1,1
19286,bahardır,1,1
19287,bahardə,1,1
19288,baharlər,1,1
19289,baharmı,1,1
19290,baharı,1,1
19291,baharımı,1,1
19292,baharıstan,1,1
19293,bahası,1,1
19294,bahasıdır,1,1
19295,bahasın,1,1
19296,bahasına,1,1
19297,bahasız,1,1
19298,bahaya,1,1
19299,bahi,1,1
19300,bahuni,1,1
19301,bahənə,1,1
19302,baiftixar,1,1
19303,bajalüstə,1,1
19304,bajanı,1,1
19305,bajolüstə,1,1
19306,bajıya,1,1
19307,baklan,1,1
19308,bakı,1,1
19309,bakıda,1,1
19310,bakıdan,1,1
19311,bakım,1,1
19312,bakəmali,1,1
19313,baladan,1,1
19314,baladən,1,1
19315,balamdan,1,1
19316,balapuşi,1,1
19317,balasinə,1,1
19318,balasıdır,1,1
19319,balatı,1,1
19320,balax,1,1
19321,balağına,1,1
19322,balaşı,1,1
19323,baldadır,1,1
19324,baldırı,1,1
19325,baldırımı,1,1
19326,bali,1,1
19327,balim,1,1
19328,balin,1,1
19329,baliğ,1,1
19330,ballının,1,1
19331,baltanı,1,1
19332,balıdır,1,1
19333,balını,1,1
19334,balıqlar,1,1
19335,balıqları,1,1
19336,balıya,1,1
19337,balığa,1,1
19338,balığın,1,1
19339,balışi,1,1
19340,balə,1,1
19341,bambaşqa,1,1
19342,baminə,1,1
19343,bamı,1,1
19344,ban,1,1
19345,bandır,1,1
19346,bandırdı,1,1
19347,bangımı,1,1
19348,baniyi,1,1
19349,banlar,1,1
19350,bannar,1,1
19351,baqidimi,1,1
19352,baqidirmi,1,1
19353,baqir,1,1
19354,baqiyi,1,1
19355,baqrı,1,1
19356,barama,1,1
19357,baranı,1,1
19358,baranə,1,1
19359,barat,1,1
19360,baratdı,1,1
19361,baratım,1,1
19362,barbəd,1,1
19363,bardan,1,1
19364,bardağa,1,1
19365,bardaş,1,1
19366,barha,1,1
19367,barigahında,1,1
19368,barikeşlər,1,1
19369,barkеşi,1,1
19370,barlı,1,1
19371,barmaqlar,1,1
19372,barmaqların,1,1
19373,barmağımı,1,1
19374,barmağından,1,1
19375,baruyi,1,1
19376,barvər,1,1
19377,barxananı,1,1
19378,barımı,1,1
19379,barınız,1,1
19380,barıtdan,1,1
19381,barış,1,1
19382,barışax,1,1
19383,barışdın,1,1
19384,barışdıq,1,1
19385,barışdıracaq,1,1
19386,barışdırdılar,1,1
19387,barışmadıq,1,1
19388,barışmalıdır,1,1
19389,barışmax,1,1
19390,barışmaz,1,1
19391,barışmağın,1,1
19392,barışılaydı,1,1
19393,barışırdı,1,1
19394,barışırsan,1,1
19395,barəkallah,1,1
19396,barəsi,1,1
19397,basarkeçərdə,1,1
19398,basarkeçərə,1,1
19399,basarkеçərdə,1,1
19400,basarkеçərin,1,1
19401,basarkеçərə,1,1
19402,basarlar,1,1
19403,basaydı,1,1
19404,basdılar,1,1
19405,basdıqda,1,1
19406,basdır,1,1
19407,basdıracağam,1,1
19408,basdıraram,1,1
19409,basdırmağa,1,1
19410,basgil,1,1
19411,basma,1,1
19412,basmadın,1,1
19413,basmışdı,1,1
19414,basqın,1,1
19415,basğıl,1,1
19416,basıbdı,1,1
19417,basıf,1,1
19418,basılar,1,1
19419,basır,1,1
19420,basırdılar,1,1
19421,batalı,1,1
19422,batan,1,1
19423,batandan,1,1
19424,bataydı,1,1
19425,batcaq,1,1
19426,batilin,1,1
19427,batindir,1,1
19428,batinin,1,1
19429,batinü,1,1
19430,batinən,1,1
19431,batlağa,1,1
19432,batmadım,1,1
19433,batmalı,1,1
19434,batmanlıq,1,1
19435,batmaq,1,1
19436,batmırdı,1,1
19437,batır,1,1
19438,batırmış,1,1
19439,batırıbdır,1,1
19440,baxandan,1,1
19441,baxannan,1,1
19442,baxardı,1,1
19443,baxarmı,1,1
19444,baxarsa,1,1
19445,baxdırdım,1,1
19446,baxdığımca,1,1
19447,baxdığına,1,1
19448,baxmadılar,1,1
19449,baxmadın,1,1
19450,baxmam,1,1
19451,baxmanam,1,1
19452,baxmaqdır,1,1
19453,baxmasa,1,1
19454,baxmayam,1,1
19455,baxmayım,1,1
19456,baxmazam,1,1
19457,baxmazsan,1,1
19458,baxmağa,1,1
19459,baxmağı,1,1
19460,baxmağına,1,1
19461,baxmağından,1,1
19462,baxmırdı,1,1
19463,baxtıma,1,1
19464,baxtımdan,1,1
19465,baxtımın,1,1
19466,baxtər,1,1
19467,baxtərdən,1,1
19468,baxu,1,1
19469,baxuban,1,1
19470,baxçada,1,1
19471,baxçanda,1,1
19472,baxçasının,1,1
19473,baxıbsan,1,1
19474,baxıram,1,1
19475,baxırdılar,1,1
19476,baxırdın,1,1
19477,baxışdı,1,1
19478,baxışla,1,1
19479,baxışı,1,1
19480,baxşalı,1,1
19481,baxəbər,1,1
19482,bay,1,1
19483,baya,1,1
19484,bayaq,1,1
19485,bayati,1,1
19486,bayatısını,1,1
19487,bayinə,1,1
19488,bayirə,1,1
19489,bayquların,1,1
19490,bayquşların,1,1
19491,bayquşu,1,1
19492,bayramdan,1,1
19493,bayramdı,1,1
19494,bayramxan,1,1
19495,bayramım,1,1
19496,bayramın,1,1
19497,bayramında,1,1
19498,bayramınnan,1,1
19499,bayramə,1,1
19500,bayraq,1,1
19501,bayraqdır,1,1
19502,bayraqsa,1,1
19503,bayrağıdır,1,1
19504,bayrağınla,1,1
19505,bayrağını,1,1
19506,bayrağının,1,1
19507,baytar,1,1
19508,bayıl,1,1
19509,baza,1,1
19510,bazarda,1,1
19511,bazarlarda,1,1
19512,bazarlıq,1,1
19513,bazarçısı,1,1
19514,bazarıdı,1,1
19515,bazarım,1,1
19516,bazarımız,1,1
19517,bazi,1,1
19518,bağacan,1,1
19519,bağbanım,1,1
19520,bağbanə,1,1
19521,bağdaddakı,1,1
19522,bağdaddə,1,1
19523,bağdadlının,1,1
19524,bağdadlısan,1,1
19525,bağdadı,1,1
19526,bağdadə,1,1
19527,bağdadədək,1,1
19528,bağdan,1,1
19529,bağdən,1,1
19530,bağindǝ,1,1
19531,bağladın,1,1
19532,bağladığı,1,1
19533,bağlamada,1,1
19534,bağlamadakı,1,1
19535,bağlamasına,1,1
19536,bağlamısan,1,1
19537,bağlamışdı,1,1
19538,bağlamışdır,1,1
19539,bağlamışlar,1,1
19540,bağlanan,1,1
19541,bağlanandan,1,1
19542,bağlanarmı,1,1
19543,bağlandılarsa,1,1
19544,bağlandığı,1,1
19545,bağlanmışam,1,1
19546,bağlarda,1,1
19547,bağlarsan,1,1
19548,bağları,1,1
19549,bağlaya,1,1
19550,bağlayacaq,1,1
19551,bağlayanda,1,1
19552,bağlayar,1,1
19553,bağlayıbdı,1,1
19554,bağlayıbsan,1,1
19555,bağlayıbsınız,1,1
19556,bağlayır,1,1
19557,bağlayırıq,1,1
19558,bağlıdı,1,1
19559,bağlıya,1,1
19560,bağlıyıb,1,1
19561,bağnm,1,1
19562,bağnmı,1,1
19563,bağri,1,1
19564,bağrıdır,1,1
19565,bağrımdadır,1,1
19566,bağrımnı,1,1
19567,bağrından,1,1
19568,bağrınız,1,1
19569,bağrıqan,1,1
19570,bağrısəngi,1,1
19571,bağrıtək,1,1
19572,bağçalar,1,1
19573,bağçaların,1,1
19574,bağçanı,1,1
19575,bağçası,1,1
19576,bağçasıda,1,1
19577,bağçasında,1,1
19578,bağçasından,1,1
19579,bağçasının,1,1
19580,bağçaya,1,1
19581,bağıdad,1,1
19582,bağıdan,1,1
19583,bağılamaz,1,1
19584,bağılandı,1,1
19585,bağıra,1,1
19586,bağırlı,1,1
19587,bağırsağları,1,1
19588,bağırtısı,1,1
19589,bağırıb,1,1
19590,bağışlandı,1,1
19591,bağışlansa,1,1
19592,bağışlaram,1,1
19593,bağışlardı,1,1
19594,bağışlaya,1,1
19595,bağışlayar,1,1
19596,bağışlayıblar,1,1
19597,bağışlayır,1,1
19598,başadək,1,1
19599,başaqçı,1,1
19600,başatan,1,1
19601,başbilənnəri,1,1
19602,başbilənnərinnən,1,1
19603,başdadın,1,1
19604,başdamamış,1,1
19605,başdamışdı,1,1
19606,başdanayağa,1,1
19607,başdandı,1,1
19608,başdıbaşınalıx,1,1
19609,başdıbaşınalığı,1,1
19610,başdıyıfdı,1,1
19611,başimdir,1,1
19612,başin,1,1
19613,başini,1,1
19614,başinçün,1,1
19615,başinǝ,1,1
19616,başiylə,1,1
19617,başladın,1,1
19618,başlamalı,1,1
19619,başlamış,1,1
19620,başlanğıclarının,1,1
19621,başlaram,1,1
19622,başlardakı,1,1
19623,başlarü,1,1
19624,başlayan,1,1
19625,başlayarıq,1,1
19626,başlayıbdı,1,1
19627,başlayım,1,1
19628,başlıqdı,1,1
19629,başm,1,1
19630,başma,1,1
19631,başqaca,1,1
19632,başqadır,1,1
19633,başqalardan,1,1
19634,başqalarına,1,1
19635,başqalarını,1,1
19636,başqasının,1,1
19637,başqırxani,1,1
19638,başuvuzçun,1,1
19639,başçıdır,1,1
19640,başçıları,1,1
19641,başçıların,1,1
19642,başçısı,1,1
19643,başçısıdır,1,1
19644,başçısına,1,1
19645,başüstə,1,1
19646,başıdır,1,1
19647,başımızdan,1,1
19648,başımızı,1,1
19649,başımə,1,1
19650,başındadır,1,1
19651,başınnan,1,1
19652,başınızı,1,1
19653,başıqarlı,1,1
19654,başıyam,1,1
19655,başədək,1,1
19656,başəna,1,1
19657,baхanın,1,1
19658,baхarsan,1,1
19659,baхdım,1,1
19660,baхmağa,1,1
19661,baхü,1,1
19662,baхın,1,1
19663,baхışı,1,1
19664,becərdim,1,1
19665,becərildi,1,1
19666,becərin,1,1
19667,becərə,1,1
19668,behbud,1,1
19669,behcəti,1,1
19670,behcətü,1,1
19671,behinzadeyi,1,1
19672,behişdə,1,1
19673,behişdən,1,1
19674,behiştasar,1,1
19675,behiştdə,1,1
19676,behiştü,1,1
19677,behman,1,1
19678,behtərdir,1,1
19679,behəmdüllah,1,1
19680,behəqqi,1,1
19681,behərsiz,1,1
19682,bekami,1,1
19683,bekar,1,1
19684,bela,1,1
19685,belası,1,1
19686,beldi,1,1
19687,beldə,1,1
19688,beli,1,1
19689,belimdə,1,1
19690,belimdәn,1,1
19691,belindǝ,1,1
19692,belindəki,1,1
19693,belindәn,1,1
19694,belinǝ,1,1
19695,belli,1,1
19696,bellinin,1,1
19697,belçikada,1,1
19698,belǝ,1,1
19699,beləcə,1,1
19700,beləliklə,1,1
19701,belələrindən,1,1
19702,belә,1,1
19703,bendim,1,1
19704,berdanqa,1,1
19705,berdon,1,1
19706,beruzi,1,1
19707,bes,1,1
19708,besər,1,1
19709,betərdi,1,1
19710,bexab,1,1
19711,bey,1,1
19712,beydǝqi,1,1
19713,beydən,1,1
19714,beyi,1,1
19715,beyini,1,1
19716,beyinləri,1,1
19717,beynimi,1,1
19718,beynin,1,1
19719,beynində,1,1
19720,beysəmər,1,1
19721,beytim,1,1
19722,beytin,1,1
19723,beytullah,1,1
19724,beytüllah,1,1
19725,beytüllahdan,1,1
19726,beytülmüqəddəsin,1,1
19727,beyzadır,1,1
19728,beyzan,1,1
19729,beyzası,1,1
19730,beyzavi,1,1
19731,beyzəsin,1,1
19732,beyııəvaya,1,1
19733,bezmişəm,1,1
19734,bezə,1,1
19735,bezənhabezən,1,1
19736,beççələri,1,1
19737,beşaltı,1,1
19738,beşcə,1,1
19739,beşim,1,1
19740,beşinlə,1,1
19741,beşiyi,1,1
19742,beşiyinə,1,1
19743,beşlik,1,1
19744,beǝbdeh,1,1
19745,biabırçılıqdır,1,1
19746,biar,1,1
19747,bibak,1,1
19748,bibaklər,1,1
19749,bibǝsǝr,1,1
19750,bibədəl,1,1
19751,bibəqadır,1,1
19752,bibəsirətdir,1,1
19753,bicadır,1,1
19754,bicanü,1,1
19755,bicliyi,1,1
19756,bicləri,1,1
19757,bicürmü,1,1
19758,bicəvaz,1,1
19759,bidaddən,1,1
19760,bidadi,1,1
19761,bidadilə,1,1
19762,bidadindən,1,1
19763,bidadı,1,1
19764,bidadın,1,1
19765,bidamağ,1,1
19766,bidarım,1,1
19767,bidarə,1,1
19768,bidayətim,1,1
19769,bidayətsiz,1,1
19770,bidinü,1,1
19771,bidərddir,1,1
19772,bidərdlər,1,1
19773,bidərdlərə,1,1
19774,bidərman,1,1
19775,bidərmanü,1,1
19776,bidәrd,1,1
19777,bidәtlәr,1,1
19778,bie,1,1
19779,bietibar,1,1
19780,bieyni,1,1
19781,bifər,1,1
19782,biganələri,1,1
19783,biganələrlə,1,1
19784,biganəsən,1,1
19785,bigirandır,1,1
19786,biguman,1,1
19787,bigümandır,1,1
19788,bigünah,1,1
19789,bigəran,1,1
19790,biha,1,1
19791,bihari,1,1
19792,bihayilü,1,1
19793,bihudəgərd,1,1
19794,bihudəmdə,1,1
19795,bihörmət,1,1
19796,bihümmət,1,1
19797,bihünər,1,1
19798,bihünərdü,1,1
19799,bihǝya,1,1
19800,bihəmd,1,1
19801,bihəmta,1,1
19802,bihəmtasinə,1,1
19803,bihəmtayə,1,1
19804,bihəya,1,1
19805,bihəyadır,1,1
19806,biilqardan,1,1
19807,biiman,1,1
19808,biixtiyarımdan,1,1
19809,biixtiyarımdır,1,1
19810,biixtiyarın,1,1
19811,biixtiyarə,1,1
19812,bijəni,1,1
19813,bikini,1,1
19814,bikrü,1,1
19815,bikə,1,1
19816,bikəran,1,1
19817,bikəsi,1,1
19818,bikəsü,1,1
19819,bikеf,1,1
19820,bikеfdir,1,1
19821,bilaхələldir,1,1
19822,bildigim,1,1
19823,bildiklərin,1,1
19824,bildiklərini,1,1
19825,bildimsə,1,1
19826,bildinmi,1,1
19827,bildirmi,1,1
19828,bildirmǝyǝn,1,1
19829,bildirmək,1,1
19830,bildirməyə,1,1
19831,bildirməz,1,1
19832,bildirçinə,1,1
19833,bildirər,1,1
19834,bildiyim,1,1
19835,bildiyin,1,1
19836,bilen,1,1
19837,bilginən,1,1
19838,bili,1,1
19839,bilibdir,1,1
19840,bilibsənmi,1,1
19841,biliflər,1,1
19842,biliksiz,1,1
19843,biliksizlikdir,1,1
19844,bilinir,1,1
19845,biliniz,1,1
19846,bilinər,1,1
19847,bilirdimsə,1,1
19848,bilirdin,1,1
19849,bilirmola,1,1
19850,bilirsiniz,1,1
19851,bilisanü,1,1
19852,bilisen,1,1
19853,bilisər,1,1
19854,bilittifaq,1,1
19855,biliyilə,1,1
19856,biliyimi,1,1
19857,billik,1,1
19858,billür,1,1
19859,bilmirsənsə,1,1
19860,bilmiyəjəhlər,1,1
19861,bilmiyən,1,1
19862,bilmiyənnər,1,1
19863,bilmişdim,1,1
19864,bilmişidik,1,1
19865,bilmişəm,1,1
19866,bilmyəjəm,1,1
19867,bilmǝk,1,1
19868,bilmǝyǝnǝ,1,1
19869,bilmǝzsǝn,1,1
19870,bilmə,1,1
19871,bilmədik,1,1
19872,bilmədiyim,1,1
19873,bilmədiyinə,1,1
19874,bilməkdə,1,1
19875,bilməməkdir,1,1
19876,bilməsin,1,1
19877,bilməyendən,1,1
19878,bilməyibsən,1,1
19879,bilməyim,1,1
19880,bilməyin,1,1
19881,bilməyir,1,1
19882,bilməyəcək,1,1
19883,bilməyəcəksən,1,1
19884,bilməyəcəm,1,1
19885,bilməyəm,1,1
19886,bilməyənçün,1,1
19887,bilməyənə,1,1
19888,bilməzmidim,1,1
19889,bilməzmisən,1,1
19890,bilmәyirsiz,1,1
19891,bilmәyәn,1,1
19892,bilqeysə,1,1
19893,bilseydim,1,1
19894,bilsəvab,1,1
19895,bilsә,1,1
19896,bilxatimə,1,1
19897,bilürmǝn,1,1
19898,bilüsən,1,1
19899,bilǝn,1,1
19900,bilǝnlǝr,1,1
19901,bilǝnǝ,1,1
19902,biləkli,1,1
19903,biləklim,1,1
19904,biləklərin,1,1
19905,bilələr,1,1
19906,biləməz,1,1
19907,biləndir,1,1
19908,bilənlərdən,1,1
19909,bilənəkdə,1,1
19910,bilərdimi,1,1
19911,bilərik,1,1
19912,bilərsinizmi,1,1
19913,bilərsiz,1,1
19914,biləsincə,1,1
19915,biləyi,1,1
19916,biləyim,1,1
19917,bilә,1,1
19918,bima,1,1
19919,biman,1,1
19920,bimandır,1,1
19921,bimardən,1,1
19922,bimarinə,1,1
19923,bimarlıq,1,1
19924,bimarü,1,1
19925,bimarın,1,1
19926,bimarındadır,1,1
19927,bimarının,1,1
19928,bimehrdən,1,1
19929,bimehrlə,1,1
19930,bimehrə,1,1
19931,biminnət,1,1
19932,bimisali,1,1
19933,bimisalın,1,1
19934,bimisli,1,1
19935,bimislü,1,1
19936,bimislə,1,1
19937,bimunisü,1,1
19938,bimü,1,1
19939,bimüddəti,1,1
19940,bimürvərt,1,1
19941,bimürvətin,1,1
19942,bimürüvvətü,1,1
19943,bimə,1,1
19944,bimədar,1,1
19945,biməksü,1,1
19946,biməlali,1,1
19947,biməqamü,1,1
19948,biməsləhət,1,1
19949,bin,1,1
19950,binadü,1,1
19951,binadəndir,1,1
19952,binaguşində,1,1
19953,binaguşinə,1,1
19954,binaguşlum,1,1
19955,binaguşunda,1,1
19956,binalər,1,1
19957,binamü,1,1
19958,binan,1,1
19959,binişan,1,1
19960,binişandır,1,1
19961,binişani,1,1
19962,binişansan,1,1
19963,binişanı,1,1
19964,binnəsl,1,1
19965,binǝsib,1,1
19966,binəraaz,1,1
19967,binəsib,1,1
19968,binəvadən,1,1
19969,binəvalərdən,1,1
19970,binəvanın,1,1
19971,binəvasan,1,1
19972,binəvayi,1,1
19973,binəzir,1,1
19974,bipayana,1,1
19975,bipayanıdır,1,1
19976,bipayanım,1,1
19977,bipir,1,1
19978,bipərvayə,1,1
19979,biqeyrətü,1,1
19980,biqüsur,1,1
19981,biqüsuru,1,1
19982,biqəməm,1,1
19983,biqərar,1,1
19984,biqərara,1,1
19985,biqərarü,1,1
19986,biqərarımdan,1,1
19987,biqərarə,1,1
19988,biqəş,1,1
19989,birbir,1,1
19990,birbirinin,1,1
19991,birbirinizə,1,1
19992,bircəciyinin,1,1
19993,bircək,1,1
19994,birdə,1,1
19995,birdəm,1,1
19996,birevli,1,1
19997,birgün,1,1
19998,birgünlük,1,1
19999,birikdi,1,1
20000,birilərində,1,1
20001,birim,1,1
20002,birimiz,1,1
20003,birimizi,1,1
20004,birinc,1,1
20005,birincin,1,1
20006,birinizi,1,1
20007,birinnən,1,1
20008,birisidir,1,1
20009,birisindən,1,1
20010,birisini,1,1
20011,birisinin,1,1
20012,biriya,1,1
20013,biriydi,1,1
20014,birlik,1,1
20015,birlərilə,1,1
20016,birləşdik,1,1
20017,birləşdiriblər,1,1
20018,birləşdirir,1,1
20019,birləşdirəcəkdir,1,1
20020,birləşir,1,1
20021,birləşsələr,1,1
20022,birləşsən,1,1
20023,birləşə,1,1
20024,birləşəndə,1,1
20025,birləşərsə,1,1
20026,birləşəsən,1,1
20027,birmidir,1,1
20028,birnin,1,1
20029,birnəfəsə,1,1
20030,birsə,1,1
20031,birun,1,1
20032,birçəyi,1,1
20033,birçəyindən,1,1
20034,birəhmlər,1,1
20035,birəhmə,1,1
20036,birənc,1,1
20037,birəngəm,1,1
20038,birər,1,1
20039,birəvana,1,1
20040,birəһm,1,1
20041,bisati,1,1
20042,bisatidə,1,1
20043,bisatını,1,1
20044,bisavad,1,1
20045,bisidqü,1,1
20046,bismdə,1,1
20047,bissəvab,1,1
20048,bisyar,1,1
20049,bisükun,1,1
20050,bisütuni,1,1
20051,bisütunumdur,1,1
20052,bisəbat,1,1
20053,bisərəncam,1,1
20054,bisəvad,1,1
20055,bitaqət,1,1
20056,bitaqətü,1,1
20057,bitibdi,1,1
20058,bitibdir,1,1
20059,bitili,1,1
20060,bitir,1,1
20061,bitirdi,1,1
20062,bitirirəm,1,1
20063,bitirmişlər,1,1
20064,bitişər,1,1
20065,bitkidən,1,1
20066,bitkilərin,1,1
20067,bitmiş,1,1
20068,bitmişsə,1,1
20069,bitmə,1,1
20070,bitmək,1,1
20071,bitsǝ,1,1
20072,bitəcəklər,1,1
20073,bitədbir,1,1
20074,bitəkəllüf,1,1
20075,bitərbiyət,1,1
20076,bitərəm,1,1
20077,bitəydim,1,1
20078,bitəşviş,1,1
20079,bivaxtəvü,1,1
20080,bivǝfanı,1,1
20081,bivəch,1,1
20082,bivədə,1,1
20083,bivəfadı,1,1
20084,bivəfadır,1,1
20085,bivəfadə,1,1
20086,bivəfalərdən,1,1
20087,bivəfanın,1,1
20088,bivəfasənmiş,1,1
20089,bivəhmü,1,1
20090,bivеc,1,1
20091,bixabimi,1,1
20092,bixaniman,1,1
20093,bixilaf,1,1
20094,bixudəm,1,1
20095,bixurdu,1,1
20096,bixǝbǝr,1,1
20097,bixǝbǝrdir,1,1
20098,bixəbərdi,1,1
20099,bixəbərdü,1,1
20100,bixəbərlər,1,1
20101,bixəbərsənmi,1,1
20102,biya,1,1
20103,biyabandır,1,1
20104,biyabanlarda,1,1
20105,biyabanə,1,1
20106,biyanı,1,1
20107,bizik,1,1
20108,bizimdi,1,1
20109,bizimki,1,1
20110,bizimləsən,1,1
20111,bizimçim,1,1
20112,bizimçin,1,1
20113,bizimçün,1,1
20114,bizlən,1,1
20115,bizlərdə,1,1
20116,bizmişik,1,1
20117,biznən,1,1
20118,bizüz,1,1
20119,bizəbana,1,1
20120,bizəvacibdir,1,1
20121,bizəvalidir,1,1
20122,bizəvalın,1,1
20123,bizəvalədir,1,1
20124,biçarani,1,1
20125,biçarǝlǝr,1,1
20126,biçarəni,1,1
20127,biçarəyi,1,1
20128,biçarəyə,1,1
20129,biçarәni,1,1
20130,biçdi,1,1
20131,biçdilər,1,1
20132,biçdin,1,1
20133,biçdirdi,1,1
20134,biçdirdin,1,1
20135,biçdirirdi,1,1
20136,biçilib,1,1
20137,biçilirdi,1,1
20138,biçilməz,1,1
20139,biçiləsidimi,1,1
20140,biçimdə,1,1
20141,biçin,1,1
20142,biçinlə,1,1
20143,biçinnən,1,1
20144,biçə,1,1
20145,biçən,1,1
20146,biçəndə,1,1
20147,biçər,1,1
20148,biçərik,1,1
20149,biçəsi,1,1
20150,biğəş,1,1
20151,bişekk,1,1
20152,bişib,1,1
20153,bişir,1,1
20154,bişirdilər,1,1
20155,bişirdiyi,1,1
20156,bişirgil,1,1
20157,bişirmişəm,1,1
20158,bişirərdi,1,1
20159,bişirərsən,1,1
20160,bişümarımdan,1,1
20161,bişüur,1,1
20162,bişəkdir,1,1
20163,bişəyə,1,1
20164,biǝdǝb,1,1
20165,biədəban,1,1
20166,biədəbdən,1,1
20167,biəman,1,1
20168,biəmanət,1,1
20169,biəməldir,1,1
20170,biəndiş,1,1
20171,biəqlü,1,1
20172,biəsrar,1,1
20173,biətü,1,1
20174,biеlmü,1,1
20175,biеtidalımdan,1,1
20176,biхumarədir,1,1
20177,blisdən,1,1
20178,blr,1,1
20179,bn,1,1
20180,bokratilər,1,1
20181,boldu,1,1
20182,boldur,1,1
20183,bolluq,1,1
20184,bolluğunda,1,1
20185,bolmuş,1,1
20186,bolmuşdum,1,1
20187,bom,1,1
20188,boq,1,1
20189,borc,1,1
20190,borca,1,1
20191,borcluya,1,1
20192,borcum,1,1
20193,borcumu,1,1
20194,borcun,1,1
20195,borcundur,1,1
20196,borcunu,1,1
20197,bostaiımın,1,1
20198,bostandan,1,1
20199,bostançıya,1,1
20200,bostanıdır,1,1
20201,bostanımın,1,1
20202,bostanının,1,1
20203,boyadı,1,1
20204,boyamış,1,1
20205,boyamışam,1,1
20206,boyandıqca,1,1
20207,boyanma,1,1
20208,boyanmışdır,1,1
20209,boyanıb,1,1
20210,boyanım,1,1
20211,boyanıram,1,1
20212,boyaqçı,1,1
20213,boyası,1,1
20214,boyayıb,1,1
20215,boyayıbdır,1,1
20216,boyayır,1,1
20217,boyağı,1,1
20218,boyağın,1,1
20219,boydadır,1,1
20220,boyinə,1,1
20221,boylanır,1,1
20222,boylayandan,1,1
20223,boylo,1,1
20224,boyludur,1,1
20225,boylum,1,1
20226,boynum,1,1
20227,boynumdan,1,1
20228,boynumu,1,1
20229,boynun,1,1
20230,boynundakı,1,1
20231,boynunun,1,1
20232,boyunca,1,1
20233,boyunun,1,1
20234,boyununda,1,1
20235,bozartdılar,1,1
20236,bozartdıqları,1,1
20237,bozartmadan,1,1
20238,bozartmanın,1,1
20239,bozlara,1,1
20240,bozlari,1,1
20241,boğar,1,1
20242,boğaz,1,1
20243,boğaza,1,1
20244,boğazda,1,1
20245,boğazdan,1,1
20246,boğazlarını,1,1
20247,boğazı,1,1
20248,boğazım,1,1
20249,boğazıma,1,1
20250,boğazında,1,1
20251,boğazının,1,1
20252,boğularsam,1,1
20253,boğun,1,1
20254,boğuşdurmuşdu,1,1
20255,boşaltmasa,1,1
20256,boşalur,1,1
20257,boşamaq,1,1
20258,boşanmışdan,1,1
20259,boşayaydı,1,1
20260,boşayıb,1,1
20261,boşboğaz,1,1
20262,boşboğazlıqlar,1,1
20263,boşladım,1,1
20264,boşluğa,1,1
20265,boşqaba,1,1
20266,brahimdir,1,1
20267,brahimin,1,1
20268,braun,1,1
20269,brəhməndir,1,1
20270,brəhməndən,1,1
20271,bti,1,1
20272,btidada,1,1
20273,buayaqları,1,1
20274,bubbu,1,1
20275,bubbusan,1,1
20276,bubəkrdir,1,1
20277,bucaq,1,1
20278,bucaqlı,1,1
20279,bucağa,1,1
20280,bucağı,1,1
20281,bucağına,1,1
20282,bucağından,1,1
20283,bud,1,1
20284,buda,1,1
20285,budaqlamışdı,1,1
20286,budaqları,1,1
20287,budaqlarıyla,1,1
20288,budaqlarə,1,1
20289,budaqlı,1,1
20290,budayıb,1,1
20291,budağa,1,1
20292,budağım,1,1
20293,buduna,1,1
20294,budəğ,1,1
20295,bukub,1,1
20296,bul,1,1
20297,bulalar,1,1
20298,bulam,1,1
20299,bulamaz,1,1
20300,bulan,1,1
20301,bulanma,1,1
20302,bulanmaq,1,1
20303,bulanmazsan,1,1
20304,bulanmışdır,1,1
20305,bulaqda,1,1
20306,bularam,1,1
20307,bulari,1,1
20308,bularsan,1,1
20309,bulayacaqsan,1,1
20310,bulayardı,1,1
20311,bulağı,1,1
20312,bulağına,1,1
20313,bulağında,1,1
20314,bulağından,1,1
20315,bulağının,1,1
20316,bulağə,1,1
20317,bulaşmış,1,1
20318,bulaşır,1,1
20319,bulduq,1,1
20320,bulduqca,1,1
20321,bulduvü,1,1
20322,bulduğu,1,1
20323,bulduğum,1,1
20324,bulduğun,1,1
20325,bulmadılar,1,1
20326,bulmamış,1,1
20327,bulmamışdır,1,1
20328,bulman,1,1
20329,bulmasam,1,1
20330,bulmayan,1,1
20331,bulmayanlar,1,1
20332,bulmazdım,1,1
20333,bulmiyəsər,1,1
20334,bulmuşdu,1,1
20335,bulqara,1,1
20336,bulubsan,1,1
20337,buluddan,1,1
20338,buludlǝr,1,1
20339,buludsuz,1,1
20340,buludtək,1,1
20341,buludu,1,1
20342,bulududur,1,1
20343,buludum,1,1
20344,buludun,1,1
20345,bulundu,1,1
20346,bulunub,1,1
20347,bulursan,1,1
20348,bulutlardan,1,1
20349,bulənd,1,1
20350,bumudur,1,1
20351,bunadı,1,1
20352,buncağazdır,1,1
20353,bund,1,1
20354,bunnardan,1,1
20355,bunsuz,1,1
20356,bunumu,1,1
20357,bununçundur,1,1
20358,bunılması,1,1
20359,bunıı,1,1
20360,buqratın,1,1
20361,buradaca,1,1
20362,buralardan,1,1
20363,buraqdım,1,1
20364,burasın,1,1
20365,burasını,1,1
20366,burax,1,1
20367,buraxa,1,1
20368,buraxacam,1,1
20369,buraxan,1,1
20370,buraxar,1,1
20371,buraxdığım,1,1
20372,buraxma,1,1
20373,buraxmaq,1,1
20374,buraxmaram,1,1
20375,buraxmax,1,1
20376,buraxmaz,1,1
20377,buraxmışız,1,1
20378,buraxım,1,1
20379,buraxın,1,1
20380,burayatək,1,1
20381,burayə,1,1
20382,buraхan,1,1
20383,buraхdın,1,1
20384,buraхlı,1,1
20385,buraхmışam,1,1
20386,burdaca,1,1
20387,burdadır,1,1
20388,burdakıların,1,1
20389,burdaydılar,1,1
20390,burden,1,1
20391,buriyasında,1,1
20392,burma,1,1
20393,burnundan,1,1
20394,burovuz,1,1
20395,burulması,1,1
20396,burünmək,1,1
20397,busi,1,1
20398,busitani,1,1
20399,busitanə,1,1
20400,bustanı,1,1
20401,bustanım,1,1
20402,bustanımdır,1,1
20403,bustanə,1,1
20404,busudur,1,1
20405,busǝ,1,1
20406,busədən,1,1
20407,busəyə,1,1
20408,butasında,1,1
20409,butağının,1,1
20410,buxaqda,1,1
20411,buxaqdan,1,1
20412,buxaqlarından,1,1
20413,buxaqü,1,1
20414,buxara,1,1
20415,buxaranın,1,1
20416,buxağına,1,1
20417,buxağında,1,1
20418,buxun,1,1
20419,buxunlu,1,1
20420,buxununa,1,1
20421,buy,1,1
20422,buyin,1,1
20423,buyinə,1,1
20424,buylu,1,1
20425,buynuza,1,1
20426,buynuzların,1,1
20427,buynuzlarıyla,1,1
20428,buynuzuna,1,1
20429,buyruğıylən,1,1
20430,buyu,1,1
20431,buyundan,1,1
20432,buyuran,1,1
20433,buyuranda,1,1
20434,buyurasan,1,1
20435,buyurdun,1,1
20436,buyurmaq,1,1
20437,buyurmazdılar,1,1
20438,buyurmuşduq,1,1
20439,buyursun,1,1
20440,buyü,1,1
20441,buzinə,1,1
20442,buzovdan,1,1
20443,buzovlu,1,1
20444,buzu,1,1
20445,buzxanəsi,1,1
20446,buzəvü,1,1
20447,buğdaya,1,1
20448,buğdayı,1,1
20449,buğdayıdır,1,1
20450,buğumbabuğum,1,1
20451,buınların,1,1
20452,buş,1,1
20453,böcək,1,1
20454,böhran,1,1
20455,böhrani,1,1
20456,böhtandan,1,1
20457,böhtani,1,1
20458,böhtanə,1,1
20459,bölgüdə,1,1
20460,bölgünü,1,1
20461,bölmüş,1,1
20462,bölüb,1,1
20463,bölün,1,1
20464,bölünmüş,1,1
20465,bölərik,1,1
20466,böyləmi,1,1
20467,böyründəsə,1,1
20468,böyüdü,1,1
20469,böyüdüyü,1,1
20470,böyüklüyümlə,1,1
20471,böyüklüyün,1,1
20472,böyüklüyünü,1,1
20473,böyüklərdən,1,1
20474,böyükrək,1,1
20475,böyümüşdü,1,1
20476,böyürdən,1,1
20477,böyütsə,1,1
20478,böyüyüncə,1,1
20479,böyüyəndə,1,1
20480,bükdü,1,1
20481,bükə,1,1
20482,bükələr,1,1
20483,bükənlər,1,1
20484,bükərlər,1,1
20485,bülbülasa,1,1
20486,bülbüldür,1,1
20487,bülbüldǝn,1,1
20488,bülbüller,1,1
20489,bülbüllərdən,1,1
20490,bülbüllərə,1,1
20491,bülbülnü,1,1
20492,bülbülnün,1,1
20493,bülbülüdür,1,1
20494,bülfüzul,1,1
20495,bülhəvəs,1,1
20496,büllurdan,1,1
20497,büllurdandı,1,1
20498,bülövün,1,1
20499,bülǝnd,1,1
20500,büləndməkan,1,1
20501,büləndü,1,1
20502,büman,1,1
20503,bünyadına,1,1
20504,bünyadını,1,1
20505,bünyani,1,1
20506,bünövrəsini,1,1
20507,büqəni,1,1
20508,büqəyi,1,1
20509,büraqı,1,1
20510,bürc,1,1
20511,bürcisü,1,1
20512,bürcündǝ,1,1
20513,bürcünün,1,1
20514,bürcə,1,1
20515,bürdi,1,1
20516,bürhanı,1,1
20517,bürhanın,1,1
20518,bürhǝnǝ,1,1
20519,bürkü,1,1
20520,bürqdən,1,1
20521,bürqə,1,1
20522,bürqəi,1,1
20523,bürrani,1,1
20524,bürranı,1,1
20525,bürudət,1,1
20526,bürudətdir,1,1
20527,büryandır,1,1
20528,büryani,1,1
20529,büryanü,1,1
20530,büryanı,1,1
20531,bürümür,1,1
20532,bürüməz,1,1
20533,bürünmek,1,1
20534,bürüyübdü,1,1
20535,bürüyər,1,1
20536,bürüşmüşdük,1,1
20537,bürəbbüküm,1,1
20538,bürəbbüm,1,1
20539,bürəhmən,1,1
20540,bürəhnə,1,1
20541,bürəhnəvü,1,1
20542,büsatdan,1,1
20543,büsatlar,1,1
20544,büsatü,1,1
20545,büsatə,1,1
20546,büsyar,1,1
20547,bütdür,1,1
20548,bütkədəvü,1,1
20549,bütlani,1,1
20550,bütlərdən,1,1
20551,bütlərin,1,1
20552,bütpǝrǝst,1,1
20553,bütpərəst,1,1
20554,bütpərəsti,1,1
20555,bütxanǝlǝr,1,1
20556,bütxanədir,1,1
20557,bütxanədən,1,1
20558,bütxanələr,1,1
20559,bütxanəsi,1,1
20560,bütüm,1,1
20561,bütünün,1,1
20562,bütə,1,1
20563,büxlü,1,1
20564,büzürgi,1,1
20565,büzğalə,1,1
20566,büğzü,1,1
20567,bı,1,1
20568,bıy,1,1
20569,bıçaq,1,1
20570,bıçağından,1,1
20571,bıçqıdan,1,1
20572,bığlarında,1,1
20573,bığlarını,1,1
20574,bığlarının,1,1
20575,bığın,1,1
20576,bǝabü,1,1
20577,bǝbrü,1,1
20578,bǝdnami,1,1
20579,bǝdrdir,1,1
20580,bǝha,1,1
20581,bǝhasidir,1,1
20582,bǝhayi,1,1
20583,bǝhrinǝ,1,1
20584,bǝhrü,1,1
20585,bǝhrǝmǝnd,1,1
20586,bǝhs,1,1
20587,bǝhǝqqi,1,1
20588,bǝlası,1,1
20589,bǝlavü,1,1
20590,bǝlayi,1,1
20591,bǝli,1,1
20592,bǝnd,1,1
20593,bǝndinǝ,1,1
20594,bǝndü,1,1
20595,bǝndǝdǝn,1,1
20596,bǝndǝnizdǝ,1,1
20597,bǝnzi,1,1
20598,bǝqqeyi,1,1
20599,bǝrat,1,1
20600,bǝrgi,1,1
20601,bǝrhǝm,1,1
20602,bǝridir,1,1
20603,bǝrxurdar,1,1
20604,bǝrü,1,1
20605,bǝsi,1,1
20606,bǝsǝrdir,1,1
20607,bǝtǝrdir,1,1
20608,bǝxti,1,1
20609,bǝzl,1,1
20610,bǝzmin,1,1
20611,bəavazi,1,1
20612,bəbir,1,1
20613,bəbrliqa,1,1
20614,bəbrə,1,1
20615,bəbək,1,1
20616,bəbəkləri,1,1
20617,bəbəksiz,1,1
20618,bəbəktək,1,1
20619,bədahətən,1,1
20620,bədbaxtı,1,1
20621,bədbinə,1,1
20622,bədbəxtdən,1,1
20623,bədbəxtin,1,1
20624,bədbəxtlikdən,1,1
20625,bədbəxtəm,1,1
20626,bədbəхt,1,1
20627,bədcins,1,1
20628,bəddi,1,1
20629,bədguluq,1,1
20630,bədgümanəm,1,1
20631,bədhal,1,1
20632,bədhaləm,1,1
20633,bədhayə,1,1
20634,bədil,1,1
20635,bədin,1,1
20636,bədirlənmiş,1,1
20637,bədmənzər,1,1
20638,bədməstə,1,1
20639,bədnami,1,1
20640,bədniyyət,1,1
20641,bədrdir,1,1
20642,bədrim,1,1
20643,bədrivü,1,1
20644,bədruzigar,1,1
20645,bədrətdi,1,1
20646,bədtər,1,1
20647,bədxah,1,1
20648,bədxaha,1,1
20649,bədxahın,1,1
20650,bədxuyin,1,1
20651,bədxuyə,1,1
20652,bədzatdır,1,1
20653,bədövrani,1,1
20654,bədöy,1,1
20655,bədü,1,1
20656,bədəlidir,1,1
20657,bədələ,1,1
20658,bədəməl,1,1
20659,bədəndə,1,1
20660,bədənimdən,1,1
20661,bədəninə,1,1
20662,bədənli,1,1
20663,bədənçam,1,1
20664,bədəsildən,1,1
20665,bədəxş,1,1
20666,bədəxşani,1,1
20667,bədəxşanə,1,1
20668,bədəхşanım,1,1
20669,bəfərmani,1,1
20670,bəgdə,1,1
20671,bəgim,1,1
20672,bəgənməz,1,1
20673,bəhanədir,1,1
20674,bəhanəsiz,1,1
20675,bəhasidir,1,1
20676,bəhasinə,1,1
20677,bəhası,1,1
20678,bəhayim,1,1
20679,bəhayinə,1,1
20680,bəhaəddin,1,1
20681,bəhbəhanə,1,1
20682,bəhcətfəzayi,1,1
20683,bəheyraya,1,1
20684,bəhlulu,1,1
20685,bəhmanə,1,1
20686,bəhmən,1,1
20687,bəhmənə,1,1
20688,bəhramdan,1,1
20689,bəhrami,1,1
20690,bəhreyn,1,1
20691,bəhrin,1,1
20692,bəhrini,1,1
20693,bəhrizatun,1,1
20694,bəhrsən,1,1
20695,bəhrəmənd,1,1
20696,bəhrəsi,1,1
20697,bəhrəsini,1,1
20698,bəhrəvu,1,1
20699,bəhrəvər,1,1
20700,bəhrеyn,1,1
20701,bəhsindən,1,1
20702,bəhsini,1,1
20703,bəhsü,1,1
20704,bəhəqiqət,1,1
20705,bəhərləndi,1,1
20706,bəirin,1,1
20707,bəkarəti,1,1
20708,bəkliyəlim,1,1
20709,bəklərsən,1,1
20710,bəkrəs,1,1
20711,bəkülli,1,1
20712,bəlada,1,1
20713,bəladandı,1,1
20714,bəladurur,1,1
20715,bəlalar,1,1
20716,bəlalıdır,1,1
20717,bəlaləri,1,1
20718,bəlalərin,1,1
20719,bəlanı,1,1
20720,bəlasi,1,1
20721,bəlasinə,1,1
20722,bəlası,1,1
20723,bəlasıdır,1,1
20724,bəlasənmiş,1,1
20725,bəlayei,1,1
20726,bəlayəm,1,1
20727,bəlağə,1,1
20728,bəlağət,1,1
20729,bəlhüm,1,1
20730,bəlis,1,1
20731,bəllənər,1,1
20732,bəlxdə,1,1
20733,bələdi,1,1
20734,bələnibdi,1,1
20735,bəmdürür,1,1
20736,bəmü,1,1
20737,bən,1,1
20738,bənası,1,1
20739,bənat,1,1
20740,bənatüniəş,1,1
20741,bənbövşəm,1,1
20742,bənddir,1,1
20743,bəndim,1,1
20744,bəndində,1,1
20745,bəndivanın,1,1
20746,bəndləri,1,1
20747,bəndlərini,1,1
20748,bəndədi,1,1
20749,bəndədən,1,1
20750,bəndəfərman,1,1
20751,bəndəfərmandır,1,1
20752,bəndəlik,1,1
20753,bəndələrdə,1,1
20754,bəndəniz,1,1
20755,bəndəsən,1,1
20756,bəndəvü,1,1
20757,bəndəye,1,1
20758,bəndəyi,1,1
20759,bəndəyəm,1,1
20760,bəngim,1,1
20761,bənizin,1,1
20762,bənlər,1,1
20763,bənna,1,1
20764,bənnayə,1,1
20765,bənovşə,1,1
20766,bənzimi,1,1
20767,bənzimizi,1,1
20768,bənziyirsən,1,1
20769,bənzişi,1,1
20770,bənzə,1,1
20771,bənzədir,1,1
20772,bənzədirlər,1,1
20773,bənzədirsən,1,1
20774,bənzədübən,1,1
20775,bənzədərəm,1,1
20776,bənzəmir,1,1
20777,bənzətmin,1,1
20778,bənzətmə,1,1
20779,bənzətmək,1,1
20780,bənzətmərəm,1,1
20781,bənzətməsəm,1,1
20782,bənzəyirsən,1,1
20783,bənzəyərsən,1,1
20784,bənövşən,1,1
20785,bənövşəni,1,1
20786,bənövşəyi,1,1
20787,bənövşəyə,1,1
20788,bənəvşə,1,1
20789,bəqai,1,1
20790,bəqalər,1,1
20791,bəqasi,1,1
20792,bəqasinə,1,1
20793,bəqası,1,1
20794,bəqə,1,1
20795,bərabərim,1,1
20796,bərabərin,1,1
20797,bərabərisən,1,1
20798,bərabərə,1,1
20799,bərati,1,1
20800,bəratı,1,1
20801,bəratımın,1,1
20802,bərbadın,1,1
20803,bərbadə,1,1
20804,bərbətə,1,1
20805,bərcisə,1,1
20806,bərd,1,1
20807,bərfin,1,1
20808,bərfü,1,1
20809,bərg,1,1
20810,bərginə,1,1
20811,bərglərdən,1,1
20812,bərgüzar,1,1
20813,bərim,1,1
20814,bərinimdir,1,1
20815,bərkamal,1,1
20816,bərkimə,1,1
20817,bərkitdik,1,1
20818,bərkitmə,1,1
20819,bərkəmaldır,1,1
20820,bərmürad,1,1
20821,bərməkilərə,1,1
20822,bərnəs,1,1
20823,bərqindən,1,1
20824,bərqü,1,1
20825,bərrü,1,1
20826,bərrə,1,1
20827,bərtərəf,1,1
20828,bərxananı,1,1
20829,bərxürdar,1,1
20830,bərədən,1,1
20831,bərəkslikdən,1,1
20832,bərəkəti,1,1
20833,bərəsində,1,1
20834,bərəsinə,1,1
20835,bəsinə,1,1
20836,bəsirət,1,1
20837,bəsirətin,1,1
20838,bəsirətsiz,1,1
20839,bəsiti,1,1
20840,bəslədi,1,1
20841,bəslədigim,1,1
20842,bəsləmək,1,1
20843,bəsləməkdən,1,1
20844,bəsləməzdi,1,1
20845,bəslənərlər,1,1
20846,bəslərdimmi,1,1
20847,bəsləsin,1,1
20848,bəsləyir,1,1
20849,bəsləyirdi,1,1
20850,bəsləyirlər,1,1
20851,bəsləyənlər,1,1
20852,bəsrə,1,1
20853,bəsrətinlə,1,1
20854,bəssən,1,1
20855,bəstami,1,1
20856,bəsti,1,1
20857,bəstinin,1,1
20858,bəstər,1,1
20859,bəstərdir,1,1
20860,bəstərim,1,1
20861,bəstərəm,1,1
20862,bəsə,1,1
20863,bəsəm,1,1
20864,bəsəmər,1,1
20865,bəteyni,1,1
20866,bətha,1,1
20867,bətlimusdur,1,1
20868,bətndə,1,1
20869,bətriq,1,1
20870,bəxili,1,1
20871,bəxtimi,1,1
20872,bəxtindən,1,1
20873,bəxtinə,1,1
20874,bəxtitək,1,1
20875,bəxyələrdə,1,1
20876,bəxşişinə,1,1
20877,bəxşişü,1,1
20878,bəxşişə,1,1
20879,bəyana,1,1
20880,bəyanın,1,1
20881,bəyanına,1,1
20882,bəyanınız,1,1
20883,bəyazinə,1,1
20884,bəydü,1,1
20885,bəygilnən,1,1
20886,bəygilə,1,1
20887,bəyim,1,1
20888,bəyini,1,1
20889,bəyinən,1,1
20890,bəyli,1,1
20891,bəyliyin,1,1
20892,bəyliyə,1,1
20893,bəyləmən,1,1
20894,bəylərbəyi,1,1
20895,bəylərini,1,1
20896,bəynən,1,1
20897,bəysən,1,1
20898,bəyəm,1,1
20899,bəyəndim,1,1
20900,bəyəndiyin,1,1
20901,bəyəndiyini,1,1
20902,bəyənibsən,1,1
20903,bəyənilmiş,1,1
20904,bəyənmirlər,1,1
20905,bəyənmirsən,1,1
20906,bəyənmiş,1,1
20907,bəyənmişdi,1,1
20908,bəyənmədim,1,1
20909,bəyənməyibsə,1,1
20910,bəyənməyən,1,1
20911,bəyənməyəndə,1,1
20912,bəyənər,1,1
20913,bəzarə,1,1
20914,bəzirgandı,1,1
20915,bəzli,1,1
20916,bəzmidir,1,1
20917,bəzmim,1,1
20918,bəzmimdən,1,1
20919,bəzmindədir,1,1
20920,bəzmini,1,1
20921,bəzminin,1,1
20922,bəzminə,1,1
20923,bəzədilmiş,1,1
20924,bəzədiyini,1,1
20925,bəzəklim,1,1
20926,bəzəməkdə,1,1
20927,bəzəndiyi,1,1
20928,bəzəndə,1,1
20929,bəzənmişdir,1,1
20930,bəzənə,1,1
20931,bəzərkən,1,1
20932,bəzərsən,1,1
20933,bəzəsə,1,1
20934,bəzətdi,1,1
20935,bəzəyi,1,1
20936,bəzəyir,1,1
20937,bəzəyə,1,1
20938,bəzəyər,1,1
20939,bəççədani,1,1
20940,bəğayət,1,1
20941,bəğayətsiz,1,1
20942,bəğdad,1,1
20943,bəğra,1,1
20944,bəşarətlər,1,1
20945,bəşirdi,1,1
20946,bəşirlə,1,1
20947,bəşükranə,1,1
20948,bəşşara,1,1
20949,bəşərdə,1,1
20950,bəşərsən,1,1
20951,bəşərə,1,1
20952,bəхtili,1,1
20953,bəхtimmidir,1,1
20954,bəхş,1,1
20955,bе,1,1
20956,bеcərdim,1,1
20957,bеcərmək,1,1
20958,bеcərməmişdi,1,1
20959,bеcərənlər,1,1
20960,bеhiştim,1,1
20961,bеhiştin,1,1
20962,bеhtər,1,1
20963,bеkara,1,1
20964,bеli,1,1
20965,bеlində,1,1
20966,bеlindəki,1,1
20967,bеlindən,1,1
20968,bеlini,1,1
20969,bеlinən,1,1
20970,bеlləməyə,1,1
20971,bеlədir,1,1
20972,bеlələrinin,1,1
20973,bеrdanqa,1,1
20974,bеrdanqaya,1,1
20975,bеtər,1,1
20976,bеygirin,1,1
20977,bеyninə,1,1
20978,bеyti,1,1
20979,bеyvafadı,1,1
20980,bеyzaları,1,1
20981,bеzdi,1,1
20982,bеzdim,1,1
20983,bеzinən,1,1
20984,bеzmişəm,1,1
20985,bеzənhabеzən,1,1
20986,bеçələrin,1,1
20987,bеçənin,1,1
20988,bеşatana,1,1
20989,bеşatanın,1,1
20990,bеşatanını,1,1
20991,bеşdi,1,1
20992,bеşlik,1,1
20993,bоstanda,1,1
20994,bоyu,1,1
20995,bоyun,1,1
20996,bоşa,1,1
20997,bоşdur,1,1
20998,bәdәnin,1,1
20999,bәg,1,1
21000,bәlkә,1,1
21001,bәnd,1,1
21002,bәy,1,1
21003,bәyiniz,1,1
21004,ca,1,1
21005,cabbari,1,1
21006,cabbarlının,1,1
21007,cabəca,1,1
21008,cad,1,1
21009,cadudur,1,1
21010,cadugər,1,1
21011,cadugərlik,1,1
21012,cadusifǝt,1,1
21013,cafa,1,1
21014,cahalı,1,1
21015,cahamn,1,1
21016,cahandakı,1,1
21017,cahandar,1,1
21018,cahandarım,1,1
21019,cahangir,1,1
21020,cahanla,1,1
21021,cahannüma,1,1
21022,cahannümadur,1,1
21023,cahannümadü,1,1
21024,cahannümadır,1,1
21025,cahannüması,1,1
21026,cahanpərvər,1,1
21027,cahansan,1,1
21028,cahanım,1,1
21029,cahat,1,1
21030,cahatı,1,1
21031,cahillər,1,1
21032,cahillərin,1,1
21033,cahilsən,1,1
21034,cahilə,1,1
21035,cahin,1,1
21036,cahinin,1,1
21037,cahinə,1,1
21038,caiyi,1,1
21039,caiz,1,1
21040,caizmidir,1,1
21041,cakimdə,1,1
21042,calal,1,1
21043,calala,1,1
21044,calallı,1,1
21045,calalma,1,1
21046,calalın,1,1
21047,calalını,1,1
21048,calaq,1,1
21049,calayasan,1,1
21050,calunis,1,1
21051,camaatnaıı,1,1
21052,camaatının,1,1
21053,camahatnan,1,1
21054,camahatına,1,1
21055,camahatının,1,1
21056,camaldı,1,1
21057,camaldır,1,1
21058,camalımdı,1,1
21059,camdir,1,1
21060,camdır,1,1
21061,cameyi,1,1
21062,cameə,1,1
21063,camidən,1,1
21064,camü,1,1
21065,camıdır,1,1
21066,camıma,1,1
21067,camımız,1,1
21068,camında,1,1
21069,camının,1,1
21070,camıyam,1,1
21071,camışın,1,1
21072,camədən,1,1
21073,caməm,1,1
21074,caməsin,1,1
21075,canam,1,1
21076,canandı,1,1
21077,canandır,1,1
21078,cananimi,1,1
21079,cananma,1,1
21080,canansan,1,1
21081,cananıdır,1,1
21082,cananıma,1,1
21083,cananımda,1,1
21084,cananımı,1,1
21085,cananımın,1,1
21086,cananǝlǝr,1,1
21087,cananǝmizdir,1,1
21088,cananədi,1,1
21089,cananədən,1,1
21090,cananənin,1,1
21091,cananəsi,1,1
21092,cananә,1,1
21093,canbazi,1,1
21094,canbəxşinlə,1,1
21095,canbəxşlikdən,1,1
21096,canbəxşü,1,1
21097,candandır,1,1
21098,cane,1,1
21099,canfǝda,1,1
21100,canfəzayi,1,1
21101,canilǝ,1,1
21102,canimə,1,1
21103,caninǝ,1,1
21104,canlanan,1,1
21105,canlandı,1,1
21106,canlandır,1,1
21107,canların,1,1
21108,canlıdı,1,1
21109,canlılara,1,1
21110,canlıları,1,1
21111,canlıyam,1,1
21112,cannar,1,1
21113,cannisarıq,1,1
21114,cansitan,1,1
21115,cansuz,1,1
21116,cansıza,1,1
21117,cansızdı,1,1
21118,canuvuz,1,1
21119,canverici,1,1
21120,canıdır,1,1
21121,canımdı,1,1
21122,canımıza,1,1
21123,canımızdır,1,1
21124,canımızı,1,1
21125,canımış,1,1
21126,canındadır,1,1
21127,canınnan,1,1
21128,canıtək,1,1
21129,canşikar,1,1
21130,canǝdir,1,1
21131,canəfşanına,1,1
21132,canəm,1,1
21133,canəvər,1,1
21134,canəvərdə,1,1
21135,canəvərlər,1,1
21136,canəvərlərin,1,1
21137,cariydi,1,1
21138,carçısına,1,1
21139,carümdən,1,1
21140,carə,1,1
21141,catdırdın,1,1
21142,catmaz,1,1
21143,cavabda,1,1
21144,cavabi,1,1
21145,cavabsız,1,1
21146,cavabü,1,1
21147,cavabımda,1,1
21148,cavabında,1,1
21149,cavabından,1,1
21150,cavaf,1,1
21151,cavahara,1,1
21152,cavahirlə,1,1
21153,cavahirlər,1,1
21154,cavahratı,1,1
21155,cavandım,1,1
21156,cavanlara,1,1
21157,cavanlardan,1,1
21158,cavanlaşmış,1,1
21159,cavanlıqda,1,1
21160,cavanlıx,1,1
21161,cavanlığımdı,1,1
21162,cavanlığında,1,1
21163,cavanmərdlər,1,1
21164,cavannar,1,1
21165,cavannara,1,1
21166,cavanım,1,1
21167,cavidanidir,1,1
21168,cavidannamə,1,1
21169,cavəzəl,1,1
21170,cay,1,1
21171,cayeyi,1,1
21172,cayi,1,1
21173,caynağına,1,1
21174,caynağında,1,1
21175,caynağından,1,1
21176,caysız,1,1
21177,cayə,1,1
21178,cazi,1,1
21179,cdər,1,1
21180,cefası,1,1
21181,cefridar,1,1
21182,ceyhundur,1,1
21183,ceyhunun,1,1
21184,ceyrana,1,1
21185,ceyrandır,1,1
21186,ceyranı,1,1
21187,ceyranın,1,1
21188,ceşmi,1,1
21189,ceşmim,1,1
21190,ceşmin,1,1
21191,ceşminmidi,1,1
21192,cibin,1,1
21193,cibrili,1,1
21194,cibrilü,1,1
21195,cida,1,1
21196,cidanı,1,1
21197,cidar,1,1
21198,cidardan,1,1
21199,cidarlardır,1,1
21200,cifeyi,1,1
21201,cifəsinə,1,1
21202,cig,1,1
21203,cigerden,1,1
21204,cigǝrdǝn,1,1
21205,cigərdən,1,1
21206,cigəridir,1,1
21207,cigərimdə,1,1
21208,cigərlər,1,1
21209,cigərsuz,1,1
21210,cigərsuzim,1,1
21211,cigərsuzum,1,1
21212,cilalandı,1,1
21213,cilalər,1,1
21214,cilid,1,1
21215,cillə,1,1
21216,cilovu,1,1
21217,cilveyi,1,1
21218,cilvǝ,1,1
21219,cilvədə,1,1
21220,cilvəgər,1,1
21221,cilvəli,1,1
21222,cilvəlim,1,1
21223,cilvələnibdi,1,1
21224,cilvəsi,1,1
21225,cilvəyi,1,1
21226,cilvеyi,1,1
21227,ciləyim,1,1
21228,ciləyən,1,1
21229,cimi,1,1
21230,cimməkdi,1,1
21231,cimçəşmə,1,1
21232,cinanim,1,1
21233,cinansan,1,1
21234,cincilim,1,1
21235,cindən,1,1
21236,cinlər,1,1
21237,cinlərini,1,1
21238,cinni,1,1
21239,cinsdən,1,1
21240,cinsinizəm,1,1
21241,cinə,1,1
21242,cirmi,1,1
21243,cismani,1,1
21244,cismimin,1,1
21245,cismimlə,1,1
21246,cisminin,1,1
21247,cisminǝ,1,1
21248,cismiylə,1,1
21249,civarımdan,1,1
21250,ciyfeyi,1,1
21251,ciyərdir,1,1
21252,ciyərimdən,1,1
21253,ciyərimin,1,1
21254,ciyərində,1,1
21255,ciyərindən,1,1
21256,ciyərini,1,1
21257,ciyərinə,1,1
21258,ciyərlə,1,1
21259,ciyərlər,1,1
21260,ciyərlərimi,1,1
21261,ciyərqan,1,1
21262,ciyərxar,1,1
21263,ciz,1,1
21264,cizginib,1,1
21265,cizginirkən,1,1
21266,cizginmək,1,1
21267,cizginməkdən,1,1
21268,cizginməz,1,1
21269,cizginə,1,1
21270,ciçək,1,1
21271,ciğatayü,1,1
21272,ciğd,1,1
21273,clm,1,1
21274,collərə,1,1
21275,corabdı,1,1
21276,covlanə,1,1
21277,cox,1,1
21278,coxdandı,1,1
21279,coys,1,1
21280,coşaram,1,1
21281,coşqun,1,1
21282,ctdi,1,1
21283,cuddan,1,1
21284,cuddir,1,1
21285,cudinə,1,1
21286,cuhud,1,1
21287,cuhudları,1,1
21288,culfaya,1,1
21289,culoydan,1,1
21290,cum,1,1
21291,cummaq,1,1
21292,cummuş,1,1
21293,cumub,1,1
21294,cumursan,1,1
21295,curalə,1,1
21296,cuyan,1,1
21297,cuybari,1,1
21298,cuybarə,1,1
21299,cuyi,1,1
21300,cänımız,1,1
21301,cörək,1,1
21302,cövhərləri,1,1
21303,cövhərəm,1,1
21304,cövlangəh,1,1
21305,cövlanlar,1,1
21306,cövlanım,1,1
21307,cövlanın,1,1
21308,cövlanına,1,1
21309,cövrdür,1,1
21310,cövrdən,1,1
21311,cövrilə,1,1
21312,cövrini,1,1
21313,cövrinlə,1,1
21314,cövriçün,1,1
21315,cövrlərdir,1,1
21316,cövrünəvü,1,1
21317,cövrə,1,1
21318,cövşənində,1,1
21319,cübbǝvü,1,1
21320,cübbə,1,1
21321,cübbən,1,1
21322,cücə,1,1
21323,cücəni,1,1
21324,cüdadır,1,1
21325,cüdi,1,1
21326,cüft,1,1
21327,cülab,1,1
21328,cüleyman,1,1
21329,cüllabı,1,1
21330,cülüs,1,1
21331,cümar,1,1
21332,cümlǝlǝrni,1,1
21333,cümlənin,1,1
21334,cümlеyi,1,1
21335,cüməyədək,1,1
21336,cünbani,1,1
21337,cünbüşi,1,1
21338,cünbüşə,1,1
21339,cünki,1,1
21340,cünunum,1,1
21341,cünunumdur,1,1
21342,cünunü,1,1
21343,cünün,1,1
21344,cürdür,1,1
21345,cüreyi,1,1
21346,cürmim,1,1
21347,cürminə,1,1
21348,cürmümüz,1,1
21349,cürǝ,1,1
21350,cürədir,1,1
21351,cürəti,1,1
21352,cürətlə,1,1
21353,cütləmisənsə,1,1
21354,cütləmişəm,1,1
21355,cüyuş,1,1
21356,cüzatından,1,1
21357,cüzdən,1,1
21358,cüzv,1,1
21359,cüzvi,1,1
21360,cüzü,1,1
21361,cüzündən,1,1
21362,cüzünü,1,1
21363,cüzünün,1,1
21364,cüzədir,1,1
21365,cıdıra,1,1
21366,cıl,1,1
21367,cılız,1,1
21368,cınqıltı,1,1
21369,cıqqası,1,1
21370,cırmış,1,1
21371,cırırsan,1,1
21372,cıxsın,1,1
21373,cığal,1,1
21374,cığıra,1,1
21375,cǝfalı,1,1
21376,cǝfanızı,1,1
21377,cǝfası,1,1
21378,cǝfǝr,1,1
21379,cǝhan,1,1
21380,cǝhana,1,1
21381,cǝhanü,1,1
21382,cǝhl,1,1
21383,cǝhlini,1,1
21384,cǝhlǝ,1,1
21385,cǝm,1,1
21386,cǝmalından,1,1
21387,cǝmi,1,1
21388,cǝmii,1,1
21389,cǝmin,1,1
21390,cǝmşidi,1,1
21391,cǝngü,1,1
21392,cǝnnatǝ,1,1
21393,cǝnnǝtdǝ,1,1
21394,cǝnnǝtü,1,1
21395,cǝvahir,1,1
21396,cǝvahirdǝn,1,1
21397,cǝzadır,1,1
21398,cə,1,1
21399,cəban,1,1
21400,cəbbar,1,1
21401,cəbini,1,1
21402,cəbinimdi,1,1
21403,cəbinimdir,1,1
21404,cəbinində,1,1
21405,cəbraildən,1,1
21406,cəbrailin,1,1
21407,cəbrayildən,1,1
21408,cəbrayilə,1,1
21409,cəbrayıl,1,1
21410,cəbrayıla,1,1
21411,cəbrayılsa,1,1
21412,cəbrayılsan,1,1
21413,cəbrayılın,1,1
21414,cəbril,1,1
21415,cəbrəilin,1,1
21416,cəddimə,1,1
21417,cədyə,1,1
21418,cədəlidir,1,1
21419,cəfabirlə,1,1
21420,cəfadidə,1,1
21421,cəfakar,1,1
21422,cəfakeş,1,1
21423,cəfalardan,1,1
21424,cəfalerini,1,1
21425,cəfalərdən,1,1
21426,cəfalərin,1,1
21427,cəfalərni,1,1
21428,cəfanı,1,1
21429,cəfasını,1,1
21430,cəfayinə,1,1
21431,cəfayı,1,1
21432,cəfədan,1,1
21433,cəfərdi,1,1
21434,cəfərdən,1,1
21435,cəfərqulunu,1,1
21436,cəfəruhah,1,1
21437,cəfəruilaha,1,1
21438,cəfərul,1,1
21439,cəfərullaha,1,1
21440,cəfərullahla,1,1
21441,cəfərullahın,1,1
21442,cəfərullahıydı,1,1
21443,cəfərə,1,1
21444,cəfərəm,1,1
21445,cəhadın,1,1
21446,cəhalətdir,1,1
21447,cəhalətin,1,1
21448,cəhanbinim,1,1
21449,cəhani,1,1
21450,cəhansuzindən,1,1
21451,cəhanı,1,1
21452,cəhdlə,1,1
21453,cəhldən,1,1
21454,cəhli,1,1
21455,cəhlinə,1,1
21456,cəhlə,1,1
21457,cəhləm,1,1
21458,cəhlən,1,1
21459,cəhrənin,1,1
21460,cəhrəsinin,1,1
21461,cəhənnəmdir,1,1
21462,cəhənnəmdə,1,1
21463,cəhənnəmi,1,1
21464,cəhənnəmə,1,1
21465,cəhəti,1,1
21466,cəhətlərini,1,1
21467,cəhətlərə,1,1
21468,cək,1,1
21469,cəkdi,1,1
21470,cəkdim,1,1
21471,cəkib,1,1
21472,cəkirdim,1,1
21473,cəkmiş,1,1
21474,cəkə,1,1
21475,cəkər,1,1
21476,cəlalü,1,1
21477,cəlalın,1,1
21478,cəlalına,1,1
21479,cəlalından,1,1
21480,cəlalını,1,1
21481,cəlaləddini,1,1
21482,cəlb,1,1
21483,cəli,1,1
21484,cəlidir,1,1
21485,cəlili,1,1
21486,cəlladdır,1,1
21487,cəlladla,1,1
21488,cəlladı,1,1
21489,cəlladıdır,1,1
21490,cəlladə,1,1
21491,cələvi,1,1
21492,cəmadatə,1,1
21493,cəmadı,1,1
21494,cəmalilə,1,1
21495,cəmalinə,1,1
21496,cəmallım,1,1
21497,cəmalül,1,1
21498,cəmalüvə,1,1
21499,cəmalında,1,1
21500,cəmalınla,1,1
21501,cəmalının,1,1
21502,cəmaət,1,1
21503,cəmaəti,1,1
21504,cəmdə,1,1
21505,cəmdək,1,1
21506,cəmdəyi,1,1
21507,cəmdəyə,1,1
21508,cəmilgilnən,1,1
21509,cəmilə,1,1
21510,cəmisi,1,1
21511,cəmiyyətdən,1,1
21512,cəmiyyətim,1,1
21513,cəmiyyətimdən,1,1
21514,cəmiən,1,1
21515,cəmlikdən,1,1
21516,cəmləşdiridi,1,1
21517,cəmləşdirmişdi,1,1
21518,cəmləşdirmək,1,1
21519,cəmləşsin,1,1
21520,cəmrə,1,1
21521,cəmşiddir,1,1
21522,cəmşidin,1,1
21523,cəmşidlər,1,1
21524,cəmə,1,1
21525,cənabi,1,1
21526,cənabına,1,1
21527,cənabında,1,1
21528,cənazə,1,1
21529,cənazələrə,1,1
21530,cəngə,1,1
21531,cənki,1,1
21532,cənnatü,1,1
21533,cənnətim,1,1
21534,cənnətli,1,1
21535,cənnətlə,1,1
21536,cənnətlərin,1,1
21537,cənnətməkan,1,1
21538,cərgədə,1,1
21539,cərgələnib,1,1
21540,cərgələnif,1,1
21541,cərgəsində,1,1
21542,cərh,1,1
21543,cərəsvar,1,1
21544,cərəyana,1,1
21545,cəsarət,1,1
21546,cəsədinde,1,1
21547,cəsədindəndir,1,1
21548,cətin,1,1
21549,cəvablən,1,1
21550,cəvabə,1,1
21551,cəvahirat,1,1
21552,cəvahiri,1,1
21553,cəvahirlə,1,1
21554,cəvahirçi,1,1
21555,cəvan,1,1
21556,cəvani,1,1
21557,cəvanın,1,1
21558,cəvanə,1,1
21559,cəyan,1,1
21560,cəzak,1,1
21561,cəzamı,1,1
21562,cəzb,1,1
21563,cəzbeyi,1,1
21564,cəzirədə,1,1
21565,cəzmdir,1,1
21566,cəşm,1,1
21567,cəəlnahu,1,1
21568,cеhizindi,1,1
21569,cеhizindir,1,1
21570,cеyhun,1,1
21571,cеyran,1,1
21572,cеyranısan,1,1
21573,cоşqun,1,1
21574,cәhl,1,1
21575,cәmdәyiniz,1,1
21576,cәnabi,1,1
21577,dabətül,1,1
21578,daddı,1,1
21579,dadi,1,1
21580,dadilər,1,1
21581,dadlısı,1,1
21582,dadmadı,1,1
21583,dadmadım,1,1
21584,dadmamışdır,1,1
21585,dadmış,1,1
21586,dadxahdir,1,1
21587,dadxahəm,1,1
21588,dadıma,1,1
21589,dadını,1,1
21590,dadırdı,1,1
21591,dadızdılar,1,1
21592,dadızmaz,1,1
21593,dadızmışıq,1,1
21594,dadızsa,1,1
21595,dahanın,1,1
21596,dai,1,1
21597,daimdir,1,1
21598,daimi,1,1
21599,daimüləbəd,1,1
21600,dairənin,1,1
21601,dairəsi,1,1
21602,dairəsində,1,1
21603,dakı,1,1
21604,dalanda,1,1
21605,dalani,1,1
21606,dalaşdın,1,1
21607,dalaşır,1,1
21608,daldadan,1,1
21609,daldadır,1,1
21610,daldalan,1,1
21611,daldalanıb,1,1
21612,daldasında,1,1
21613,daldım,1,1
21614,daldıq,1,1
21615,dalmayan,1,1
21616,dalmış,1,1
21617,dalü,1,1
21618,dalğalandı,1,1
21619,dalıb,1,1
21620,dalıbsan,1,1
21621,dalıdır,1,1
21622,dalımı,1,1
21623,dalımızca,1,1
21624,dalıncax,1,1
21625,dalınça,1,1
21626,dalırsan,1,1
21627,daləm,1,1
21628,damad,1,1
21629,damandan,1,1
21630,damanım,1,1
21631,damanın,1,1
21632,damanındadır,1,1
21633,damanə,1,1
21634,damaq,1,1
21635,damardı,1,1
21636,damarı,1,1
21637,damarım,1,1
21638,damarımda,1,1
21639,damarından,1,1
21640,damazlığı,1,1
21641,damağinә,1,1
21642,damağımı,1,1
21643,damağın,1,1
21644,damda,1,1
21645,damigahi,1,1
21646,damla,1,1
21647,damlasıdır,1,1
21648,dammış,1,1
21649,damü,1,1
21650,damğasından,1,1
21651,damıb,1,1
21652,damızlığın,1,1
21653,damǝniniz,1,1
21654,damənim,1,1
21655,damənimdə,1,1
21656,damənimdən,1,1
21657,damənini,1,1
21658,daməninə,1,1
21659,damənə,1,1
21660,danadan,1,1
21661,danadil,1,1
21662,danalardan,1,1
21663,danaların,1,1
21664,danalı,1,1
21665,danalığa,1,1
21666,danalər,1,1
21667,danan,1,1
21668,danani,1,1
21669,dananın,1,1
21670,danar,1,1
21671,danası,1,1
21672,danayi,1,1
21673,daniş,1,1
21674,danişmağa,1,1
21675,danladılar,1,1
21676,danlamağa,1,1
21677,danlaq,1,1
21678,danmısan,1,1
21679,dannan,1,1
21680,dansa,1,1
21681,danışacax,1,1
21682,danışacağını,1,1
21683,danışandan,1,1
21684,danışanla,1,1
21685,danışarsız,1,1
21686,danışax,1,1
21687,danışaydı,1,1
21688,danışdın,1,1
21689,danışdıq,1,1
21690,danışdıqlarının,1,1
21691,danışdır,1,1
21692,danışdıran,1,1
21693,danışdırdı,1,1
21694,danışdırırdı,1,1
21695,danışdısa,1,1
21696,danışmadıq,1,1
21697,danışmadıqlarına,1,1
21698,danışmaga,1,1
21699,danışmazsa,1,1
21700,danışmazsan,1,1
21701,danışmağını,1,1
21702,danışmır,1,1
21703,danışmırdı,1,1
21704,danışsa,1,1
21705,danışsan,1,1
21706,danışssa,1,1
21707,danışsın,1,1
21708,danışılanların,1,1
21709,danışıqda,1,1
21710,danışıqla,1,1
21711,danışırdı,1,1
21712,danışırlar,1,1
21713,danışırsan,1,1
21714,danışırsız,1,1
21715,danışığa,1,1
21716,danışığından,1,1
21717,danışığının,1,1
21718,danǝdir,1,1
21719,danǝmizdir,1,1
21720,danədi,1,1
21721,danəm,1,1
21722,danəni,1,1
21723,danənin,1,1
21724,danənişan,1,1
21725,danəsidir,1,1
21726,danəsin,1,1
21727,danəsinə,1,1
21728,danəyi,1,1
21729,daqal,1,1
21730,daraba,1,1
21731,daraldı,1,1
21732,daramış,1,1
21733,darar,1,1
21734,dararkan,1,1
21735,darayi,1,1
21736,darim,1,1
21737,darindǝ,1,1
21738,darini,1,1
21739,darlıq,1,1
21740,dartaram,1,1
21741,dartmaq,1,1
21742,dartışmaq,1,1
21743,daru,1,1
21744,darul,1,1
21745,darü,1,1
21746,darüs,1,1
21747,darüssǝlamdir,1,1
21748,darğası,1,1
21749,darğuni,1,1
21750,darıda,1,1
21751,darımı,1,1
21752,darından,1,1
21753,darıxdıranda,1,1
21754,darıxmaz,1,1
21755,darıxır,1,1
21756,darıxırdın,1,1
21757,darıxırsan,1,1
21758,darıyla,1,1
21759,darəd,1,1
21760,darəsin,1,1
21761,darеqan,1,1
21762,dasinə,1,1
21763,dastandan,1,1
21764,dastandır,1,1
21765,dastanları,1,1
21766,dastanını,1,1
21767,datlıyam,1,1
21768,davada,1,1
21769,davadadırlar,1,1
21770,davamı,1,1
21771,davar,1,1
21772,davasıdır,1,1
21773,daxmasına,1,1
21774,daxmasıyçın,1,1
21775,daxı,1,1
21776,dayanar,1,1
21777,dayanaydı,1,1
21778,dayandılar,1,1
21779,dayandırram,1,1
21780,dayanma,1,1
21781,dayanmadan,1,1
21782,dayanmayıb,1,1
21783,dayanmazsan,1,1
21784,dayanmışam,1,1
21785,dayanmışdır,1,1
21786,dayansın,1,1
21787,dayanıbdır,1,1
21788,dayanın,1,1
21789,dayaqdı,1,1
21790,dayaqsiz,1,1
21791,dayazdı,1,1
21792,dayazı,1,1
21793,dayağım,1,1
21794,dayağın,1,1
21795,dayağıydı,1,1
21796,dayinə,1,1
21797,dayı,1,1
21798,dayımındı,1,1
21799,dayımındır,1,1
21800,dayındı,1,1
21801,dayının,1,1
21802,dayısı,1,1
21803,dayısıgilə,1,1
21804,dayədəndir,1,1
21805,dayəm,1,1
21806,dayəsinin,1,1
21807,dayətək,1,1
21808,dazlaşaraq,1,1
21809,dağarcıqda,1,1
21810,dağarcıx,1,1
21811,dağarçığı,1,1
21812,dağdır,1,1
21813,dağində,1,1
21814,dağini,1,1
21815,dağladın,1,1
21816,dağlanar,1,1
21817,dağlandı,1,1
21818,dağlaram,1,1
21819,dağlarda,1,1
21820,dağlardan,1,1
21821,dağlardansa,1,1
21822,dağlarilə,1,1
21823,dağlarını,1,1
21824,dağlasın,1,1
21825,dağlı,1,1
21826,dağıda,1,1
21827,dağıdacaq,1,1
21828,dağıdalar,1,1
21829,dağıdar,1,1
21830,dağıdarmış,1,1
21831,dağıdarsan,1,1
21832,dağıdın,1,1
21833,dağıdırdı,1,1
21834,dağıdırmış,1,1
21835,dağıhb,1,1
21836,dağılacağınnan,1,1
21837,dağılanda,1,1
21838,dağılmaz,1,1
21839,dağılmış,1,1
21840,dağılmışda,1,1
21841,dağılər,1,1
21842,dağından,1,1
21843,dağını,1,1
21844,dağırcıx,1,1
21845,dağıstana,1,1
21846,dağıstani,1,1
21847,dağıtdın,1,1
21848,dağıtdığın,1,1
21849,dağıtma,1,1
21850,dağıtmax,1,1
21851,dağıtmaynan,1,1
21852,dağə,1,1
21853,daşadır,1,1
21854,daşan,1,1
21855,daşda,1,1
21856,daşdakı,1,1
21857,daşdanmıdır,1,1
21858,daşdı,1,1
21859,daşi,1,1
21860,daşidir,1,1
21861,daşini,1,1
21862,daşinə,1,1
21863,daşiylə,1,1
21864,daşkənddi,1,1
21865,daşkənddədi,1,1
21866,daşkəndə,1,1
21867,daşla,1,1
21868,daşladı,1,1
21869,daşların,1,1
21870,daşlu,1,1
21871,daşma,1,1
21872,daşnaxlara,1,1
21873,daşnaxları,1,1
21874,daşqın,1,1
21875,daşrə,1,1
21876,daşsız,1,1
21877,daşü,1,1
21878,daşıb,1,1
21879,daşıdan,1,1
21880,daşıdı,1,1
21881,daşımaqçün,1,1
21882,daşımasından,1,1
21883,daşımız,1,1
21884,daşından,1,1
21885,daşındığı,1,1
21886,daşınması,1,1
21887,daşınıb,1,1
21888,daşınız,1,1
21889,daşıyam,1,1
21890,daşıyar,1,1
21891,daşıyıb,1,1
21892,daşıyıram,1,1
21893,daşıyırdılar,1,1
21894,daхili,1,1
21895,ddəası,1,1
21896,dedigim,1,1
21897,dedikləri,1,1
21898,dediklərincə,1,1
21899,dediklərini,1,1
21900,dedimi,1,1
21901,dedirər,1,1
21902,dediyimə,1,1
21903,dediyindən,1,1
21904,dediyinnən,1,1
21905,dedəm,1,1
21906,degildi,1,1
21907,degillər,1,1
21908,degilmi,1,1
21909,degilən,1,1
21910,deginən,1,1
21911,degül,1,1
21912,dehlini,1,1
21913,dehliylə,1,1
21914,dehqani,1,1
21915,dehqanı,1,1
21916,dehqanım,1,1
21917,dehqanın,1,1
21918,dekabr,1,1
21919,demadem,1,1
21920,demdə,1,1
21921,demenəm,1,1
21922,demirdi,1,1
21923,demişdilər,1,1
21924,demişdir,1,1
21925,demişsǝn,1,1
21926,demokratiya,1,1
21927,demǝz,1,1
21928,demǝzsǝn,1,1
21929,demədimmi,1,1
21930,demədiz,1,1
21931,deməkdə,1,1
21932,deməkdən,1,1
21933,deməliyəm,1,1
21934,deməmiş,1,1
21935,deməmişdi,1,1
21936,deməndən,1,1
21937,deməsi,1,1
21938,deməsindən,1,1
21939,deməyim,1,1
21940,deməyinə,1,1
21941,deməzdi,1,1
21942,deməzdim,1,1
21943,deməzmi,1,1
21944,den,1,1
21945,denildi,1,1
21946,derdü,1,1
21947,derisə,1,1
21948,derlərsə,1,1
21949,derǝm,1,1
21950,desǝm,1,1
21951,desək,1,1
21952,desəniz,1,1
21953,detallarda,1,1
21954,devi,1,1
21955,devrilən,1,1
21956,devrin,1,1
21957,dey,1,1
21958,deyibdi,1,1
21959,deyibdilər,1,1
21960,deyiblər,1,1
21961,deyibsən,1,1
21962,deyici,1,1
21963,deyifdi,1,1
21964,deyifsən,1,1
21965,deyildim,1,1
21966,deyilibdir,1,1
21967,deyilir,1,1
21968,deyilmiş,1,1
21969,deyilməyib,1,1
21970,deyilse,1,1
21971,deyilsə,1,1
21972,deyilənlərə,1,1
21973,deyilənı,1,1
21974,deyindi,1,1
21975,deyinər,1,1
21976,deyirdilər,1,1
21977,deyirkən,1,1
21978,deyirsiniz,1,1
21979,deyirsiz,1,1
21980,deyişen,1,1
21981,deyişirik,1,1
21982,deyişirsiniz,1,1
21983,deyişəcək,1,1
21984,deyişəndən,1,1
21985,deyləm,1,1
21986,deyləmi,1,1
21987,deyləmli,1,1
21988,deyrim,1,1
21989,deyrində,1,1
21990,deyrinə,1,1
21991,deyǝ,1,1
21992,deyǝnlǝr,1,1
21993,deyǝr,1,1
21994,deyəcən,1,1
21995,deyəcəyəm,1,1
21996,deyələr,1,1
21997,deyənin,1,1
21998,deyərdim,1,1
21999,deyərdin,1,1
22000,deyərdı,1,1
22001,deyərmi,1,1
22002,deyərmisən,1,1
22003,deyərmiş,1,1
22004,deyərsiniz,1,1
22005,deyəsiniz,1,1
22006,deyəsiz,1,1
22007,deyәr,1,1
22008,değil,1,1
22009,deş,1,1
22010,deşikdən,1,1
22011,deşilmiş,1,1
22012,deşilməz,1,1
22013,deşilər,1,1
22014,deşiyə,1,1
22015,deşə,1,1
22016,diba,1,1
22017,dibanı,1,1
22018,dibayə,1,1
22019,dibaçeyi,1,1
22020,dibaçеyi,1,1
22021,dibindədir,1,1
22022,dibindəki,1,1
22023,dibindən,1,1
22024,dibini,1,1
22025,dibinə,1,1
22026,dibli,1,1
22027,dibsiz,1,1
22028,didadi,1,1
22029,didardan,1,1
22030,didarilə,1,1
22031,didarındadır,1,1
22032,didarından,1,1
22033,didarındır,1,1
22034,didarının,1,1
22035,didarınızdır,1,1
22036,didǝlǝrim,1,1
22037,didǝyǝ,1,1
22038,didəm,1,1
22039,didərgin,1,1
22040,didəsiz,1,1
22041,didəyə,1,1
22042,digərguni,1,1
22043,digəri,1,1
22044,digəridən,1,1
22045,digərlərinin,1,1
22046,dij,1,1
22047,dik,1,1
22048,dikbaşlıqdan,1,1
22049,dikib,1,1
22050,dikibdir,1,1
22051,dikiblər,1,1
22052,dikildi,1,1
22053,dikilir,1,1
22054,dikmə,1,1
22055,diksinib,1,1
22056,dikə,1,1
22057,dikələndə,1,1
22058,dikəndə,1,1
22059,dila,1,1
22060,dilaraları,1,1
22061,dilarami,1,1
22062,dilaray,1,1
22063,dilarayi,1,1
22064,dilazarımız,1,1
22065,dilazarə,1,1
22066,dilbilməz,1,1
22067,dilbǝridir,1,1
22068,dilbǝrindir,1,1
22069,dilbǝrü,1,1
22070,dilbəndinə,1,1
22071,dilbəransan,1,1
22072,dilbəranın,1,1
22073,dilbərdi,1,1
22074,dilbərdən,1,1
22075,dilbərilə,1,1
22076,dilbərinin,1,1
22077,dilbərinə,1,1
22078,dilbərisən,1,1
22079,dilbərlər,1,1
22080,dilbərləri,1,1
22081,dilbərlərin,1,1
22082,dilbərlərinin,1,1
22083,dilbərsən,1,1
22084,dilbəstə,1,1
22085,dilcu,1,1
22086,dilcunu,1,1
22087,dilcən,1,1
22088,dildan,1,1
22089,dildarinə,1,1
22090,dildarm,1,1
22091,dildarü,1,1
22092,dildarımız,1,1
22093,dildarına,1,1
22094,dildi,1,1
22095,dilduz,1,1
22096,dildü,1,1
22097,dildǝ,1,1
22098,dildǝn,1,1
22099,dildəki,1,1
22100,dildəndir,1,1
22101,diletantlıqdan,1,1
22102,dilfikarə,1,1
22103,dililǝ,1,1
22104,dililə,1,1
22105,dilimdir,1,1
22106,dilimdǝn,1,1
22107,dilimin,1,1
22108,dilimiz,1,1
22109,dilimizdə,1,1
22110,dilimlədi,1,1
22111,dilimni,1,1
22112,dilimnən,1,1
22113,dilinnən,1,1
22114,dilir,1,1
22115,diliranə,1,1
22116,diliylә,1,1
22117,dilkəşdir,1,1
22118,dilkəşə,1,1
22119,diller,1,1
22120,dillinin,1,1
22121,dilləndin,1,1
22122,dillənmir,1,1
22123,dillənmirdi,1,1
22124,dilləri,1,1
22125,dillərindən,1,1
22126,dillərlə,1,1
22127,dillərə,1,1
22128,dilməhzun,1,1
22129,dilməlal,1,1
22130,dilnən,1,1
22131,dilpəzir,1,1
22132,dilpəzirü,1,1
22133,dilqanmaz,1,1
22134,dilqanmazdan,1,1
22135,dilqəmi,1,1
22136,dilrübadən,1,1
22137,dilrübalıqda,1,1
22138,dilsadə,1,1
22139,dilsitandan,1,1
22140,dilsizəm,1,1
22141,dilstanimdǝn,1,1
22142,dilsuz,1,1
22143,dilsuzani,1,1
22144,dilsuzdan,1,1
22145,dilsuzi,1,1
22146,dilsuzinə,1,1
22147,dilsuzun,1,1
22148,diltəşnədən,1,1
22149,dilxahi,1,1
22150,dilxoşluq,1,1
22151,dilxəstəvü,1,1
22152,dilüvü,1,1
22153,dilşadü,1,1
22154,dilşikəstədə,1,1
22155,dilǝrǝm,1,1
22156,dilədim,1,1
22157,diləfruzum,1,1
22158,diləklim,1,1
22159,diləmiş,1,1
22160,diləmə,1,1
22161,diləməz,1,1
22162,dilən,1,1
22163,dilənmə,1,1
22164,dilənmək,1,1
22165,dilərsiz,1,1
22166,dilərsə,1,1
22167,diləsə,1,1
22168,diləyi,1,1
22169,diləyib,1,1
22170,diləyimi,1,1
22171,diləyimin,1,1
22172,diləyin,1,1
22173,diləyirsə,1,1
22174,diləyirəm,1,1
22175,diləyən,1,1
22176,diləyəsən,1,1
22177,dimağ,1,1
22178,dimaği,1,1
22179,dimdi,1,1
22180,dimdik,1,1
22181,dimdiyin,1,1
22182,dimimdən,1,1
22183,dinarsa,1,1
22184,dinarü,1,1
22185,dinarına,1,1
22186,dinarə,1,1
22187,dinc,1,1
22188,dincdi,1,1
22189,dincini,1,1
22190,dinclik,1,1
22191,dincəlmədik,1,1
22192,dincəlsin,1,1
22193,dincələk,1,1
22194,dincələndən,1,1
22195,dincələrdi,1,1
22196,dindarlar,1,1
22197,dindarları,1,1
22198,dindaşın,1,1
22199,dindimə,1,1
22200,dindirib,1,1
22201,dindirirlər,1,1
22202,dindirirsən,1,1
22203,dindirməsələr,1,1
22204,dindirrəm,1,1
22205,dindirə,1,1
22206,dinimdir,1,1
22207,dinimin,1,1
22208,dininin,1,1
22209,dininə,1,1
22210,dinlǝ,1,1
22211,dinləgil,1,1
22212,dinləməsən,1,1
22213,dinləməzmi,1,1
22214,dinlənir,1,1
22215,dinlərarası,1,1
22216,dinlərin,1,1
22217,dinlərlə,1,1
22218,dinləsən,1,1
22219,dinləyib,1,1
22220,dinləyir,1,1
22221,dinləyirdilər,1,1
22222,dinləyənin,1,1
22223,dinləyənlər,1,1
22224,dinmə,1,1
22225,dinməyib,1,1
22226,dinməzcə,1,1
22227,dinsiz,1,1
22228,dinsə,1,1
22229,dinəndə,1,1
22230,diot,1,1
22231,dipdiridir,1,1
22232,diqlərin,1,1
22233,diqqit,1,1
22234,diqqəti,1,1
22235,diqqətinə,1,1
22236,diqqәt,1,1
22237,dirhəmi,1,1
22238,dirhəmü,1,1
22239,diribaşsan,1,1
22240,diridir,1,1
22241,diridən,1,1
22242,dirikən,1,1
22243,dirildikcə,1,1
22244,dirildər,1,1
22245,dirilmərəm,1,1
22246,dirilə,1,1
22247,dirilər,1,1
22248,dirilərin,1,1
22249,dirimiz,1,1
22250,diriykən,1,1
22251,diriyə,1,1
22252,dirligim,1,1
22253,dirlik,1,1
22254,dirliyi,1,1
22255,dirrəndə,1,1
22256,dirsəklənib,1,1
22257,dirsəklənmişdi,1,1
22258,dirsəyilə,1,1
22259,dirəfşini,1,1
22260,dirəksən,1,1
22261,dirəm,1,1
22262,dirəndə,1,1
22263,dirəxşandı,1,1
22264,dirəyindən,1,1
22265,dirəşxandı,1,1
22266,diskomfort,1,1
22267,divandı,1,1
22268,divani,1,1
22269,divanisi,1,1
22270,divanlar,1,1
22271,divanları,1,1
22272,divanın,1,1
22273,divanının,1,1
22274,divanǝlǝr,1,1
22275,divanǝmizdir,1,1
22276,divanədi,1,1
22277,divanədən,1,1
22278,divanədəndir,1,1
22279,divanəsidir,1,1
22280,divanəsiyəm,1,1
22281,divanəsər,1,1
22282,divari,1,1
22283,divarinə,1,1
22284,divarla,1,1
22285,divarlar,1,1
22286,divarlərdə,1,1
22287,divarü,1,1
22288,divarın,1,1
22289,divarına,1,1
22290,divarında,1,1
22291,divdirsə,1,1
22292,divdən,1,1
22293,divin,1,1
22294,divlərdən,1,1
22295,divləri,1,1
22296,divlərin,1,1
22297,diyardır,1,1
22298,diyarına,1,1
22299,diyarından,1,1
22300,diyi,1,1
22301,diyişdi,1,1
22302,dizdən,1,1
22303,dizimi,1,1
22304,dizimə,1,1
22305,dizin,1,1
22306,dizində,1,1
22307,dizini,1,1
22308,dizinin,1,1
22309,dizlik,1,1
22310,dizliyi,1,1
22311,dizlərsə,1,1
22312,dişarısan,1,1
22313,dişdən,1,1
22314,dişim,1,1
22315,dişində,1,1
22316,dişinizdən,1,1
22317,dişinmi,1,1
22318,dişinə,1,1
22319,dişlemə,1,1
22320,dişlǝrin,1,1
22321,dişlə,1,1
22322,dişlədim,1,1
22323,dişlədimsə,1,1
22324,dişləmə,1,1
22325,dişləməmiş,1,1
22326,dişlər,1,1
22327,dişlərini,1,1
22328,dişlərivüzdür,1,1
22329,dişrə,1,1
22330,dişrəyə,1,1
22331,dişsiz,1,1
22332,dişvar,1,1
22333,dişü,1,1
22334,dodaqaltı,1,1
22335,dodaqdan,1,1
22336,dodaqdəyməzim,1,1
22337,dodaqdəyməzlərini,1,1
22338,dodaqlara,1,1
22339,dodaqları,1,1
22340,dodaqlarından,1,1
22341,dodaqlarının,1,1
22342,dodağlarında,1,1
22343,dodağlarınla,1,1
22344,dodağmda,1,1
22345,dodağıdır,1,1
22346,dodağım,1,1
22347,dodağına,1,1
22348,dodağında,1,1
22349,dodağınla,1,1
22350,dodağını,1,1
22351,dodağıyla,1,1
22352,dodağə,1,1
22353,dogul,1,1
22354,dolamışdı,1,1
22355,dolanan,1,1
22356,dolanaram,1,1
22357,dolanarlar,1,1
22358,dolanarsan,1,1
22359,dolandıra,1,1
22360,dolandırar,1,1
22361,dolandırardı,1,1
22362,dolandırmaxdan,1,1
22363,dolandırsın,1,1
22364,dolanma,1,1
22365,dolanmax,1,1
22366,dolanmazsan,1,1
22367,dolanmağın,1,1
22368,dolanmışda,1,1
22369,dolanmışdılar,1,1
22370,dolannam,1,1
22371,dolansam,1,1
22372,dolanıf,1,1
22373,dolanırdı,1,1
22374,dolanırıx,1,1
22375,dolaşarkən,1,1
22376,dolaşdırma,1,1
22377,dolaşdırmadır,1,1
22378,dolaşdırıb,1,1
22379,dolaşma,1,1
22380,dolaşıb,1,1
22381,dolaşıqlar,1,1
22382,dolduranda,1,1
22383,doldurandan,1,1
22384,dolduraraq,1,1
22385,doldurdular,1,1
22386,doldurduqda,1,1
22387,doldurun,1,1
22388,doldurur,1,1
22389,dollam,1,1
22390,dolmaları,1,1
22391,dolmamış,1,1
22392,dolubdur,1,1
22393,dolunca,1,1
22394,dolunsa,1,1
22395,dolur,1,1
22396,dolusu,1,1
22397,donar,1,1
22398,dondanım,1,1
22399,dondu,1,1
22400,dondərib,1,1
22401,donlara,1,1
22402,donquldandı,1,1
22403,donu,1,1
22404,donuna,1,1
22405,donunda,1,1
22406,donunla,1,1
22407,donuzdandır,1,1
22408,donüb,1,1
22409,donə,1,1
22410,dopdolu,1,1
22411,dopdulu,1,1
22412,doqquzdu,1,1
22413,doquz,1,1
22414,dostarı,1,1
22415,dostarımızdandır,1,1
22416,dostdarı,1,1
22417,dostdarın,1,1
22418,dostla,1,1
22419,dostlarıdır,1,1
22420,dostlarımı,1,1
22421,dostlarımın,1,1
22422,dostlarımız,1,1
22423,dostlarına,1,1
22424,dostlarınsa,1,1
22425,dostlarını,1,1
22426,dostluqlar,1,1
22427,dostluğa,1,1
22428,dostluğumuz,1,1
22429,dostluğunu,1,1
22430,dostoyevski,1,1
22431,dostoyevskisayağı,1,1
22432,dostsan,1,1
22433,dosttanışına,1,1
22434,dostudur,1,1
22435,dostuma,1,1
22436,dostundan,1,1
22437,dostunu,1,1
22438,dostunun,1,1
22439,dostü,1,1
22440,dovtələb,1,1
22441,doxsanı,1,1
22442,doyan,1,1
22443,doyar,1,1
22444,doydular,1,1
22445,doydurub,1,1
22446,doymadım,1,1
22447,doymanam,1,1
22448,doymayıb,1,1
22449,doymazdı,1,1
22450,doymuş,1,1
22451,doyubdu,1,1
22452,doyurarlar,1,1
22453,doğa,1,1
22454,doğacaq,1,1
22455,doğalı,1,1
22456,doğanın,1,1
22457,doğmaca,1,1
22458,doğmaq,1,1
22459,doğmasaydı,1,1
22460,doğmuşsa,1,1
22461,doğmuşuz,1,1
22462,doğra,1,1
22463,doğradı,1,1
22464,doğrama,1,1
22465,doğramasm,1,1
22466,doğramasından,1,1
22467,doğramış,1,1
22468,doğrana,1,1
22469,doğrandı,1,1
22470,doğraya,1,1
22471,doğri,1,1
22472,doğrugörən,1,1
22473,doğrular,1,1
22474,doğrulara,1,1
22475,doğruldub,1,1
22476,doğrulmur,1,1
22477,doğruluğu,1,1
22478,doğruya,1,1
22479,doğruyam,1,1
22480,doğruçu,1,1
22481,doğsa,1,1
22482,doğubsan,1,1
22483,doğuldum,1,1
22484,doğuldun,1,1
22485,doğulduqda,1,1
22486,doğulduğu,1,1
22487,doğulduğum,1,1
22488,doğulmamışam,1,1
22489,doğulmuş,1,1
22490,doğulmuşdur,1,1
22491,doğur,1,1
22492,doğurdan,1,1
22493,doğurdu,1,1
22494,doşabı,1,1
22495,drakrımın,1,1
22496,drakı,1,1
22497,draxdın,1,1
22498,drağarda,1,1
22499,dris,1,1
22500,driğa,1,1
22501,duadan,1,1
22502,duadən,1,1
22503,duaları,1,1
22504,dualər,1,1
22505,duam,1,1
22506,duasını,1,1
22507,duasıyla,1,1
22508,duayinə,1,1
22509,duaçınam,1,1
22510,dudimana,1,1
22511,dudinə,1,1
22512,dudumuz,1,1
22513,dudü,1,1
22514,dufikarım,1,1
22515,dum,1,1
22516,dumanlandır,1,1
22517,dundur,1,1
22518,dunyada,1,1
22519,dunyanı,1,1
22520,dunü,1,1
22521,durab,1,1
22522,duracaq,1,1
22523,duramaz,1,1
22524,duranda,1,1
22525,durandan,1,1
22526,duraq,1,1
22527,durarlar,1,1
22528,durarsam,1,1
22529,durarıq,1,1
22530,durduq,1,1
22531,durduğiçün,1,1
22532,durmamış,1,1
22533,durmaqdır,1,1
22534,durmasın,1,1
22535,durmayaraq,1,1
22536,durmaz,1,1
22537,durmazam,1,1
22538,durmağa,1,1
22539,durmuşlar,1,1
22540,durmuşsan,1,1
22541,durnadən,1,1
22542,dursa,1,1
22543,dursan,1,1
22544,durudur,1,1
22545,duruldu,1,1
22546,dururdu,1,1
22547,duruxdu,1,1
22548,duruşun,1,1
22549,duruşunnan,1,1
22550,durğurma,1,1
22551,durğuzulub,1,1
22552,dustan,1,1
22553,dustaqlara,1,1
22554,dustdən,1,1
22555,dustkam,1,1
22556,dustlər,1,1
22557,dustlərim,1,1
22558,dustun,1,1
22559,dustü,1,1
22560,dustə,1,1
22561,dutam,1,1
22562,dutaydum,1,1
22563,dutdum,1,1
22564,dutduğundur,1,1
22565,dutgil,1,1
22566,dutmaz,1,1
22567,dutmyşdyr,1,1
22568,dutub,1,1
22569,dutuldu,1,1
22570,dutuşdum,1,1
22571,duvaq,1,1
22572,duvağı,1,1
22573,duvağın,1,1
22574,duvağını,1,1
22575,duyan,1,1
22576,duyaq,1,1
22577,duyarlar,1,1
22578,duymanam,1,1
22579,duyulur,1,1
22580,duyur,1,1
22581,duyuram,1,1
22582,duyurkən,1,1
22583,duzağın,1,1
22584,duzlağa,1,1
22585,duzsuzdur,1,1
22586,duzu,1,1
22587,duzəxi,1,1
22588,duçar,1,1
22589,duşdun,1,1
22590,duşindən,1,1
22591,duşmənlərinin,1,1
22592,duşmәyib,1,1
22593,duşə,1,1
22594,dytar,1,1
22595,dögi,1,1
22596,dön,1,1
22597,döndükcə,1,1
22598,döndülər,1,1
22599,döndǝrmǝzǝm,1,1
22600,döndərdilər,1,1
22601,döndərdim,1,1
22602,döndəribdir,1,1
22603,döndərim,1,1
22604,döndərir,1,1
22605,döndərirsən,1,1
22606,döndərirəm,1,1
22607,döndərmişdir,1,1
22608,döndərmən,1,1
22609,döndərməsindən,1,1
22610,döndərməzəm,1,1
22611,döndərrəm,1,1
22612,döndərsəm,1,1
22613,döndərü,1,1
22614,döndərəm,1,1
22615,döndərəndə,1,1
22616,döndərəsən,1,1
22617,döniom,1,1
22618,dönmür,1,1
22619,dönmüşdür,1,1
22620,dönmǝgil,1,1
22621,dönmǝzǝm,1,1
22622,dönmə,1,1
22623,dönmədik,1,1
22624,dönməgim,1,1
22625,dönməzdir,1,1
22626,dönsə,1,1
22627,dönübən,1,1
22628,dönürdü,1,1
22629,dönürsünüz,1,1
22630,dönədönə,1,1
22631,dönək,1,1
22632,dönərmi,1,1
22633,dönərsən,1,1
22634,dördayaqlıdan,1,1
22635,dördboyunluq,1,1
22636,dörddoğan,1,1
22637,dörddürsə,1,1
22638,dörduncü,1,1
22639,dördün,1,1
22640,dördüncüsünü,1,1
22641,dördünü,1,1
22642,dövlǝt,1,1
22643,dövlǝtli,1,1
22644,dövlətimi,1,1
22645,dövlətini,1,1
22646,dövlətinin,1,1
22647,dövlətinlə,1,1
22648,dövlətinə,1,1
22649,dövlətligün,1,1
22650,dövlətlilərin,1,1
22651,dövlətlə,1,1
22652,dövlətlər,1,1
22653,dövlətlərə,1,1
22654,dövlətmənd,1,1
22655,dövlətsiz,1,1
22656,dövlətxanadan,1,1
22657,dövrandır,1,1
22658,dövranları,1,1
22659,dövranımdır,1,1
22660,dövranını,1,1
22661,dövrində,1,1
22662,dövrlən,1,1
22663,dövrlər,1,1
22664,dövrlərdə,1,1
22665,dövrüdür,1,1
22666,dövrün,1,1
22667,dövrədə,1,1
22668,dövrəndə,1,1
22669,dövrənə,1,1
22670,döydüyü,1,1
22671,döyləti,1,1
22672,döyməkdən,1,1
22673,döysə,1,1
22674,döysən,1,1
22675,döyüdü,1,1
22676,döyülmüş,1,1
22677,döyülsün,1,1
22678,döyülsənmi,1,1
22679,döyülüb,1,1
22680,döyülür,1,1
22681,döyüləm,1,1
22682,döyüləndə,1,1
22683,döyünür,1,1
22684,döyürdü,1,1
22685,döyüş,1,1
22686,döyüşdürürdülər,1,1
22687,döyüşməkdən,1,1
22688,döyüşməyə,1,1
22689,döyüşürsünüz,1,1
22690,döyüşərkən,1,1
22691,döyənək,1,1
22692,döyəsən,1,1
22693,döz,1,1
22694,dözdü,1,1
22695,dözmǝz,1,1
22696,dözməyib,1,1
22697,dözməyim,1,1
22698,dözməz,1,1
22699,dözümdəsə,1,1
22700,dözümlülükdən,1,1
22701,dözə,1,1
22702,dözərək,1,1
22703,döş,1,1
22704,döşlüyü,1,1
22705,döşləri,1,1
22706,döşu,1,1
22707,döşün,1,1
22708,döşündən,1,1
22709,döşünə,1,1
22710,döşürsəm,1,1
22711,döşǝdi,1,1
22712,döşədir,1,1
22713,döşəklər,1,1
22714,döşəndi,1,1
22715,döşənib,1,1
22716,döşəsin,1,1
22717,döşətdi,1,1
22718,döşəyim,1,1
22719,düalər,1,1
22720,dügüylə,1,1
22721,düha,1,1
22722,düjün,1,1
22723,dükanda,1,1
22724,dükandır,1,1
22725,dükanə,1,1
22726,dükkani,1,1
22727,dükkanı,1,1
22728,düldül,1,1
22729,dülgüşa,1,1
22730,düma,1,1
22731,dümağ,1,1
22732,dümsüklədi,1,1
22733,dünbeyi,1,1
22734,dünbündə,1,1
22735,dünyadakı,1,1
22736,dünyadavü,1,1
22737,dünyadır,1,1
22738,dünyadǝn,1,1
22739,dünyaların,1,1
22740,dünyanu,1,1
22741,dünyanının,1,1
22742,dünyapərəst,1,1
22743,dünyasına,1,1
22744,dünyasından,1,1
22745,dünyavi,1,1
22746,dünyayavü,1,1
22747,dünyayaə,1,1
22748,dünyayədir,1,1
22749,dünyǝdǝ,1,1
22750,dünyǝyi,1,1
22751,dünyəvü,1,1
22752,dünüm,1,1
22753,dürc,1,1
22754,dürcdür,1,1
22755,dürcdən,1,1
22756,dürcümidir,1,1
22757,dürcünü,1,1
22758,dürcə,1,1
22759,dürdan,1,1
22760,dürdaneyi,1,1
22761,dürdanǝmizdir,1,1
22762,dürdanədə,1,1
22763,dürdanədən,1,1
22764,dürdanədəndir,1,1
22765,dürdanələri,1,1
22766,dürdanəsi,1,1
22767,dürdanəsən,1,1
22768,dürdanəyi,1,1
22769,dürdanəyə,1,1
22770,dürdkəşlər,1,1
22771,dürdvəş,1,1
22772,dürdüm,1,1
22773,dürfəşan,1,1
22774,dürişt,1,1
22775,dürrüm,1,1
22776,dürrün,1,1
22777,dürrünü,1,1
22778,dürü,1,1
22779,dürüm,1,1
22780,dürün,1,1
22781,dürüstdür,1,1
22782,dürüş,1,1
22783,dürüşündan,1,1
22784,dürəfşan,1,1
22785,dürəfşanım,1,1
22786,dürəfşanınca,1,1
22787,dürəfşanını,1,1
22788,düstur,1,1
22789,düta,1,1
22790,dütadən,1,1
22791,dütasının,1,1
22792,dütayinə,1,1
22793,düxtəri,1,1
22794,düyanı,1,1
22795,düyməli,1,1
22796,düymələnib,1,1
22797,düymələnibdi,1,1
22798,düymələyəndən,1,1
22799,düyməsi,1,1
22800,düyməsini,1,1
22801,düyçəsi,1,1
22802,düyüb,1,1
22803,düyüdü,1,1
22804,düyümlü,1,1
22805,düyümləndi,1,1
22806,düyündən,1,1
22807,düyünlərəm,1,1
22808,düyününü,1,1
22809,düyüyə,1,1
22810,düyədən,1,1
22811,düzbədüz,1,1
22812,düzd,1,1
22813,düzdi,1,1
22814,düzdüm,1,1
22815,düzdürdü,1,1
22816,düzdürüb,1,1
22817,düzdürərəm,1,1
22818,düzdənsin,1,1
22819,düzgündü,1,1
22820,düzgünlərini,1,1
22821,düzlüyü,1,1
22822,düzlərdə,1,1
22823,düzmüşdü,1,1
22824,düzmüşsən,1,1
22825,düzmə,1,1
22826,düzmədi,1,1
22827,düzməkdə,1,1
22828,düzübdü,1,1
22829,düzübdür,1,1
22830,düzülmüş,1,1
22831,düzülmüşdür,1,1
22832,düzülür,1,1
22833,düzüləcəkdi,1,1
22834,düzümü,1,1
22835,düzə,1,1
22836,düzəldif,1,1
22837,düzəldirlər,1,1
22838,düzəldirəm,1,1
22839,düzəldərdi,1,1
22840,düzəldərsən,1,1
22841,düzəldərəm,1,1
22842,düzəlmir,1,1
22843,düzəlmədi,1,1
22844,düzəlməmişdi,1,1
22845,düzəlməyib,1,1
22846,düzəltdirdi,1,1
22847,düzəltdiyinə,1,1
22848,düzəltmişəm,1,1
22849,düzəltməsin,1,1
22850,düzəltsin,1,1
22851,düzəltsə,1,1
22852,düzəltsəm,1,1
22853,düzələn,1,1
22854,düzələnnən,1,1
22855,düzələnə,1,1
22856,düzələr,1,1
22857,düzələsi,1,1
22858,düzəm,1,1
22859,düzənləri,1,1
22860,düzərlər,1,1
22861,düzərəm,1,1
22862,düşdisə,1,1
22863,düşdu,1,1
22864,düşdükcə,1,1
22865,düşdünmü,1,1
22866,düşdüsə,1,1
22867,düşdüyü,1,1
22868,düşdüyündən,1,1
22869,düşgü,1,1
22870,düşgünüyəm,1,1
22871,düşkünü,1,1
22872,düşmani,1,1
22873,düşmanla,1,1
22874,düşmançılıq,1,1
22875,düşmanım,1,1
22876,düşmanıma,1,1
22877,düşmanımızdır,1,1
22878,düşmoyə,1,1
22879,düşmür,1,1
22880,düşmürmü,1,1
22881,düşmürəm,1,1
22882,düşmüsən,1,1
22883,düşmüşdüm,1,1
22884,düşmüşdün,1,1
22885,düşmüşüz,1,1
22886,düşmǝnlǝrin,1,1
22887,düşmədən,1,1
22888,düşməklərindən,1,1
22889,düşməmişdir,1,1
22890,düşməmişəm,1,1
22891,düşməndi,1,1
22892,düşmənkamü,1,1
22893,düşmənliyi,1,1
22894,düşmənləri,1,1
22895,düşmənlərindəndi,1,1
22896,düşmənlərsə,1,1
22897,düşməsəydi,1,1
22898,düşməyir,1,1
22899,düşməyəcəm,1,1
22900,düşməyəcəyik,1,1
22901,düşməyəzsən,1,1
22902,düşməzdi,1,1
22903,düşməzləri,1,1
22904,düşməzəm,1,1
22905,düşnam,1,1
22906,düşsǝ,1,1
22907,düşsəm,1,1
22908,düşübdü,1,1
22909,düşübsə,1,1
22910,düşülərdi,1,1
22911,düşüncədə,1,1
22912,düşüncələr,1,1
22913,düşündüm,1,1
22914,düşündürür,1,1
22915,düşünmə,1,1
22916,düşünməz,1,1
22917,düşürdüm,1,1
22918,düşürdün,1,1
22919,düşürgil,1,1
22920,düşürmüş,1,1
22921,düşürən,1,1
22922,düşğünən,1,1
22923,düşənbə,1,1
22924,düşənbəni,1,1
22925,düşənbəyədək,1,1
22926,düşəni,1,1
22927,düşənin,1,1
22928,düşənlər,1,1
22929,düşərgə,1,1
22930,düşəri,1,1
22931,düşərək,1,1
22932,düşərəsn,1,1
22933,düşərəsən,1,1
22934,düşəsiniz,1,1
22935,düşəsən,1,1
22936,düşəydi,1,1
22937,dı,1,1
22938,dınqılladıram,1,1
22939,dınqılladırsan,1,1
22940,dır,1,1
22941,dırmaşma,1,1
22942,dırnağa,1,1
22943,dırnağını,1,1
22944,dızıxdılar,1,1
22945,dığalar,1,1
22946,dışarı,1,1
22947,dışradan,1,1
22948,dışraya,1,1
22949,dǝftǝrinǝ,1,1
22950,dǝftǝrlǝ,1,1
22951,dǝhani,1,1
22952,dǝhanın,1,1
22953,dǝhr,1,1
22954,dǝhri,1,1
22955,dǝhǝnsǝn,1,1
22956,dǝmbǝdǝm,1,1
22957,dǝmindǝn,1,1
22958,dǝndan,1,1
22959,dǝndanǝlǝr,1,1
22960,dǝnidǝn,1,1
22961,dǝrban,1,1
22962,dǝrbanım,1,1
22963,dǝrbǝdǝrdir,1,1
22964,dǝrdini,1,1
22965,dǝrdinǝ,1,1
22966,dǝrdmǝnd,1,1
22967,dǝrgǝhi,1,1
22968,dǝrmani,1,1
22969,dǝrmanı,1,1
22970,dǝrmanım,1,1
22971,dǝrunü,1,1
22972,dǝryayi,1,1
22973,dǝstar,1,1
22974,dǝstarın,1,1
22975,dǝstgir,1,1
22976,dǝstinǝ,1,1
22977,dǝstü,1,1
22978,dǝviyi,1,1
22979,dǝymǝyǝ,1,1
22980,dǝşti,1,1
22981,dəbdəbəli,1,1
22982,dəbi,1,1
22983,dəbilqə,1,1
22984,dəbir,1,1
22985,dəbirim,1,1
22986,dəbirsən,1,1
22987,dəbirəm,1,1
22988,dəbistanı,1,1
22989,dəbistanım,1,1
22990,dəccaldır,1,1
22991,dəccalın,1,1
22992,dəclələr,1,1
22993,dəclənin,1,1
22994,dəclətək,1,1
22995,dəcləylə,1,1
22996,dəd,1,1
22997,dədem,1,1
22998,dədəmin,1,1
22999,dədənin,1,1
23000,dədəsi,1,1
23001,dədəsinin,1,1
23002,dəfdə,1,1
23003,dəfdən,1,1
23004,dəfeyi,1,1
23005,dəfinələr,1,1
23006,dəfnim,1,1
23007,dəfnü,1,1
23008,dəfsə,1,1
23009,dəftərdi,1,1
23010,dəftərdir,1,1
23011,dəftərdən,1,1
23012,dəfu,1,1
23013,dəfvuran,1,1
23014,dəfələrlə,1,1
23015,dəfəydi,1,1
23016,dəgib,1,1
23017,dəgil,1,1
23018,dəgməniz,1,1
23019,dəgməsi,1,1
23020,dəgməz,1,1
23021,dəgşirməz,1,1
23022,dəhana,1,1
23023,dəhanda,1,1
23024,dəhanində,1,1
23025,dəhanında,1,1
23026,dəhanınla,1,1
23027,dəhanını,1,1
23028,dəhi,1,1
23029,dəhnin,1,1
23030,dəhrdir,1,1
23031,dəhru,1,1
23032,dəhrü,1,1
23033,dəhrəvari,1,1
23034,dəhyeki,1,1
23035,dəhşət,1,1
23036,dəhən,1,1
23037,dəhəndən,1,1
23038,dəhənə,1,1
23039,dək,1,1
23040,dəklü,1,1
23041,dəlail,1,1
23042,dəlalət,1,1
23043,dəlalətdi,1,1
23044,dəldim,1,1
23045,dəlidağ,1,1
23046,dəlidir,1,1
23047,dəlidən,1,1
23048,dəlikdən,1,1
23049,dəlilü,1,1
23050,dəlilərdən,1,1
23051,dəlilərlə,1,1
23052,dəlindi,1,1
23053,dəlindən,1,1
23054,dəlini,1,1
23055,dəlinin,1,1
23056,dəlinir,1,1
23057,dəlisovluğu,1,1
23058,dəllak,1,1
23059,dəllakə,1,1
23060,dəllə,1,1
23061,dəlq,1,1
23062,dəlür,1,1
23063,dələ,1,1
23064,dələn,1,1
23065,dələsən,1,1
23066,dəmağı,1,1
23067,dəmağında,1,1
23068,dəmbədəmdən,1,1
23069,dəmdir,1,1
23070,dəmdürür,1,1
23071,dəmidir,1,1
23072,dəmim,1,1
23073,dəmində,1,1
23074,dəmirdənayrıldı,1,1
23075,dəmiri,1,1
23076,dəmirini,1,1
23077,dəmirçidamlı,1,1
23078,dəmirçidamında,1,1
23079,dəmisən,1,1
23080,dəmləri,1,1
23081,dəmət,1,1
23082,dəndandır,1,1
23083,dəndanmıdır,1,1
23084,dəndanı,1,1
23085,dəndanına,1,1
23086,dəndən,1,1
23087,dəngi,1,1
23088,dənginə,1,1
23089,dənilər,1,1
23090,dənindən,1,1
23091,dəninə,1,1
23092,dəniylə,1,1
23093,dənizinin,1,1
23094,dənizlərinin,1,1
23095,dənizsən,1,1
23096,dənler,1,1
23097,dənlənib,1,1
23098,dənəmi,1,1
23099,dənəsən,1,1
23100,dəprəndi,1,1
23101,dəprətmə,1,1
23102,dəprətməyə,1,1
23103,dəqayiq,1,1
23104,dəqayiqdən,1,1
23105,dəqiq,1,1
23106,dəqiqədə,1,1
23107,dərbanıdır,1,1
23108,dərbədər,1,1
23109,dərbədəri,1,1
23110,dərbənd,1,1
23111,dərbəndi,1,1
23112,dərbəstə,1,1
23113,dərdbilməz,1,1
23114,dərdbilməzdən,1,1
23115,dərddi,1,1
23116,dərddir,1,1
23117,dərddə,1,1
23118,dərddəşdilər,1,1
23119,dərdidir,1,1
23120,dərdilər,1,1
23121,dərdimdə,1,1
23122,dərdimizdir,1,1
23123,dərdimizi,1,1
23124,dərdimizə,1,1
23125,dərdimlə,1,1
23126,dərdiməndi,1,1
23127,dərdindir,1,1
23128,dərdində,1,1
23129,dərdinimi,1,1
23130,dərdinlə,1,1
23131,dərdinnən,1,1
23132,dərdlidir,1,1
23133,dərdlilərin,1,1
23134,dərdliyə,1,1
23135,dərdliyəm,1,1
23136,dərdlər,1,1
23137,dərdləri,1,1
23138,dərdlərimə,1,1
23139,dərdlərin,1,1
23140,dərdlərinə,1,1
23141,dərdməndlər,1,1
23142,dərdməndəm,1,1
23143,dərdnak,1,1
23144,dərdsizdən,1,1
23145,dərdsən,1,1
23146,dərdu,1,1
23147,dərdədir,1,1
23148,dərdən,1,1
23149,dərgahdən,1,1
23150,dərgahin,1,1
23151,dərgahində,1,1
23152,dərgahınızda,1,1
23153,dərgohi,1,1
23154,dərgəha,1,1
23155,dərgəhdə,1,1
23156,dərgəhindən,1,1
23157,dərgəhindəndir,1,1
23158,dərgəhinə,1,1
23159,dərgəhlərinin,1,1
23160,dərhi,1,1
23161,dərhəmdir,1,1
23162,dərib,1,1
23163,dərilin,1,1
23164,dərilməz,1,1
23165,dərilərini,1,1
23166,dərimə,1,1
23167,dərindi,1,1
23168,dərir,1,1
23169,dərirəm,1,1
23170,dərisin,1,1
23171,dərisində,1,1
23172,dərisini,1,1
23173,dərisinə,1,1
23174,dərkar,1,1
23175,dərkdir,1,1
23176,dərmandır,1,1
23177,dərmansan,1,1
23178,dərmansızdır,1,1
23179,dərmansızlara,1,1
23180,dərmanıdır,1,1
23181,dərmanındadır,1,1
23182,dərmanıyam,1,1
23183,dərmiyani,1,1
23184,dərməni,1,1
23185,dərrakəmin,1,1
23186,dərrakəsi,1,1
23187,dərsdir,1,1
23188,dərsdə,1,1
23189,dərsdən,1,1
23190,dərun,1,1
23191,dəruni,1,1
23192,dərunumdur,1,1
23193,dərunü,1,1
23194,dərunə,1,1
23195,dərvazə,1,1
23196,dərvişdi,1,1
23197,dərvişdə,1,1
23198,dərvişdəki,1,1
23199,dərvişdən,1,1
23200,dərvişdərin,1,1
23201,dərvişi,1,1
23202,dərvişin,1,1
23203,dərvişlik,1,1
23204,dərvişliyə,1,1
23205,dərvişlə,1,1
23206,dərvişlər,1,1
23207,dərvişsayaq,1,1
23208,dərvişsən,1,1
23209,dərvişü,1,1
23210,dəryada,1,1
23211,dəryadil,1,1
23212,dəryalara,1,1
23213,dəryaları,1,1
23214,dəryaların,1,1
23215,dəryani,1,1
23216,dəryasından,1,1
23217,dərzaman,1,1
23218,dərzini,1,1
23219,dərzəman,1,1
23220,dərəbəylik,1,1
23221,dərəbəylikdir,1,1
23222,dərələyəzdən,1,1
23223,dərələyəzin,1,1
23224,dərəm,1,1
23225,dərəndə,1,1
23226,dərərsən,1,1
23227,dərəsindən,1,1
23228,dərəsinin,1,1
23229,dərəsən,1,1
23230,dəsmalın,1,1
23231,dəsmalını,1,1
23232,dəst,1,1
23233,dəstamaz,1,1
23234,dəstanım,1,1
23235,dəstaviz,1,1
23236,dəstbusi,1,1
23237,dəstgahın,1,1
23238,dəstgir,1,1
23239,dəstimdə,1,1
23240,dəstimdən,1,1
23241,dəstin,1,1
23242,dəstmalın,1,1
23243,dəstmalə,1,1
23244,dəstur,1,1
23245,dəstü,1,1
23246,dəstəbədəstə,1,1
23247,dəstədən,1,1
23248,dəstələrinin,1,1
23249,dəstəm,1,1
23250,dəstəmazı,1,1
23251,dəstəmazım,1,1
23252,dəstərxanın,1,1
23253,dəstəsidi,1,1
23254,dəstəsində,1,1
23255,dəstəsini,1,1
23256,dəstəsinə,1,1
23257,dəstəsiylə,1,1
23258,dəstəyə,1,1
23259,dəstеyi,1,1
23260,dəvab,1,1
23261,dəvadən,1,1
23262,dəvan,1,1
23263,dəvanı,1,1
23264,dəvasi,1,1
23265,dəvasın,1,1
23266,dəvasından,1,1
23267,dəvatımın,1,1
23268,dəvatısa,1,1
23269,dəvayinə,1,1
23270,dəvayə,1,1
23271,dəvi,1,1
23272,dəviyi,1,1
23273,dəvü,1,1
23274,dəvədir,1,1
23275,dəvəm,1,1
23276,dəvətlər,1,1
23277,dəvətək,1,1
23278,dəwar,1,1
23279,dəxil,1,1
23280,dəxildir,1,1
23281,dəyanət,1,1
23282,dəycək,1,1
23283,dəydikdə,1,1
23284,dəydin,1,1
23285,dəydiyini,1,1
23286,dəyibsə,1,1
23287,dəyinən,1,1
23288,dəyirmandı,1,1
23289,dəyirmannan,1,1
23290,dəyirmançılar,1,1
23291,dəyirmanım,1,1
23292,dəyirmanının,1,1
23293,dəyişcək,1,1
23294,dəyişdirib,1,1
23295,dəyişdirim,1,1
23296,dəyişdirirlər,1,1
23297,dəyişikliklər,1,1
23298,dəyişildi,1,1
23299,dəyişilifdi,1,1
23300,dəyişir,1,1
23301,dəyişirsən,1,1
23302,dəyişkənliyini,1,1
23303,dəyişsin,1,1
23304,dəyişsələr,1,1
23305,dəyişəcəyəm,1,1
23306,dəyişər,1,1
23307,dəymişdi,1,1
23308,dəymişdir,1,1
23309,dəymişmi,1,1
23310,dəymə,1,1
23311,dəyməməsi,1,1
23312,dəyməsə,1,1
23313,dəyməzdi,1,1
23314,dəysin,1,1
23315,dəyəm,1,1
23316,dəyəni,1,1
23317,dəyənlər,1,1
23318,dəyəri,1,1
23319,dəyərin,1,1
23320,dəyərli,1,1
23321,dəyərlər,1,1
23322,dəyərləri,1,1
23323,dəyərlərini,1,1
23324,dəyərsiz,1,1
23325,dəyərsə,1,1
23326,dəyəsi,1,1
23327,dəzgahına,1,1
23328,dəğa,1,1
23329,dəğadır,1,1
23330,dəğar,1,1
23331,dəğmə,1,1
23332,dəğəl,1,1
23333,dəğəldir,1,1
23334,dəşnə,1,1
23335,dəşnəni,1,1
23336,dəştidə,1,1
23337,dəştinə,1,1
23338,dəştü,1,1
23339,dеdikləri,1,1
23340,dеdiklərini,1,1
23341,dеdiklərinin,1,1
23342,dеdiklərinə,1,1
23343,dеdirtdilər,1,1
23344,dеdiyindən,1,1
23345,dеmirdilər,1,1
23346,dеmiyibsən,1,1
23347,dеmiyəm,1,1
23348,dеmiş,1,1
23349,dеmədimmi,1,1
23350,dеmədin,1,1
23351,dеmədiyin,1,1
23352,dеməkdir,1,1
23353,dеməklə,1,1
23354,dеməknən,1,1
23355,dеməliyəm,1,1
23356,dеməmişdi,1,1
23357,dеməmişəm,1,1
23358,dеmərəm,1,1
23359,dеməynən,1,1
23360,dеməzsə,1,1
23361,dеnən,1,1
23362,dеrlər,1,1
23363,dеsək,1,1
23364,dеsəydi,1,1
23365,dеvran,1,1
23366,dеyibdir,1,1
23367,dеyibsənmi,1,1
23368,dеyilir,1,1
23369,dеyilmiş,1,1
23370,dеyilsə,1,1
23371,dеyilən,1,1
23372,dеyilər,1,1
23373,dеyini,1,1
23374,dеyirdim,1,1
23375,dеyirsiniz,1,1
23376,dеyişir,1,1
23377,dеyişək,1,1
23378,dеyəcəkdir,1,1
23379,dеyəcəksən,1,1
23380,dеyəcəksənsə,1,1
23381,dеyəllər,1,1
23382,dеyəni,1,1
23383,dеyənə,1,1
23384,dеyərldər,1,1
23385,dеyərsən,1,1
23386,dеyərsənmi,1,1
23387,dеyəydim,1,1
23388,dеyəydin,1,1
23389,dеyеy,1,1
23390,dеşdi,1,1
23391,dеşib,1,1
23392,dоdaq,1,1
23393,dоdaqları,1,1
23394,dоlanmış,1,1
23395,dоlanıb,1,1
23396,dоlanım,1,1
23397,dоldur,1,1
23398,dоpdоlu,1,1
23399,dоstlar,1,1
23400,dоstluq,1,1
23401,dоstun,1,1
23402,dоğmuş,1,1
23403,dәrsi,1,1
23404,dәvә,1,1
23405,dәxi,1,1
23406,dәydi,1,1
23407,ebcəd,1,1
23408,ebrulerinin,1,1
23409,ecazsüxən,1,1
23410,ecazında,1,1
23411,ecazını,1,1
23412,ed,1,1
23413,eder,1,1
23414,edibdü,1,1
23415,ediblər,1,1
23416,edibsiz,1,1
23417,edici,1,1
23418,edicək,1,1
23419,edilir,1,1
23420,edillə,1,1
23421,edilmədi,1,1
23422,edilməsini,1,1
23423,ediləndə,1,1
23424,edilərək,1,1
23425,edindi,1,1
23426,edirdik,1,1
23427,edirdim,1,1
23428,edirik,1,1
23429,ediriksə,1,1
23430,edirlərsə,1,1
23431,edirsen,1,1
23432,edirsiniz,1,1
23433,edl,1,1
23434,edübǝn,1,1
23435,edübəm,1,1
23436,edǝndǝ,1,1
23437,edǝndǝn,1,1
23438,edǝnlǝr,1,1
23439,edǝrkǝn,1,1
23440,edǝrsǝn,1,1
23441,edǝyim,1,1
23442,edəcək,1,1
23443,edəcəyəm,1,1
23444,edəllər,1,1
23445,edəməm,1,1
23446,edəməz,1,1
23447,edənden,1,1
23448,edəndir,1,1
23449,edəndən,1,1
23450,edərdimmi,1,1
23451,edərdin,1,1
23452,edərik,1,1
23453,edərlərdi,1,1
23454,edərsiz,1,1
23455,edərü,1,1
23456,edəsiz,1,1
23457,edəyin,1,1
23458,edәn,1,1
23459,edәnin,1,1
23460,edәrdim,1,1
23461,efeeldi,1,1
23462,efiakə,1,1
23463,efzəldir,1,1
23464,eger,1,1
23465,ehkamü,1,1
23466,ehmalin,1,1
23467,ehmalsız,1,1
23468,ehraminə,1,1
23469,ehramına,1,1
23470,ehsana,1,1
23471,ehsanda,1,1
23472,ehsandan,1,1
23473,ehsanin,1,1
23474,ehsanlara,1,1
23475,ehsanımız,1,1
23476,ehsanına,1,1
23477,ehsanınam,1,1
23478,ehtiqadmdan,1,1
23479,ehtiramdə,1,1
23480,ehtiramımız,1,1
23481,ehtiramın,1,1
23482,ehtirası,1,1
23483,ehtivar,1,1
23484,ehtiyaci,1,1
23485,ehtiyacü,1,1
23486,ehtiyacı,1,1
23487,ehtişamı,1,1
23488,ehzaninəm,1,1
23489,ehzanıma,1,1
23490,ei,1,1
23491,eimə,1,1
23492,ekiz,1,1
23493,ekoya,1,1
23494,ekskursu,1,1
23495,ela,1,1
23496,elaman,1,1
23497,elbət,1,1
23498,eldar,1,1
23499,eldarda,1,1
23500,eldarın,1,1
23501,eldədi,1,1
23502,eledi,1,1
23503,elekberovdan,1,1
23504,elesin,1,1
23505,eleyibler,1,1
23506,elhanım,1,1
23507,elif,1,1
23508,elimin,1,1
23509,elimə,1,1
23510,elin,1,1
23511,elindǝ,1,1
23512,elindǝn,1,1
23513,elini,1,1
23514,elinin,1,1
23515,eliyir,1,1
23516,eliyirsən,1,1
23517,eliyəjəhmi,1,1
23518,eliyən,1,1
23519,eliyər,1,1
23520,eliyərdilər,1,1
23521,eliyərəm,1,1
23522,ellərdən,1,1
23523,ellərinə,1,1
23524,ellərə,1,1
23525,elləzallar,1,1
23526,elləzallardan,1,1
23527,elləzalların,1,1
23528,elmdi,1,1
23529,elmidir,1,1
23530,elmilə,1,1
23531,elmimdə,1,1
23532,elmimi,1,1
23533,elmlərdən,1,1
23534,elməddin,1,1
23535,elsiz,1,1
23536,elyəmiş,1,1
23537,elçi,1,1
23538,elçiyə,1,1
23539,eləcə,1,1
23540,elədikcə,1,1
23541,elədikləri,1,1
23542,elədiniz,1,1
23543,elədiyi,1,1
23544,elədiyin,1,1
23545,elələri,1,1
23546,eləmiş,1,1
23547,eləmişəm,1,1
23548,eləmədi,1,1
23549,eləmədilər,1,1
23550,eləmədin,1,1
23551,eləməkçin,1,1
23552,eləməsi,1,1
23553,eləməsin,1,1
23554,eləməsini,1,1
23555,eləməyə,1,1
23556,elərdim,1,1
23557,eləsi,1,1
23558,eləsinlər,1,1
23559,eləsün,1,1
23560,eləsəm,1,1
23561,eləsəniz,1,1
23562,elətdirdi,1,1
23563,elətdirdilər,1,1
23564,eləyibdir,1,1
23565,eləyirmiş,1,1
23566,eləyəndən,1,1
23567,eləyərdi,1,1
23568,eləyərsən,1,1
23569,eləyəsi,1,1
23570,eləyəsiniz,1,1
23571,eləyəsən,1,1
23572,elәmәz,1,1
23573,elәsin,1,1
23574,elәyibdir,1,1
23575,elәyir,1,1
23576,emin,1,1
23577,emiş,1,1
23578,endamlı,1,1
23579,endilər,1,1
23580,endimə,1,1
23581,endirmədi,1,1
23582,endirməyə,1,1
23583,endirməyən,1,1
23584,endirməz,1,1
23585,endirə,1,1
23586,endirən,1,1
23587,endirər,1,1
23588,endiyini,1,1
23589,eniş,1,1
23590,enişi,1,1
23591,enli,1,1
23592,enmədim,1,1
23593,enqa,1,1
23594,ensə,1,1
23595,enərsən,1,1
23596,erkəc,1,1
23597,erkən,1,1
23598,ermənilərnən,1,1
23599,ermənimüsurman,1,1
23600,ertə,1,1
23601,esirgəmem,1,1
23602,esrarinə,1,1
23603,etdigi,1,1
23604,etdikcə,1,1
23605,etdinsə,1,1
23606,etdir,1,1
23607,etdirən,1,1
23608,etdirərək,1,1
23609,etdisə,1,1
23610,etdiyimin,1,1
23611,etdiyin,1,1
23612,etdiyinə,1,1
23613,etdiz,1,1
23614,etgil,1,1
23615,etib,1,1
23616,etibanmı,1,1
23617,etibarin,1,1
23618,etibarsızdır,1,1
23619,etibarü,1,1
23620,etibarın,1,1
23621,etibarını,1,1
23622,etibarə,1,1
23623,etidal,1,1
23624,etidali,1,1
23625,etidalə,1,1
23626,etiqadi,1,1
23627,etiqadin,1,1
23628,etiqadla,1,1
23629,etiqadı,1,1
23630,etirazın,1,1
23631,etirazından,1,1
23632,etmek,1,1
23633,etmirəm,1,1
23634,etmisәn,1,1
23635,etmişik,1,1
23636,etmişiz,1,1
23637,etmişmi,1,1
23638,etmişsən,1,1
23639,etmişǝm,1,1
23640,etmǝdi,1,1
23641,etmǝkliyǝ,1,1
23642,etmǝsün,1,1
23643,etmǝyǝ,1,1
23644,etmədiyin,1,1
23645,etməkdir,1,1
23646,etməklik,1,1
23647,etməkmi,1,1
23648,etməkçün,1,1
23649,etməliykən,1,1
23650,etməmisən,1,1
23651,etməmişəm,1,1
23652,etmənəm,1,1
23653,etməsinlər,1,1
23654,etməsələr,1,1
23655,etməsən,1,1
23656,etməyim,1,1
23657,etməyimdən,1,1
23658,etməyimmi,1,1
23659,etməyir,1,1
23660,etməzdim,1,1
23661,etməzlərsə,1,1
23662,etməzsə,1,1
23663,etmәyib,1,1
23664,etri,1,1
23665,etsinlər,1,1
23666,etsǝ,1,1
23667,etsǝm,1,1
23668,ettarəm,1,1
23669,evdəki,1,1
23670,evezinde,1,1
23671,evim,1,1
23672,evimin,1,1
23673,evimə,1,1
23674,evindǝ,1,1
23675,evladi,1,1
23676,evladı,1,1
23677,evləndi,1,1
23678,evləndirəmk,1,1
23679,evlərdə,1,1
23680,eybilǝ,1,1
23681,eybü,1,1
23682,eybəcər,1,1
23683,eydin,1,1
23684,eydinǝ,1,1
23685,eydinə,1,1
23686,eydəyən,1,1
23687,eyin,1,1
23688,eyleməzəm,1,1
23689,eyleyər,1,1
23690,eylik,1,1
23691,eylin,1,1
23692,eylǝmişdir,1,1
23693,eylǝmǝkdǝ,1,1
23694,eylǝmǝn,1,1
23695,eylǝrǝm,1,1
23696,eylǝsin,1,1
23697,eylǝsǝ,1,1
23698,eylǝyib,1,1
23699,eylǝyǝ,1,1
23700,eyləd,1,1
23701,eylədikdə,1,1
23702,eylədikçə,1,1
23703,eylədir,1,1
23704,eylədisə,1,1
23705,eylədiyi,1,1
23706,eylədiyim,1,1
23707,eyləmez,1,1
23708,eyləmisən,1,1
23709,eyləmişik,1,1
23710,eyləmyən,1,1
23711,eyləmədik,1,1
23712,eyləmən,1,1
23713,eyləməsə,1,1
23714,eyləməyim,1,1
23715,eyləməyin,1,1
23716,eyləməyə,1,1
23717,eyləməyən,1,1
23718,eyləməzdi,1,1
23719,eyləməzlər,1,1
23720,eylərdim,1,1
23721,eylərim,1,1
23722,eyləriz,1,1
23723,eylərsiz,1,1
23724,eylərsə,1,1
23725,eylərü,1,1
23726,eyləse,1,1
23727,eyləsinlər,1,1
23728,eyləsün,1,1
23729,eyləsəydi,1,1
23730,eyləyi,1,1
23731,eyləyibdir,1,1
23732,eyləyibmiş,1,1
23733,eyləyin,1,1
23734,eyləyirik,1,1
23735,eyləyəcəkdir,1,1
23736,eyləyəlim,1,1
23737,eyləyəndə,1,1
23738,eyləyənin,1,1
23739,eyləyənə,1,1
23740,eyləyərsə,1,1
23741,eyləyərsən,1,1
23742,eylәmәsin,1,1
23743,eylәmәyirsәn,1,1
23744,eylәyәnin,1,1
23745,eymən,1,1
23746,eyməndir,1,1
23747,eymənsə,1,1
23748,eymənəm,1,1
23749,eynimdǝ,1,1
23750,eynimdə,1,1
23751,eynimin,1,1
23752,eynində,1,1
23753,eynini,1,1
23754,eyninin,1,1
23755,eynintək,1,1
23756,eyninə,1,1
23757,eynül,1,1
23758,eynülyǝqin,1,1
23759,eyvah,1,1
23760,eyvana,1,1
23761,eyvanım,1,1
23762,eyvanın,1,1
23763,eyvanını,1,1
23764,eyvanə,1,1
23765,eyyühəl,1,1
23766,eyü,1,1
23767,eyşimi,1,1
23768,eyşlə,1,1
23769,eyşu,1,1
23770,eyşxaneyi,1,1
23771,eyənin,1,1
23772,eyəyib,1,1
23773,ezabı,1,1
23774,ezamı,1,1
23775,eşidibsənmi,1,1
23776,eşidibsənsə,1,1
23777,eşidif,1,1
23778,eşidin,1,1
23779,eşidir,1,1
23780,eşidəcəklər,1,1
23781,eşidənlərə,1,1
23782,eşidənnər,1,1
23783,eşidər,1,1
23784,eşidərkən,1,1
23785,eşidərsə,1,1
23786,eşidəsən,1,1
23787,eşigidir,1,1
23788,eşigin,1,1
23789,eşik,1,1
23790,eşikdən,1,1
23791,eşikindǝ,1,1
23792,eşitcəyin,1,1
23793,eşitdik,1,1
23794,eşitdikcə,1,1
23795,eşitdilər,1,1
23796,eşitdin,1,1
23797,eşitdirim,1,1
23798,eşitdiyim,1,1
23799,eşitdək,1,1
23800,eşitmiş,1,1
23801,eşitmişdim,1,1
23802,eşitmişiz,1,1
23803,eşitmǝzsǝn,1,1
23804,eşitmədik,1,1
23805,eşitmədin,1,1
23806,eşitmədinmi,1,1
23807,eşitməkdən,1,1
23808,eşitməz,1,1
23809,eşitməzliyə,1,1
23810,eşitməzlər,1,1
23811,eşitsə,1,1
23812,eşitçəyin,1,1
23813,eşiyi,1,1
23814,eşiyindir,1,1
23815,eşiyə,1,1
23816,eşk,1,1
23817,eşki,1,1
23818,eşqbazlıq,1,1
23819,eşqdi,1,1
23820,eşqidir,1,1
23821,eşqimi,1,1
23822,eşqimin,1,1
23823,eşqindir,1,1
23824,eşqün,1,1
23825,eşqǝ,1,1
23826,eşrəfili,1,1
23827,eşşəgi,1,1
23828,eşşəkdir,1,1
23829,eşşəkliyi,1,1
23830,eşşəklə,1,1
23831,eşşəklər,1,1
23832,eşşəyini,1,1
23833,eşşəyinin,1,1
23834,eşşәk,1,1
23835,eşşәyin,1,1
23836,eşəgə,1,1
23837,eşək,1,1
23838,faidə,1,1
23839,faidəsiz,1,1
23840,faidəsizdir,1,1
23841,failin,1,1
23842,faimi,1,1
23843,fakt,1,1
23844,faktcıqları,1,1
23845,faktı,1,1
23846,falçı,1,1
23847,falıma,1,1
23848,falımı,1,1
23849,falında,1,1
23850,falını,1,1
23851,fanilikdən,1,1
23852,faniliyə,1,1
23853,fanisiz,1,1
23854,faniyi,1,1
23855,fantan,1,1
23856,fanusdur,1,1
23857,fanusi,1,1
23858,fanusum,1,1
23859,fanı,1,1
23860,faqə,1,1
23861,fariq,1,1
23862,farmanı,1,1
23863,farmaşı,1,1
23864,farsca,1,1
23865,farsi,1,1
23866,fasid,1,1
23867,fati,1,1
23868,fatihədir,1,1
23869,fatimə,1,1
23870,fatimənin,1,1
23871,favü,1,1
23872,faxiri,1,1
23873,faxirimiz,1,1
23874,faxtə,1,1
23875,faydanı,1,1
23876,faydasızdır,1,1
23877,fayiq,1,1
23878,faytonla,1,1
23879,faytonu,1,1
23880,fazili,1,1
23881,fazilim,1,1
23882,fazillərin,1,1
23883,fazilü,1,1
23884,fazə,1,1
23885,fağra,1,1
23886,faşını,1,1
23887,fel,1,1
23888,feldir,1,1
23889,felidir,1,1
23890,felin,1,1
23891,feliylə,1,1
23892,fellinin,1,1
23893,felə,1,1
23894,feraqında,1,1
23895,ferağü,1,1
23896,feyzbəxşü,1,1
23897,feyzdi,1,1
23898,feyzidir,1,1
23899,feyzim,1,1
23900,feyzinin,1,1
23901,feyzinlə,1,1
23902,feyzrəsan,1,1
23903,fid,1,1
23904,fidan,1,1
23905,fikar,1,1
23906,fikirdir,1,1
23907,fikirdə,1,1
23908,fikirlaşdim,1,1
23909,fikirlidi,1,1
23910,fikirlidir,1,1
23911,fikirliydi,1,1
23912,fikirlər,1,1
23913,fikirlərin,1,1
23914,fikirlərindən,1,1
23915,fikirlərinin,1,1
23916,fikirləşib,1,1
23917,fikirləşirdi,1,1
23918,fikirləşmir,1,1
23919,fikirləşmədən,1,1
23920,fikirləşməkdən,1,1
23921,fikirləşməyibsən,1,1
23922,fikirləşməyə,1,1
23923,fikirləşən,1,1
23924,fikirrəşirdi,1,1
23925,fikirrəşmək,1,1
23926,fikirrəşəndən,1,1
23927,fikirrəşənnən,1,1
23928,fikridəyəm,1,1
23929,fikrimdədir,1,1
23930,fikrimdən,1,1
23931,fikrimü,1,1
23932,fikrindədir,1,1
23933,fikriylə,1,1
23934,fikrsiz,1,1
23935,filakusdur,1,1
23936,filana,1,1
23937,filandır,1,1
23938,filankəs,1,1
23939,filankəsi,1,1
23940,filanı,1,1
23941,filban,1,1
23942,filbədən,1,1
23943,filhal,1,1
23944,fillər,1,1
23945,filologiya,1,1
23946,filoloq,1,1
23947,filosofa,1,1
23948,filosofi,1,1
23949,filqətindən,1,1
23950,fimə,1,1
23951,findiq,1,1
23952,fiqh,1,1
23953,fiqhü,1,1
23954,fiqərə,1,1
23955,firaq,1,1
23956,firar,1,1
23957,firavandır,1,1
23958,firdövsi,1,1
23959,firdövsü,1,1
23960,firdövsə,1,1
23961,firibindən,1,1
23962,firidunların,1,1
23963,firidununa,1,1
23964,firidunü,1,1
23965,firiştə,1,1
23966,firnivü,1,1
23967,firondan,1,1
23968,fironi,1,1
23969,firqǝtdir,1,1
23970,firqədən,1,1
23971,firqətdə,1,1
23972,firqətdən,1,1
23973,firqətinnən,1,1
23974,firqətinə,1,1
23975,firqətü,1,1
23976,firqətəm,1,1
23977,firqəyi,1,1
23978,firqеyi,1,1
23979,firudin,1,1
23980,firəngi,1,1
23981,firəngətək,1,1
23982,fisincan,1,1
23983,fisincanı,1,1
23984,fitnəkar,1,1
23985,fitnəkarlıq,1,1
23986,fitnələrin,1,1
23987,fitnəm,1,1
23988,fitnənin,1,1
23989,fitnəyi,1,1
23990,fitnеyi,1,1
23991,fitrə,1,1
23992,fitrətdə,1,1
23993,fitrətdən,1,1
23994,fitrətə,1,1
23995,fitva,1,1
23996,fitvan,1,1
23997,fitvasindan,1,1
23998,fitvasın,1,1
23999,flamandlarla,1,1
24000,flasa,1,1
24001,flic,1,1
24002,fondilki,1,1
24003,forması,1,1
24004,fotoları,1,1
24005,fransaya,1,1
24006,fransızın,1,1
24007,frensis,1,1
24008,fridunu,1,1
24009,fridunə,1,1
24010,ftitnələr,1,1
24011,fukuyama,1,1
24012,fuladı,1,1
24013,furqan,1,1
24014,fursət,1,1
24015,futəyə,1,1
24016,föhşü,1,1
24017,fövcünün,1,1
24018,fövcünə,1,1
24019,fövqindədir,1,1
24020,fövqündə,1,1
24021,fövqəl,1,1
24022,fövrən,1,1
24023,fövçi,1,1
24024,fünuni,1,1
24025,füqəralər,1,1
24026,füqəraya,1,1
24027,füqərayə,1,1
24028,fürqandır,1,1
24029,fürqani,1,1
24030,fürqanü,1,1
24031,fürqanı,1,1
24032,fürqanımızdır,1,1
24033,fürsat,1,1
24034,fürsətdi,1,1
24035,fürsətdir,1,1
24036,fürsətim,1,1
24037,fürsətin,1,1
24038,füruati,1,1
24039,füruzan,1,1
24040,füsul,1,1
24041,füsunumdur,1,1
24042,füsünkər,1,1
24043,füsürdəligə,1,1
24044,fütuhi,1,1
24045,fütür,1,1
24046,füzuliyəm,1,1
24047,füzulluğa,1,1
24048,füzulü,1,1
24049,füzundur,1,1
24050,füzunə,1,1
24051,füzyn,1,1
24052,fıkirləşəndən,1,1
24053,fıkri,1,1
24054,fıkrin,1,1
24055,fıkrini,1,1
24056,fıl,1,1
24057,fındıq,1,1
24058,fıqhü,1,1
24059,fırfira,1,1
24060,fırlatmadım,1,1
24061,fırsat,1,1
24062,fırtınalar,1,1
24063,fıruzə,1,1
24064,fırıldaq,1,1
24065,fırıldaqdı,1,1
24066,fırıldağa,1,1
24067,fıtnə,1,1
24068,fǝkan,1,1
24069,fǝlǝkdǝ,1,1
24070,fǝlǝkdǝn,1,1
24071,fǝlǝklǝr,1,1
24072,fǝna,1,1
24073,fǝnadır,1,1
24074,fǝqrü,1,1
24075,fǝraq,1,1
24076,fǝraqindǝn,1,1
24077,fǝrazi,1,1
24078,fǝrhad,1,1
24079,fǝrhadı,1,1
24080,fǝrraşi,1,1
24081,fǝryadı,1,1
24082,fǝta,1,1
24083,fǝzlü,1,1
24084,fǝğan,1,1
24085,fǝğanimni,1,1
24086,fəali,1,1
24087,fəalimdə,1,1
24088,fəban,1,1
24089,fəcri,1,1
24090,fədadır,1,1
24091,fədak,1,1
24092,fədakardım,1,1
24093,fədalər,1,1
24094,fəfadə,1,1
24095,fəhbeh,1,1
24096,fəhləlikdən,1,1
24097,fəhlələr,1,1
24098,fəhlələrə,1,1
24099,fəhləniz,1,1
24100,fəhmdə,1,1
24101,fəhmdən,1,1
24102,fəhmini,1,1
24103,fəiza,1,1
24104,fəkansan,1,1
24105,fəkanəm,1,1
24106,fəlakətdən,1,1
24107,fəlakətsiz,1,1
24108,fəlatunə,1,1
24109,fəlyəzhəku,1,1
24110,fələkdirsə,1,1
24111,fələki,1,1
24112,fələkil,1,1
24113,fələkkirdar,1,1
24114,fələklə,1,1
24115,fələkləri,1,1
24116,fələkpayə,1,1
24117,fələkqədr,1,1
24118,fələkqədrü,1,1
24119,fələkrüfət,1,1
24120,fələktək,1,1
24121,fələktəkrim,1,1
24122,fələkzadəyə,1,1
24123,fələkçakər,1,1
24124,fələkşovkət,1,1
24125,fələyinsə,1,1
24126,fəm,1,1
24127,fəmə,1,1
24128,fəmən,1,1
24129,fən,1,1
24130,fənada,1,1
24131,fənadə,1,1
24132,fənadəndir,1,1
24133,fənanın,1,1
24134,fənarı,1,1
24135,fənasına,1,1
24136,fənavü,1,1
24137,fənddi,1,1
24138,fəndim,1,1
24139,fəndimə,1,1
24140,fəni,1,1
24141,fənləri,1,1
24142,fənn,1,1
24143,fənnində,1,1
24144,fənnindən,1,1
24145,fənnü,1,1
24146,fənzəru,1,1
24147,fənək,1,1
24148,fəqirü,1,1
24149,fəqrdə,1,1
24150,fəqri,1,1
24151,fərahəm,1,1
24152,fərana,1,1
24153,fəraqilə,1,1
24154,fəraqilən,1,1
24155,fəraqində,1,1
24156,fəraqindən,1,1
24157,fəraqinlə,1,1
24158,fəraqinə,1,1
24159,fəraqında,1,1
24160,fəraqət,1,1
24161,fərasətim,1,1
24162,fərasətimlə,1,1
24163,fərasətlə,1,1
24164,fərasətsiz,1,1
24165,fəratü,1,1
24166,fəraz,1,1
24167,fərağ,1,1
24168,fərağin,1,1
24169,fərağindən,1,1
24170,fərağım,1,1
24171,fərağın,1,1
24172,fərağındadır,1,1
24173,fərağındayam,1,1
24174,fərağə,1,1
24175,fərbeh,1,1
24176,fərdayə,1,1
24177,fərddi,1,1
24178,fərdin,1,1
24179,fərhada,1,1
24180,fərhadivar,1,1
24181,fərhadvəş,1,1
24182,fəridən,1,1
24183,fəriştə,1,1
24184,fəriştəcəmal,1,1
24185,fəriştələr,1,1
24186,fəriştənihad,1,1
24187,fəriştənişan,1,1
24188,fərmana,1,1
24189,fərmanbər,1,1
24190,fərmaninəm,1,1
24191,fərmanın,1,1
24192,fərmanını,1,1
24193,fərmanıyla,1,1
24194,fərqləndir,1,1
24195,fərqlənməzsə,1,1
24196,fərqlərinə,1,1
24197,fərraşi,1,1
24198,fərraşın,1,1
24199,fərraşını,1,1
24200,fərraşınız,1,1
24201,fərric,1,1
24202,fərrux,1,1
24203,fərrüxfalini,1,1
24204,fərsiz,1,1
24205,fərsudəmi,1,1
24206,fərullah,1,1
24207,fərvərdin,1,1
24208,fərvərdində,1,1
24209,fərxəndəbalü,1,1
24210,fərxəndəliqa,1,1
24211,fəryadi,1,1
24212,fəryadlar,1,1
24213,fəryadrəsin,1,1
24214,fəryadu,1,1
24215,fəryadı,1,1
24216,fəryadımı,1,1
24217,fəryadımın,1,1
24218,fəryâd,1,1
24219,fərzin,1,1
24220,fərzənd,1,1
24221,fərzəndim,1,1
24222,fərzəndəm,1,1
24223,fərşü,1,1
24224,fərəc,1,1
24225,fərəflə,1,1
24226,fərəhbəxş,1,1
24227,fərəhbəxşü,1,1
24228,fərəhim,1,1
24229,fərəhindən,1,1
24230,fərəhləndirsən,1,1
24231,fərəhtəsir,1,1
24232,fərəhü,1,1
24233,fərəs,1,1
24234,fərхəndə,1,1
24235,fərхəndəfal,1,1
24236,fəsaddır,1,1
24237,fəsadiçün,1,1
24238,fəsadü,1,1
24239,fəsadı,1,1
24240,fəsadə,1,1
24241,fəsahəti,1,1
24242,fəsahətü,1,1
24243,fəsaneyi,1,1
24244,fəsanə,1,1
24245,fəsanədir,1,1
24246,fəsanələri,1,1
24247,fəsih,1,1
24248,fəsildi,1,1
24249,fəsillərdə,1,1
24250,fəsldir,1,1
24251,fəslində,1,1
24252,fəslini,1,1
24253,fəslinə,1,1
24254,fəthində,1,1
24255,fəthullah,1,1
24256,fəthü,1,1
24257,fəthün,1,1
24258,fəthən,1,1
24259,fətir,1,1
24260,fətiri,1,1
24261,fətirlə,1,1
24262,fətirlər,1,1
24263,fəttah,1,1
24264,fəttahınıydı,1,1
24265,fəttaninəm,1,1
24266,fəttanın,1,1
24267,fəttanına,1,1
24268,fətəhtüm,1,1
24269,fəvvarə,1,1
24270,fəxamətlə,1,1
24271,fəxarət,1,1
24272,fəxridir,1,1
24273,fəxrinə,1,1
24274,fəxrlə,1,1
24275,fəyyazi,1,1
24276,fəza,1,1
24277,fəzadən,1,1
24278,fəzaildir,1,1
24279,fəzanı,1,1
24280,fəzasi,1,1
24281,fəzasında,1,1
24282,fəzaya,1,1
24283,fəzillərin,1,1
24284,fəzilətdi,1,1
24285,fəzilətim,1,1
24286,fəzilətimi,1,1
24287,fəzilətindən,1,1
24288,fəzldə,1,1
24289,fəzldən,1,1
24290,fəzlilə,1,1
24291,fəzlim,1,1
24292,fəzlimi,1,1
24293,fəzlindən,1,1
24294,fəzlinə,1,1
24295,fəzlivü,1,1
24296,fəzlullah,1,1
24297,fəğana,1,1
24298,fəğanlar,1,1
24299,fəğanıma,1,1
24300,fəğanımdır,1,1
24301,fəğanın,1,1
24302,fəğfurun,1,1
24303,fəğfurü,1,1
24304,fəşanə,1,1
24305,fе,1,1
24306,fеlini,1,1
24307,fеlmanıdı,1,1
24308,fәda,1,1
24309,fәhmü,1,1
24310,fәramuş,1,1
24311,fәrz,1,1
24312,fәsad,1,1
24313,fәxarәt,1,1
24314,gaftar,1,1
24315,gahü,1,1
24316,gav,1,1
24317,gavlər,1,1
24318,gece,1,1
24319,gecikdirmiş,1,1
24320,gecǝlǝr,1,1
24321,gecəgündüz,1,1
24322,gecəki,1,1
24323,gecələmək,1,1
24324,gecələrdə,1,1
24325,gecəmdir,1,1
24326,gecəmin,1,1
24327,gecəylə,1,1
24328,gecəyə,1,1
24329,gecә,1,1
24330,gedibdü,1,1
24331,gediblər,1,1
24332,gedibsən,1,1
24333,gediflərmiş,1,1
24334,gediləsi,1,1
24335,gedirdik,1,1
24336,gedirdilər,1,1
24337,gedirdilәr,1,1
24338,gedirdim,1,1
24339,gedirdisə,1,1
24340,gedirməzsən,1,1
24341,gedirər,1,1
24342,gedisərsən,1,1
24343,gedişin,1,1
24344,gedǝn,1,1
24345,gedǝndǝn,1,1
24346,gedǝrǝm,1,1
24347,gedəcək,1,1
24348,gedəcəksiniz,1,1
24349,gedəcəksən,1,1
24350,gedəcəyini,1,1
24351,gedəjiyik,1,1
24352,gedəli,1,1
24353,gedəlim,1,1
24354,gedəm,1,1
24355,gedəni,1,1
24356,gedərdi,1,1
24357,gedərik,1,1
24358,gedərlər,1,1
24359,gedərsə,1,1
24360,gedəsən,1,1
24361,gedəydi,1,1
24362,gedəydim,1,1
24363,gedəyim,1,1
24364,gedəçiyik,1,1
24365,gehnəyib,1,1
24366,gejəlik,1,1
24367,gel,1,1
24368,gendən,1,1
24369,gensən,1,1
24370,genun,1,1
24371,ger,1,1
24372,gerdəninə,1,1
24373,geridən,1,1
24374,gerisini,1,1
24375,gerçǝk,1,1
24376,gerçəgin,1,1
24377,gerçəkdir,1,1
24378,gerçəklər,1,1
24379,gerçəklərin,1,1
24380,getdikdən,1,1
24381,getdisə,1,1
24382,getdiyi,1,1
24383,getdiyim,1,1
24384,getdiyini,1,1
24385,gethaget,1,1
24386,getir,1,1
24387,getme,1,1
24388,getmek,1,1
24389,getmirse,1,1
24390,getmiş,1,1
24391,getmişinnən,1,1
24392,getmişlər,1,1
24393,getmǝsin,1,1
24394,getməgə,1,1
24395,getməkdə,1,1
24396,getməklə,1,1
24397,getməklərinə,1,1
24398,getməliyik,1,1
24399,getməsə,1,1
24400,getməyim,1,1
24401,getməyinə,1,1
24402,getməyirəm,1,1
24403,getməyəcək,1,1
24404,getməyəcəm,1,1
24405,getməyəcəyik,1,1
24406,getməzdi,1,1
24407,getsǝ,1,1
24408,getsǝn,1,1
24409,getsələr,1,1
24410,geydirdi,1,1
24411,geydirdikcə,1,1
24412,geydiyin,1,1
24413,geyiblər,1,1
24414,geyiki,1,1
24415,geyindiyi,1,1
24416,geyinmiş,1,1
24417,geyinmişdi,1,1
24418,geyinsǝ,1,1
24419,geyinər,1,1
24420,geyir,1,1
24421,geyirəm,1,1
24422,geymiş,1,1
24423,geyməklə,1,1
24424,geymərəm,1,1
24425,geyməz,1,1
24426,geysu,1,1
24427,geysuni,1,1
24428,geysəm,1,1
24429,geyə,1,1
24430,geyən,1,1
24431,geyərdi,1,1
24432,geyəyim,1,1
24433,gezer,1,1
24434,gezər,1,1
24435,gicirtkən,1,1
24436,gicitkən,1,1
24437,gidlər,1,1
24438,giinahm,1,1
24439,gilas,1,1
24440,gilasa,1,1
24441,gildir,1,1
24442,gileyi,1,1
24443,gileyim,1,1
24444,gileyliyəm,1,1
24445,gilindəndir,1,1
24446,gilliyəydim,1,1
24447,gilеy,1,1
24448,ginə,1,1
24449,girbasdı,1,1
24450,girdab,1,1
24451,girdabdır,1,1
24452,girdabə,1,1
24453,girdar,1,1
24454,girdbad,1,1
24455,girdbadmı,1,1
24456,girdibad,1,1
24457,girdibadi,1,1
24458,girdin,1,1
24459,girdinə,1,1
24460,girdkar,1,1
24461,girdmanə,1,1
24462,gireh,1,1
24463,girehgüşayinə,1,1
24464,girehin,1,1
24465,girehlər,1,1
24466,girehləri,1,1
24467,giribançak,1,1
24468,giribanından,1,1
24469,giribanını,1,1
24470,giribdi,1,1
24471,giriftarinə,1,1
24472,giriftarinəm,1,1
24473,giriftarı,1,1
24474,girim,1,1
24475,girinə,1,1
24476,girirsiniz,1,1
24477,girişməvü,1,1
24478,girmişlər,1,1
24479,girmişəm,1,1
24480,girmədən,1,1
24481,girməgil,1,1
24482,girməgə,1,1
24483,girmənəm,1,1
24484,girməyə,1,1
24485,girməzəm,1,1
24486,girsin,1,1
24487,girsǝ,1,1
24488,girsə,1,1
24489,giryanlığm,1,1
24490,giryanlığım,1,1
24491,giryeyi,1,1
24492,giryədir,1,1
24493,giryədən,1,1
24494,giryəvü,1,1
24495,giryəyi,1,1
24496,girək,1,1
24497,girənə,1,1
24498,girərək,1,1
24499,girəvә,1,1
24500,giya,1,1
24501,giysuyi,1,1
24502,giytinümadır,1,1
24503,gizdətmə,1,1
24504,gizlicǝ,1,1
24505,gizlicə,1,1
24506,gizlu,1,1
24507,gizlədim,1,1
24508,gizlənib,1,1
24509,gizlənmə,1,1
24510,gizlənməmişdir,1,1
24511,gizlənən,1,1
24512,gizlənər,1,1
24513,gizlətmə,1,1
24514,gizlətmək,1,1
24515,gizlətməyə,1,1
24516,gizləyib,1,1
24517,golır,1,1
24518,gomuş,1,1
24519,gorbagor,1,1
24520,gormüşəm,1,1
24521,gorumü,1,1
24522,goturməz,1,1
24523,goy,1,1
24524,gozlərim,1,1
24525,gozlərin,1,1
24526,gozum,1,1
24527,gozumdə,1,1
24528,gozüm,1,1
24529,guhi,1,1
24530,guiya,1,1
24531,gulbədən,1,1
24532,gulluhüm,1,1
24533,gulləri,1,1
24534,gullərin,1,1
24535,gulsitan,1,1
24536,gulu,1,1
24537,guluşunə,1,1
24538,gulzarım,1,1
24539,gulşənin,1,1
24540,gum,1,1
24541,gumbultu,1,1
24542,gumgəştəyə,1,1
24543,gunbəgun,1,1
24544,gundə,1,1
24545,gunlər,1,1
24546,gunu,1,1
24547,guri,1,1
24548,gurxan,1,1
24549,gurxana,1,1
24550,guyalıq,1,1
24551,guyin,1,1
24552,guyiya,1,1
24553,guzədəh,1,1
24554,guzəri,1,1
24555,guşayi,1,1
24556,guşindǝ,1,1
24557,guşindən,1,1
24558,guşinə,1,1
24559,guşivar,1,1
24560,guşun,1,1
24561,guşədir,1,1
24562,guşəsidir,1,1
24563,guşəsində,1,1
24564,guşеyi,1,1
24565,göbǝyindǝn,1,1
24566,göbək,1,1
24567,gödəlib,1,1
24568,gödəlir,1,1
24569,göftan,1,1
24570,göftardan,1,1
24571,göftardə,1,1
24572,göftarsız,1,1
24573,göftarına,1,1
24574,göftarındadır,1,1
24575,göftarından,1,1
24576,göftarını,1,1
24577,göftarının,1,1
24578,göftgu,1,1
24579,göftguyi,1,1
24580,göftü,1,1
24581,göftüguyindən,1,1
24582,göftümüzü,1,1
24583,göglərə,1,1
24584,gögçək,1,1
24585,gögü,1,1
24586,gögün,1,1
24587,göhǝrdir,1,1
24588,göhǝrfǝşan,1,1
24589,göhərdir,1,1
24590,göhərim,1,1
24591,göhərin,1,1
24592,gök,1,1
24593,göldən,1,1
24594,gölgədə,1,1
24595,gölgəsi,1,1
24596,göllərdə,1,1
24597,göllərin,1,1
24598,gömüldüsə,1,1
24599,gömür,1,1
24600,gömərlər,1,1
24601,göməyidir,1,1
24602,göməyilə,1,1
24603,göndərdin,1,1
24604,göndəriblər,1,1
24605,göndəriflər,1,1
24606,göndərilənlərdən,1,1
24607,göndərirsən,1,1
24608,göndərmir,1,1
24609,göndərmiş,1,1
24610,göndərmişdi,1,1
24611,göndərmişdilər,1,1
24612,göndərmişəm,1,1
24613,göndərsin,1,1
24614,göndərsək,1,1
24615,göndərəcəksən,1,1
24616,göndərəcəm,1,1
24617,göndərək,1,1
24618,göndərər,1,1
24619,göndərərik,1,1
24620,göndәrib,1,1
24621,gönnəyə,1,1
24622,gönuldən,1,1
24623,gönü,1,1
24624,gördu,1,1
24625,gördügümdür,1,1
24626,gördüklərindən,1,1
24627,gördüklərini,1,1
24628,gördüklərinə,1,1
24629,gördümü,1,1
24630,gördünsə,1,1
24631,gördürürdülər,1,1
24632,gördüsə,1,1
24633,gördüyümü,1,1
24634,gördüyünü,1,1
24635,görgana,1,1
24636,görgil,1,1
24637,göricəgiz,1,1
24638,görkil,1,1
24639,görklü,1,1
24640,görkəmi,1,1
24641,görkəmindən,1,1
24642,görkəz,1,1
24643,görmürdü,1,1
24644,görmürsən,1,1
24645,görmüsənmi,1,1
24646,görmüyə,1,1
24647,görmüşam,1,1
24648,görmüşdüsə,1,1
24649,görmüşem,1,1
24650,görmüşlər,1,1
24651,görmüşәm,1,1
24652,görmǝdi,1,1
24653,görmǝgǝ,1,1
24654,görmǝk,1,1
24655,görmǝkdir,1,1
24656,görmǝnǝm,1,1
24657,görmǝsǝ,1,1
24658,görmǝyǝn,1,1
24659,görmǝzsǝn,1,1
24660,görmǝzǝm,1,1
24661,görmədilər,1,1
24662,görmədin,1,1
24663,görmədinmi,1,1
24664,görmədiyi,1,1
24665,görmədiyim,1,1
24666,görməginə,1,1
24667,görməgə,1,1
24668,görməkdir,1,1
24669,görməkdə,1,1
24670,görməkliyə,1,1
24671,görməmişdik,1,1
24672,görməmişdir,1,1
24673,görməmişlər,1,1
24674,görməmişsən,1,1
24675,görmənəm,1,1
24676,görməsə,1,1
24677,görməsən,1,1
24678,görməsəydim,1,1
24679,görməyeydi,1,1
24680,görməyi,1,1
24681,görməyim,1,1
24682,görməyin,1,1
24683,görməyincə,1,1
24684,görməyirlər,1,1
24685,görməyirəm,1,1
24686,görməzdi,1,1
24687,görməzlər,1,1
24688,görpə,1,1
24689,görsǝn,1,1
24690,görsənir,1,1
24691,görsəniz,1,1
24692,görsənə,1,1
24693,görsət,1,1
24694,görsətdi,1,1
24695,görsəydilər,1,1
24696,görsəydim,1,1
24697,görsә,1,1
24698,görönlər,1,1
24699,görübdür,1,1
24700,görübsünüz,1,1
24701,görübsə,1,1
24702,görübsənmi,1,1
24703,görübsənsə,1,1
24704,görücügəz,1,1
24705,görücək,1,1
24706,görüf,1,1
24707,görüflərmiş,1,1
24708,görülmüş,1,1
24709,görüləndə,1,1
24710,görüləsi,1,1
24711,göründün,1,1
24712,görünmüşmü,1,1
24713,görünmǝz,1,1
24714,görünmədiyini,1,1
24715,görünməkdə,1,1
24716,görünməsin,1,1
24717,görünməsə,1,1
24718,görünməyib,1,1
24719,görünsün,1,1
24720,görünsəm,1,1
24721,görünüb,1,1
24722,görünürmü,1,1
24723,görünüz,1,1
24724,görünüşcə,1,1
24725,görünə,1,1
24726,görürdün,1,1
24727,görürlər,1,1
24728,görürsənmi,1,1
24729,görüş,1,1
24730,görüşməyinnən,1,1
24731,görüşsünlər,1,1
24732,görüşü,1,1
24733,görüşübən,1,1
24734,görüşəcəyi,1,1
24735,görüşələr,1,1
24736,görüşəm,1,1
24737,görǝ,1,1
24738,görǝcǝk,1,1
24739,görǝndǝ,1,1
24740,görəcəksən,1,1
24741,görəntək,1,1
24742,görərdi,1,1
24743,görərkən,1,1
24744,görərsə,1,1
24745,görəyin,1,1
24746,görәk,1,1
24747,görәn,1,1
24748,göstǝr,1,1
24749,göstǝrdi,1,1
24750,göstǝribǝn,1,1
24751,göstərdigin,1,1
24752,göstərdilər,1,1
24753,göstərdimsə,1,1
24754,göstərdin,1,1
24755,göstərdiyin,1,1
24756,göstəribdir,1,1
24757,göstəricisi,1,1
24758,göstərirlər,1,1
24759,göstərmirdi,1,1
24760,göstərmişsə,1,1
24761,göstərmədi,1,1
24762,göstərmək,1,1
24763,göstərməmiş,1,1
24764,göstərməmək,1,1
24765,göstərsin,1,1
24766,göstərsələr,1,1
24767,göstərsən,1,1
24768,göstərü,1,1
24769,göstərək,1,1
24770,göstərəlim,1,1
24771,göstərəni,1,1
24772,göstərənim,1,1
24773,göstərənindi,1,1
24774,göstərənlər,1,1
24775,göstərənəm,1,1
24776,göstərərdi,1,1
24777,göstərərlər,1,1
24778,göstərərsən,1,1
24779,götməz,1,1
24780,götur,1,1
24781,götü,1,1
24782,götürdi,1,1
24783,götürdükləri,1,1
24784,götürgil,1,1
24785,götürmür,1,1
24786,götürmüşdür,1,1
24787,götürmüşəm,1,1
24788,götürmǝ,1,1
24789,götürmən,1,1
24790,götürmənəm,1,1
24791,götürməyə,1,1
24792,götürməyəcəm,1,1
24793,götürməz,1,1
24794,götürmәdi,1,1
24795,götürrəm,1,1
24796,götürüblər,1,1
24797,götürüləsi,1,1
24798,götürən,1,1
24799,götürəndə,1,1
24800,götürərdi,1,1
24801,götürərsiz,1,1
24802,götürә,1,1
24803,gövdǝdǝn,1,1
24804,gövdədən,1,1
24805,gövdəli,1,1
24806,gövdən,1,1
24807,gövdənə,1,1
24808,gövdəsi,1,1
24809,gövdəvü,1,1
24810,gövdəyi,1,1
24811,gövher,1,1
24812,gövhǝrin,1,1
24813,gövhərbarə,1,1
24814,gövhərfəşan,1,1
24815,gövhərimi,1,1
24816,gövhərindən,1,1
24817,gövhərinin,1,1
24818,gövhərinə,1,1
24819,gövhərlər,1,1
24820,gövhərləri,1,1
24821,gövhərmisaldı,1,1
24822,gövhərə,1,1
24823,gövhərəfşanım,1,1
24824,gövhərəfşanın,1,1
24825,gövrünə,1,1
24826,gövsər,1,1
24827,gövsərəm,1,1
24828,gövtkunu,1,1
24829,göydürdü,1,1
24830,göydürdükcə,1,1
24831,göydǝki,1,1
24832,göydǝn,1,1
24833,göydədi,1,1
24834,göydә,1,1
24835,göyin,1,1
24836,göylük,1,1
24837,göylərdəki,1,1
24838,göysümün,1,1
24839,göyçədir,1,1
24840,göyçədəki,1,1
24841,göyçəksən,1,1
24842,göyçəlidi,1,1
24843,göyçəlilər,1,1
24844,göyçəliynən,1,1
24845,göyǝrçindir,1,1
24846,göyəcən,1,1
24847,göyər,1,1
24848,göyərcinəm,1,1
24849,göyərdi,1,1
24850,göyərmiş,1,1
24851,göyərtdi,1,1
24852,göyərtiyə,1,1
24853,göyərçindən,1,1
24854,göyərçini,1,1
24855,göyərənə,1,1
24856,gözağrın,1,1
24857,gözbəgöz,1,1
24858,gözdü,1,1
24859,gözdədir,1,1
24860,gözdənü,1,1
24861,gözdərini,1,1
24862,gözdərinnən,1,1
24863,gözelim,1,1
24864,gözilə,1,1
24865,gözlerimin,1,1
24866,gözlülərin,1,1
24867,gözlünün,1,1
24868,gözlǝri,1,1
24869,gözlǝrimdǝn,1,1
24870,gözlǝrǝm,1,1
24871,gözləmirəm,1,1
24872,gözləmədilər,1,1
24873,gözləmədı,1,1
24874,gözləmək,1,1
24875,gözləməkdə,1,1
24876,gözləməyim,1,1
24877,gözlənilməz,1,1
24878,gözləra,1,1
24879,gözlərilə,1,1
24880,gözlərindi,1,1
24881,gözlərindir,1,1
24882,gözlərinlə,1,1
24883,gözləriz,1,1
24884,gözləyin,1,1
24885,gözləyirdi,1,1
24886,gözləyirdilər,1,1
24887,gözləyirdin,1,1
24888,gözləyirsən,1,1
24889,gözləyirəm,1,1
24890,gözləyərsə,1,1
24891,gözmidir,1,1
24892,gözsə,1,1
24893,gözucu,1,1
24894,gözyaşı,1,1
24895,gözükür,1,1
24896,gözümdǝ,1,1
24897,gözümi,1,1
24898,gözümlə,1,1
24899,gözünlə,1,1
24900,gözünu,1,1
24901,gözünən,1,1
24902,gözütək,1,1
24903,gözüvüz,1,1
24904,gözüvə,1,1
24905,gözüysə,1,1
24906,gözǝllǝr,1,1
24907,gözəldirsə,1,1
24908,gözəlinə,1,1
24909,gözəlliklə,1,1
24910,gözəlliklərinə,1,1
24911,gözəlliyimlə,1,1
24912,gözəlliyinin,1,1
24913,gözəlliyinə,1,1
24914,gözəlləmə,1,1
24915,gözəlləməsi,1,1
24916,gözəllərdi,1,1
24917,gözəllərim,1,1
24918,gözəllərinin,1,1
24919,gözəllərinə,1,1
24920,gözəlləşdi,1,1
24921,gözətci,1,1
24922,gözətdə,1,1
24923,gözətçilik,1,1
24924,göç,1,1
24925,göçəriyə,1,1
24926,güclüyə,1,1
24927,güclə,1,1
24928,güclən,1,1
24929,gücləri,1,1
24930,gücsüz,1,1
24931,gücsüzlük,1,1
24932,gücsüzün,1,1
24933,gücüm,1,1
24934,gücümüz,1,1
24935,gücündən,1,1
24936,gücünün,1,1
24937,gücünə,1,1
24938,gücünən,1,1
24939,gücənib,1,1
24940,güdaza,1,1
24941,güdazə,1,1
24942,güdə,1,1
24943,güdən,1,1
24944,gühərbarə,1,1
24945,gühərdən,1,1
24946,gühərim,1,1
24947,gühərəm,1,1
24948,gühәnsalә,1,1
24949,gülablen,1,1
24950,gülabımı,1,1
24951,gülabıyla,1,1
24952,gülabəfşan,1,1
24953,gülavatın,1,1
24954,gülbeyi,1,1
24955,gülbünlər,1,1
24956,gülbədənim,1,1
24957,gülbədənlər,1,1
24958,gülbəşəkər,1,1
24959,güldi,1,1
24960,güldügiçün,1,1
24961,güldükcə,1,1
24962,güldüklərini,1,1
24963,güldün,1,1
24964,güldürdüm,1,1
24965,güldə,1,1
24966,gülfamə,1,1
24967,gülfamədir,1,1
24968,gülguncamədir,1,1
24969,gülgundur,1,1
24970,gülgundə,1,1
24971,gülgunim,1,1
24972,gülgunu,1,1
24973,gülgünkəfən,1,1
24974,gülgünü,1,1
24975,gülgəz,1,1
24976,gülicək,1,1
24977,gülli,1,1
24978,güllədən,1,1
24979,gülləri,1,1
24980,güllərindən,1,1
24981,güllərə,1,1
24982,gülləsilə,1,1
24983,gülləsinə,1,1
24984,gülləynən,1,1
24985,gülləçi,1,1
24986,güllеyi,1,1
24987,gülmürdün,1,1
24988,gülmüşdür,1,1
24989,gülmüşəm,1,1
24990,gülməkdən,1,1
24991,gülməlidir,1,1
24992,gülməsin,1,1
24993,gülnardə,1,1
24994,gülnari,1,1
24995,gülnarımü,1,1
24996,gülqənd,1,1
24997,gülqəndinə,1,1
24998,gülriz,1,1
24999,gülrüxdən,1,1
25000,gülrüxlərin,1,1
25001,gülrüxün,1,1
25002,gülrǝng,1,1
25003,gülrəng,1,1
25004,gülrəngin,1,1
25005,gülrəngli,1,1
25006,gülsitan,1,1
25007,gülstani,1,1
25008,gülsüz,1,1
25009,gülxənə,1,1
25010,gülxənəm,1,1
25011,gülzarda,1,1
25012,gülzardır,1,1
25013,gülzardən,1,1
25014,gülzarım,1,1
25015,gülzarını,1,1
25016,gülçöhrəvü,1,1
25017,gülüdü,1,1
25018,gülümsündü,1,1
25019,gülümsünməyə,1,1
25020,gülümsünməz,1,1
25021,gülümsünürdülər,1,1
25022,gülümsəyib,1,1
25023,gülümsəyir,1,1
25024,gülümə,1,1
25025,gülüncü,1,1
25026,gülünüz,1,1
25027,gülürsən,1,1
25028,gülüstandan,1,1
25029,gülüstanımız,1,1
25030,gülüzara,1,1
25031,gülüzarimi,1,1
25032,gülüzarı,1,1
25033,gülüzänmı,1,1
25034,gülüş,1,1
25035,gülüşan,1,1
25036,gülüşlə,1,1
25037,gülüşmə,1,1
25038,gülüşündən,1,1
25039,gülüşürsünüz,1,1
25040,gülüşəgülüşə,1,1
25041,gülşa,1,1
25042,gülşəkərdir,1,1
25043,gülşəkəri,1,1
25044,gülşəkərəm,1,1
25045,gülşənimin,1,1
25046,gülşənindən,1,1
25047,gülşənn,1,1
25048,gülşənsən,1,1
25049,gülǝndǝ,1,1
25050,güləbətin,1,1
25051,gülək,1,1
25052,güləndamın,1,1
25053,gülərdi,1,1
25054,gülərkən,1,1
25055,gülərlər,1,1
25056,gülərmi,1,1
25057,gülərsiz,1,1
25058,gülərsən,1,1
25059,gülərək,1,1
25060,gülərəm,1,1
25061,güləçə,1,1
25062,güləş,1,1
25063,güləşdirmək,1,1
25064,güm,1,1
25065,gümani,1,1
25066,gümansız,1,1
25067,gümanü,1,1
25068,gümanı,1,1
25069,gümanın,1,1
25070,gümanından,1,1
25071,gümgəştə,1,1
25072,gümhi,1,1
25073,gümrahların,1,1
25074,gümrahlıq,1,1
25075,gümrahlərə,1,1
25076,gümrəh,1,1
25077,gümüşdü,1,1
25078,gümüşdəndir,1,1
25079,gümüşlə,1,1
25080,gümüşüm,1,1
25081,günaha,1,1
25082,günahkarlar,1,1
25083,günahkarı,1,1
25084,günahla,1,1
25085,günahlar,1,1
25086,günahından,1,1
25087,günbatanda,1,1
25088,günbǝ,1,1
25089,güncüşk,1,1
25090,gündüzdür,1,1
25091,gündüzdəki,1,1
25092,gündüzü,1,1
25093,gündüzün,1,1
25094,gündǝ,1,1
25095,gündədi,1,1
25096,gündəlik,1,1
25097,günedek,1,1
25098,güneypəyəli,1,1
25099,günhü,1,1
25100,günlükdə,1,1
25101,günlərdə,1,1
25102,günlərini,1,1
25103,günlərə,1,1
25104,günnər,1,1
25105,günnərdə,1,1
25106,günnəri,1,1
25107,günnərimiz,1,1
25108,günnəriniz,1,1
25109,günsə,1,1
25110,güntü,1,1
25111,günüdü,1,1
25112,günümdə,1,1
25113,günümün,1,1
25114,günümüzü,1,1
25115,günündǝ,1,1
25116,gününün,1,1
25117,gününüz,1,1
25118,günüqarə,1,1
25119,günüzü,1,1
25120,günǝşdǝn,1,1
25121,günǝşdǝndir,1,1
25122,günəşasa,1,1
25123,günəşim,1,1
25124,günəşindən,1,1
25125,günəşinin,1,1
25126,günəşiyəm,1,1
25127,günəştək,1,1
25128,günəşəm,1,1
25129,günеylərdən,1,1
25130,gürbə,1,1
25131,gürcücə,1,1
25132,gürcüstana,1,1
25133,gürcüstanın,1,1
25134,gürg,1,1
25135,gürgi,1,1
25136,güruhu,1,1
25137,gürz,1,1
25138,gürzə,1,1
25139,gürzədir,1,1
25140,gürzələr,1,1
25141,gütlər,1,1
25142,güvah,1,1
25143,güvahdir,1,1
25144,güvahı,1,1
25145,güvahım,1,1
25146,güvahımdurur,1,1
25147,güvar,1,1
25148,güvəc,1,1
25149,güvənim,1,1
25150,güvənən,1,1
25151,güzan,1,1
25152,güzaran,1,1
25153,güzariş,1,1
25154,güzarın,1,1
25155,güzgulər,1,1
25156,güzgusinə,1,1
25157,güzgünü,1,1
25158,güzgüsü,1,1
25159,güzgüsünü,1,1
25160,güzgüsünün,1,1
25161,güzgütək,1,1
25162,güzgüyəm,1,1
25163,güzgüzü,1,1
25164,güzüni,1,1
25165,güzəranım,1,1
25166,güzəranının,1,1
25167,güzərdir,1,1
25168,güzərgəhlərdə,1,1
25169,güzərim,1,1
25170,güçün,1,1
25171,güşad,1,1
25172,güşvara,1,1
25173,güşvarə,1,1
25174,güşədə,1,1
25175,gǝbrü,1,1
25176,gǝda,1,1
25177,gǝdadır,1,1
25178,gǝdayǝ,1,1
25179,gǝdayǝm,1,1
25180,gǝldikcǝ,1,1
25181,gǝldim,1,1
25182,gǝlgil,1,1
25183,gǝlibdir,1,1
25184,gǝlibdürǝ,1,1
25185,gǝlmiş,1,1
25186,gǝlmǝmişdir,1,1
25187,gǝlsǝ,1,1
25188,gǝmindǝn,1,1
25189,gǝnci,1,1
25190,gǝncikǝn,1,1
25191,gǝrdǝni,1,1
25192,gǝtirir,1,1
25193,gǝtirmǝ,1,1
25194,gǝzmǝgil,1,1
25195,gǝzǝn,1,1
25196,gəbəni,1,1
25197,gəbənin,1,1
25198,gədahimmət,1,1
25199,gədalıq,1,1
25200,gədalıqdan,1,1
25201,gədalər,1,1
25202,gədalərdən,1,1
25203,gədani,1,1
25204,gədasını,1,1
25205,gədasənmiş,1,1
25206,gədavü,1,1
25207,gəday,1,1
25208,gədaya,1,1
25209,gədayi,1,1
25210,gədayindir,1,1
25211,gədayinə,1,1
25212,gədikləri,1,1
25213,gədiyini,1,1
25214,gədəbəyə,1,1
25215,gədələri,1,1
25216,gəhü,1,1
25217,gəlam,1,1
25218,gəldigin,1,1
25219,gəldik,1,1
25220,gəldikdən,1,1
25221,gəldiklərini,1,1
25222,gəldivü,1,1
25223,gəldiyimiz,1,1
25224,gəldiyinə,1,1
25225,gəldən,1,1
25226,gəlibdü,1,1
25227,gəlibsənsə,1,1
25228,gəlifsən,1,1
25229,gəlində,1,1
25230,gəlinidir,1,1
25231,gəlinini,1,1
25232,gəlinlərin,1,1
25233,gəlinnərə,1,1
25234,gəlinə,1,1
25235,gəlirkən,1,1
25236,gəlirmi,1,1
25237,gəlirsən,1,1
25238,gəlirsənmi,1,1
25239,gəliş,1,1
25240,gəlişib,1,1
25241,gəlişin,1,1
25242,gəlişindən,1,1
25243,gəlişiniz,1,1
25244,gəlişə,1,1
25245,gəllədar,1,1
25246,gəlləm,1,1
25247,gəlmirdisə,1,1
25248,gəlmisiniz,1,1
25249,gəlmişdim,1,1
25250,gəlmişdir,1,1
25251,gəlmişdürür,1,1
25252,gəlmişdəngetmişdən,1,1
25253,gəlmişlər,1,1
25254,gəlmişsən,1,1
25255,gəlmədən,1,1
25256,gəlməkdən,1,1
25257,gəlməmisən,1,1
25258,gəlməmişdir,1,1
25259,gəlməsinə,1,1
25260,gəlməsəm,1,1
25261,gəlməsəydi,1,1
25262,gəlməyi,1,1
25263,gəlməyimdə,1,1
25264,gəlməyimizə,1,1
25265,gəlməyini,1,1
25266,gəlməyir,1,1
25267,gəlməyəcək,1,1
25268,gəlməyəcəyik,1,1
25269,gəlməyəydilər,1,1
25270,gəlməzdim,1,1
25271,gəlməzmi,1,1
25272,gəlməzsə,1,1
25273,gəlnin,1,1
25274,gəlsənə,1,1
25275,gəlürsə,1,1
25276,gələcəkdi,1,1
25277,gələcəyini,1,1
25278,gələcəyə,1,1
25279,gələnini,1,1
25280,gələnlərdən,1,1
25281,gələnlərə,1,1
25282,gələnnəri,1,1
25283,gələsidir,1,1
25284,gələsiniz,1,1
25285,gələsiz,1,1
25286,gəm,1,1
25287,gəmidə,1,1
25288,gəmidədir,1,1
25289,gəmim,1,1
25290,gəmisi,1,1
25291,gəmisin,1,1
25292,gəmisini,1,1
25293,gəmitək,1,1
25294,gəmiyəm,1,1
25295,gəncimiş,1,1
25296,gəncimü,1,1
25297,gənciyəm,1,1
25298,gəncliyi,1,1
25299,gəncüm,1,1
25300,gəncüvə,1,1
25301,gəncəbasarın,1,1
25302,gəncədən,1,1
25303,gəncəm,1,1
25304,gəncənin,1,1
25305,gəndimə,1,1
25306,gəndindən,1,1
25307,gəndüm,1,1
25308,gəndümə,1,1
25309,gənçinəyə,1,1
25310,gəraylısı,1,1
25311,gərcı,1,1
25312,gərd,1,1
25313,gərdan,1,1
25314,gərdimi,1,1
25315,gərdişim,1,1
25316,gərdunfər,1,1
25317,gərdün,1,1
25318,gərdəndi,1,1
25319,gərdənidən,1,1
25320,gərdənimdə,1,1
25321,gərdənindən,1,1
25322,gərdənini,1,1
25323,gərdəyini,1,1
25324,gərgin,1,1
25325,gərmdir,1,1
25326,gərmi,1,1
25327,gərmək,1,1
25328,gərmәk,1,1
25329,gərəkdü,1,1
25330,gərəksən,1,1
25331,gərərsən,1,1
25332,gətdin,1,1
25333,gətirdib,1,1
25334,gətirdik,1,1
25335,gətirdiyi,1,1
25336,gətirdiyimi,1,1
25337,gətirdiyini,1,1
25338,gətirgil,1,1
25339,gətirirdi,1,1
25340,gətirirdim,1,1
25341,gətirirdisə,1,1
25342,gətirirlər,1,1
25343,gətirirmiş,1,1
25344,gətirirsiniz,1,1
25345,gətirmişdim,1,1
25346,gətirmişdir,1,1
25347,gətirmədim,1,1
25348,gətirməklə,1,1
25349,gətirməmişdi,1,1
25350,gətirməsin,1,1
25351,gətirməsün,1,1
25352,gətirməyi,1,1
25353,gətirməyib,1,1
25354,gətirrəm,1,1
25355,gətirtdirdi,1,1
25356,gətirtıdirdi,1,1
25357,gətirəm,1,1
25358,gətirərdilər,1,1
25359,gətirərlər,1,1
25360,gətirərsiniz,1,1
25361,gətirərsən,1,1
25362,gətirəsən,1,1
25363,gəvəzni,1,1
25364,gəzdirdiyi,1,1
25365,gəzdirisən,1,1
25366,gəzdirməz,1,1
25367,gəzdirsinlər,1,1
25368,gəzdirən,1,1
25369,gəzdirərlər,1,1
25370,gəzdivü,1,1
25371,gəzdiyim,1,1
25372,gəzer,1,1
25373,gəzerdi,1,1
25374,gəzibən,1,1
25375,gəzicək,1,1
25376,gəzim,1,1
25377,gəzirdik,1,1
25378,gəzirdim,1,1
25379,gəzirkən,1,1
25380,gəzirlər,1,1
25381,gəzirəm,1,1
25382,gəzli,1,1
25383,gəzmiyif,1,1
25384,gəzmişik,1,1
25385,gəzmədiyin,1,1
25386,gəzmədən,1,1
25387,gəzməgi,1,1
25388,gəzməli,1,1
25389,gəzmənəm,1,1
25390,gəzməsin,1,1
25391,gəzməyib,1,1
25392,gəzməyəsən,1,1
25393,gəzsə,1,1
25394,gəzəcəkdi,1,1
25395,gəzəcəkdir,1,1
25396,gəzəgəzə,1,1
25397,gəzək,1,1
25398,gəzənd,1,1
25399,gəzənin,1,1
25400,gəzərim,1,1
25401,gəzərlər,1,1
25402,gəzərsiz,1,1
25403,gəzəsən,1,1
25404,gəşti,1,1
25405,gəştiyə,1,1
25406,gеcdəngеc,1,1
25407,gеcədir,1,1
25408,gеcəsi,1,1
25409,gеdibgəlmək,1,1
25410,gеdibgəlməyimiz,1,1
25411,gеdin,1,1
25412,gеdirdilər,1,1
25413,gеdəcəkdi,1,1
25414,gеdəcəksənmi,1,1
25415,gеdəcəyəm,1,1
25416,gеdəm,1,1
25417,gеdənin,1,1
25418,gеdənnən,1,1
25419,gеdərdim,1,1
25420,gеdərik,1,1
25421,gеdərsiniz,1,1
25422,gеdəsi,1,1
25423,gеdəsən,1,1
25424,gеdəydi,1,1
25425,gеndə,1,1
25426,gеridən,1,1
25427,gеrisindən,1,1
25428,gеrman,1,1
25429,gеrçəgin,1,1
25430,gеrçək,1,1
25431,gеrçəkləyin,1,1
25432,gеtdiyini,1,1
25433,gеtmir,1,1
25434,gеtmişdilər,1,1
25435,gеtmişdim,1,1
25436,gеtmişdin,1,1
25437,gеtmişinnən,1,1
25438,gеtmədi,1,1
25439,gеtməklərindən,1,1
25440,gеtməmişdən,1,1
25441,gеtməniz,1,1
25442,gеtmərəm,1,1
25443,gеtməsin,1,1
25444,gеtməyi,1,1
25445,gеtməyin,1,1
25446,gеtməyindən,1,1
25447,gеtməyinnən,1,1
25448,gеtməyəcək,1,1
25449,gеtməyəm,1,1
25450,gеtməzdi,1,1
25451,gеtsinlər,1,1
25452,gеtsinnər,1,1
25453,gеtsəm,1,1
25454,gеydi,1,1
25455,gеydigi,1,1
25456,gеydim,1,1
25457,gеydir,1,1
25458,gеydirsən,1,1
25459,gеydiyi,1,1
25460,gеyibdir,1,1
25461,gеyibsən,1,1
25462,gеyimi,1,1
25463,gеyimimin,1,1
25464,gеyiminizdə,1,1
25465,gеyiminə,1,1
25466,gеyindiyin,1,1
25467,gеyini,1,1
25468,gеyinib,1,1
25469,gеyinibsən,1,1
25470,gеymərəm,1,1
25471,gеyən,1,1
25472,gеyəndə,1,1
25473,gәlmәdi,1,1
25474,gәlәndәdir,1,1
25475,gәr,1,1
25476,gәrçi,1,1
25477,gәrәk,1,1
25478,gәtirdi,1,1
25479,gәzәr,1,1
25480,hacat,1,1
25481,haciblərin,1,1
25482,haciyə,1,1
25483,hacsəməd,1,1
25484,hacıalı,1,1
25485,hacıalıoğlu,1,1
25486,hacını,1,1
25487,hacının,1,1
25488,hacıqulu,1,1
25489,hacǝt,1,1
25490,hacətdir,1,1
25491,hacətim,1,1
25492,hacətin,1,1
25493,hacətindən,1,1
25494,hacətçün,1,1
25495,hadidir,1,1
25496,hadisə,1,1
25497,hadisədən,1,1
25498,hadisələr,1,1
25499,hadisələrinə,1,1
25500,hadisəsi,1,1
25501,hadiyü,1,1
25502,hafiz,1,1
25503,hafizdən,1,1
25504,hafizəm,1,1
25505,hafizəmdə,1,1
25506,hajı,1,1
25507,hakimani,1,1
25508,hakimdir,1,1
25509,hakimin,1,1
25510,hakiməm,1,1
25511,halalın,1,1
25512,halalına,1,1
25513,halbuki,1,1
25514,haldı,1,1
25515,halilən,1,1
25516,halindən,1,1
25517,halini,1,1
25518,haliya,1,1
25519,hallara,1,1
25520,hallarda,1,1
25521,halların,1,1
25522,halqalanmış,1,1
25523,halqalar,1,1
25524,halqalı,1,1
25525,halqanı,1,1
25526,halqasına,1,1
25527,halsa,1,1
25528,halvanı,1,1
25529,halüvə,1,1
25530,halımdan,1,1
25531,halımdır,1,1
25532,halımızı,1,1
25533,halınca,1,1
25534,halında,1,1
25535,halınız,1,1
25536,halınızı,1,1
25537,halısanmı,1,1
25538,halǝti,1,1
25539,haləm,1,1
25540,haləsi,1,1
25541,halət,1,1
25542,halətdə,1,1
25543,halətin,1,1
25544,halətindən,1,1
25545,halətlərin,1,1
25546,ham,1,1
25547,hamam,1,1
25548,hamandır,1,1
25549,hamilədir,1,1
25550,hamin,1,1
25551,hamudan,1,1
25552,hamımızdan,1,1
25553,hamısında,1,1
25554,hanqi,1,1
25555,hanqtinqton,1,1
25556,hansi,1,1
25557,hansıdı,1,1
25558,hansına,1,1
25559,hansını,1,1
25560,hansının,1,1
25561,hansınızda,1,1
25562,hansısa,1,1
25563,hansıydı,1,1
25564,hanının,1,1
25565,hanəti,1,1
25566,haput,1,1
25567,haqda,1,1
25568,haqdırsa,1,1
25569,haqları,1,1
25570,haqlayıb,1,1
25571,haqlıdırlar,1,1
25572,haqlıx,1,1
25573,haqqdan,1,1
25574,haqqlısan,1,1
25575,haqqını,1,1
25576,haradadı,1,1
25577,haradandı,1,1
25578,haradasınız,1,1
25579,haradır,1,1
25580,haralısan,1,1
25581,haralıydı,1,1
25582,haramdı,1,1
25583,haramxor,1,1
25584,haramxorluq,1,1
25585,haramzadə,1,1
25586,haranın,1,1
25587,harasından,1,1
25588,harayadı,1,1
25589,harayadır,1,1
25590,haraydan,1,1
25591,hardandır,1,1
25592,hardansa,1,1
25593,hardaydı,1,1
25594,haris,1,1
25595,harrdır,1,1
25596,harut,1,1
25597,harutü,1,1
25598,harya,1,1
25599,hasanalı,1,1
25600,hasid,1,1
25601,hasidin,1,1
25602,hasilindən,1,1
25603,hatəmi,1,1
25604,hatəmin,1,1
25605,havadan,1,1
25606,havadarı,1,1
25607,havadarım,1,1
25608,havadə,1,1
25609,havalanıf,1,1
25610,havalatma,1,1
25611,havalı,1,1
25612,havandır,1,1
25613,havanla,1,1
25614,havanı,1,1
25615,havasini,1,1
25616,havasıyla,1,1
25617,havayi,1,1
25618,havayı,1,1
25619,havi,1,1
25620,hayanda,1,1
25621,hayası,1,1
25622,hayıfki,1,1
25623,hayıfsılanıb,1,1
25624,hayıfını,1,1
25625,hayına,1,1
25626,haza,1,1
25627,hazarat,1,1
25628,haziq,1,1
25629,hazrəti,1,1
25630,hazırcavablığı,1,1
25631,hazırda,1,1
25632,hazırladılar,1,1
25633,hazırlamağa,1,1
25634,hazırlandı,1,1
25635,hazırlar,1,1
25636,hazırlasın,1,1
25637,hazırlayıf,1,1
25638,hazırlaş,1,1
25639,hazırlaşım,1,1
25640,hazırlaşırdılar,1,1
25641,hazırlaşırlar,1,1
25642,haçandı,1,1
25643,haçandır,1,1
25644,haçanı,1,1
25645,haşalillah,1,1
25646,haşimi,1,1
25647,haşimidir,1,1
25648,haşimiyəm,1,1
25649,haşiyələr,1,1
25650,haşə,1,1
25651,hekayətdir,1,1
25652,hekayətdən,1,1
25653,hekayətimdir,1,1
25654,hekayətlər,1,1
25655,hel,1,1
25656,henrix,1,1
25657,herostrat,1,1
25658,hesabda,1,1
25659,hesabdarlar,1,1
25660,hesabdır,1,1
25661,hesabi,1,1
25662,hesabinə,1,1
25663,hesablar,1,1
25664,hesablayın,1,1
25665,hesablaşaram,1,1
25666,hesablen,1,1
25667,hesabsız,1,1
25668,hesabü,1,1
25669,hesabə,1,1
25670,hevasilə,1,1
25671,heybədən,1,1
25672,heybətindən,1,1
25673,heybətini,1,1
25674,heydǝr,1,1
25675,heydǝrdir,1,1
25676,heydən,1,1
25677,heyfa,1,1
25678,heyifdir,1,1
25679,heyifsiləndi,1,1
25680,heyifsilənirdi,1,1
25681,heykəl,1,1
25682,heykəlində,1,1
25683,heykəltəraşlıq,1,1
25684,heylər,1,1
25685,heyni,1,1
25686,heyraninəm,1,1
25687,heyranlığm,1,1
25688,heyranu,1,1
25689,heyranü,1,1
25690,heyranın,1,1
25691,heyranǝm,1,1
25692,heyrat,1,1
25693,heyrətü,1,1
25694,heyvalara,1,1
25695,heyvanat,1,1
25696,heyvanata,1,1
25697,heyvanatı,1,1
25698,heyvanlar,1,1
25699,heyvanlara,1,1
25700,heyvanları,1,1
25701,heyvanlığm,1,1
25702,heyvantəbiət,1,1
25703,heyvanını,1,1
25704,heyvanǝdir,1,1
25705,heyvasın,1,1
25706,heyvaya,1,1
25707,heyvayə,1,1
25708,heyverə,1,1
25709,heyvərə,1,1
25710,heyyi,1,1
25711,heyəti,1,1
25712,heyətim,1,1
25713,heyətə,1,1
25714,hezaran,1,1
25715,heçdir,1,1
25716,heşre,1,1
25717,hi,1,1
25718,hicabdan,1,1
25719,hicabi,1,1
25720,hicazım,1,1
25721,hicb,1,1
25722,hicranda,1,1
25723,hicranidir,1,1
25724,hicransa,1,1
25725,hicransız,1,1
25726,hicranıdır,1,1
25727,hicranımı,1,1
25728,hicranına,1,1
25729,hicrindəndir,1,1
25730,hicrini,1,1
25731,hicrivə,1,1
25732,hicrətin,1,1
25733,hidayәt,1,1
25734,hiddət,1,1
25735,hiddətin,1,1
25736,hifzi,1,1
25737,hifzini,1,1
25738,hifzinə,1,1
25739,hikkəsindən,1,1
25740,hikmətdan,1,1
25741,hikmətdi,1,1
25742,hikmətdəki,1,1
25743,hikmətimdir,1,1
25744,hikmətimin,1,1
25745,hikmətindən,1,1
25746,hikmətlə,1,1
25747,hikmətlər,1,1
25748,hikmətü,1,1
25749,hilaldır,1,1
25750,hilalidir,1,1
25751,hilalinə,1,1
25752,hilalü,1,1
25753,hilalı,1,1
25754,hilalıdır,1,1
25755,hilalım,1,1
25756,hilaləbru,1,1
25757,hilmin,1,1
25758,him,1,1
25759,himara,1,1
25760,himayəsində,1,1
25761,himayət,1,1
25762,himayətdə,1,1
25763,himayəti,1,1
25764,himmətinə,1,1
25765,hinddən,1,1
25766,hindistana,1,1
25767,hindistanda,1,1
25768,hindiyə,1,1
25769,hindlidir,1,1
25770,hindlilər,1,1
25771,hindudur,1,1
25772,hində,1,1
25773,hinə,1,1
25774,hirslənərsən,1,1
25775,hirslənərək,1,1
25776,hirz,1,1
25777,hirzi,1,1
25778,his,1,1
25779,hisar,1,1
25780,hisni,1,1
25781,hissimin,1,1
25782,hissə,1,1
25783,hissəsi,1,1
25784,hissəsin,1,1
25785,hiylədə,1,1
25786,hiylədən,1,1
25787,hiyləgərdən,1,1
25788,hiyləgərlik,1,1
25789,hiyləgərlikdə,1,1
25790,hiylələrə,1,1
25791,hiyləmizdən,1,1
25792,hiyləsi,1,1
25793,hiyləvü,1,1
25794,hiyləşüar,1,1
25795,hiylәsinә,1,1
25796,hiylәtgәr,1,1
25797,hiyni,1,1
25798,hiyzüm,1,1
25799,hizbin,1,1
25800,hiçaz,1,1
25801,hiçrani,1,1
25802,hohaho,1,1
25803,homoseksualist,1,1
25804,hongamə,1,1
25805,hopdu,1,1
25806,hoqqabaz,1,1
25807,hoqqabazi,1,1
25808,hoqqabazlıqdır,1,1
25809,hoqqabazın,1,1
25810,hoqqaya,1,1
25811,horadiz,1,1
25812,horasım,1,1
25813,hovanes,1,1
25814,hovz,1,1
25815,humanitar,1,1
25816,humayinə,1,1
25817,hura,1,1
25818,huradır,1,1
25819,hurayə,1,1
25820,huricamal,1,1
25821,huridimi,1,1
25822,huridirmi,1,1
25823,hurieyn,1,1
25824,huriliqa,1,1
25825,huriləri,1,1
25826,hurimisalə,1,1
25827,hurini,1,1
25828,hurinin,1,1
25829,hurisi,1,1
25830,hurisifət,1,1
25831,hurivǝş,1,1
25832,huriyə,1,1
25833,hurpeykərlər,1,1
25834,hurusu,1,1
25835,husnun,1,1
25836,hut,1,1
25837,hutdan,1,1
25838,huvəşşcyxü,1,1
25839,huşdən,1,1
25840,huşi,1,1
25841,huşindən,1,1
25842,huşiyar,1,1
25843,huşlusan,1,1
25844,huşsuz,1,1
25845,huşun,1,1
25846,huşyarlıq,1,1
25847,huşü,1,1
25848,huşə,1,1
25849,höccət,1,1
25850,höccəti,1,1
25851,höccətül,1,1
25852,hökmdardır,1,1
25853,hökmini,1,1
25854,hökmlə,1,1
25855,hökmranlığı,1,1
25856,hökmüdar,1,1
25857,hökmüdarı,1,1
25858,hökmüdür,1,1
25859,hökmüm,1,1
25860,hökmümə,1,1
25861,hökmündədir,1,1
25862,hökmündən,1,1
25863,hökumətdən,1,1
25864,hökumətin,1,1
25865,hönkürdü,1,1
25866,höqqə,1,1
25867,höqqəsin,1,1
25868,hörmüz,1,1
25869,hörmǝti,1,1
25870,hörmətində,1,1
25871,hörmətindən,1,1
25872,hörmətli,1,1
25873,hörmətləri,1,1
25874,hörmətsiz,1,1
25875,hörmətsizlik,1,1
25876,hörrəsi,1,1
25877,hörsün,1,1
25878,hörük,1,1
25879,hörükdəkilər,1,1
25880,hörüklüdür,1,1
25881,hörüklərindən,1,1
25882,hörüklərinnən,1,1
25883,hörülən,1,1
25884,hörümçəkdir,1,1
25885,hörümçəklər,1,1
25886,hörəsən,1,1
25887,hövli,1,1
25888,hövlündən,1,1
25889,hövsələ,1,1
25890,hövsələsi,1,1
25891,hövzi,1,1
25892,hübabdən,1,1
25893,hübabəm,1,1
25894,hübbi,1,1
25895,hübbülvətən,1,1
25896,hüccaca,1,1
25897,hüccara,1,1
25898,hüccət,1,1
25899,hücrə,1,1
25900,hücrəyə,1,1
25901,hücumində,1,1
25902,hücuminə,1,1
25903,hücumundan,1,1
25904,hücüm,1,1
25905,hüdhüdü,1,1
25906,hüdudumuz,1,1
25907,hükəma,1,1
25908,hülleyi,1,1
25909,hüllükbazın,1,1
25910,hüllеyi,1,1
25911,hülqi,1,1
25912,hülü,1,1
25913,hümami,1,1
25914,hümayinə,1,1
25915,hümisədi,1,1
25916,hümmətdə,1,1
25917,hümmətdən,1,1
25918,hümmətimi,1,1
25919,hümmətimə,1,1
25920,hümmətin,1,1
25921,hümmətlisən,1,1
25922,hümmətlə,1,1
25923,hünarzadə,1,1
25924,hünut,1,1
25925,hünəri,1,1
25926,hünərimi,1,1
25927,hünərinlə,1,1
25928,hünərli,1,1
25929,hünərlidir,1,1
25930,hünərlərə,1,1
25931,hünərsizdir,1,1
25932,hürfat,1,1
25933,hüriеynə,1,1
25934,hürküdün,1,1
25935,hürmüz,1,1
25936,hürmətini,1,1
25937,hürmәk,1,1
25938,hürufatın,1,1
25939,hürufi,1,1
25940,hürufunu,1,1
25941,hüseyin,1,1
25942,hüseynalı,1,1
25943,hüseyniyüz,1,1
25944,hüseynlə,1,1
25945,hüseynlən,1,1
25946,hüseynqulağalı,1,1
25947,hüseynəm,1,1
25948,hüsi,1,1
25949,hüsnadır,1,1
25950,hüsndür,1,1
25951,hüsnilə,1,1
25952,hüsnindǝ,1,1
25953,hüsninin,1,1
25954,hüsniçün,1,1
25955,hüsnündǝn,1,1
25956,hüsnündəki,1,1
25957,hüsnüntək,1,1
25958,hüsnünüzü,1,1
25959,hüsnünǝ,1,1
25960,hüsuli,1,1
25961,hüsyn,1,1
25962,hüsеynqulağalı,1,1
25963,hüveyda,1,1
25964,hüvvət,1,1
25965,hüzura,1,1
25966,hüzuruma,1,1
25967,hüşyarı,1,1
25968,hüşyarə,1,1
25969,hǝbib,1,1
25970,hǝcci,1,1
25971,hǝddim,1,1
25972,hǝdis,1,1
25973,hǝdisi,1,1
25974,hǝlak,1,1
25975,hǝlǝta,1,1
25976,hǝmdü,1,1
25977,hǝmdǝmi,1,1
25978,hǝmdǝmin,1,1
25979,hǝmra,1,1
25980,hǝmrayǝ,1,1
25981,hǝmtası,1,1
25982,hǝmtayi,1,1
25983,hǝmxanǝdir,1,1
25984,hǝmçü,1,1
25985,hǝqi,1,1
25986,hǝqiqǝtdir,1,1
25987,hǝqqin,1,1
25988,hǝqqinǝ,1,1
25989,hǝqtaala,1,1
25990,hǝqtala,1,1
25991,hǝrim,1,1
25992,hǝsrǝtin,1,1
25993,hǝvalǝ,1,1
25994,hǝyati,1,1
25995,hǝyatım,1,1
25996,hǝyatǝ,1,1
25997,hǝzǝrdir,1,1
25998,hǝşr,1,1
25999,həba,1,1
26000,həbbim,1,1
26001,həbiba,1,1
26002,həbibbəyli,1,1
26003,həbibdir,1,1
26004,həbibüllah,1,1
26005,həblül,1,1
26006,həbsdən,1,1
26007,həbsi,1,1
26008,həbsin,1,1
26009,həbsə,1,1
26010,həbəşdir,1,1
26011,həbəşdə,1,1
26012,həbəşdən,1,1
26013,həbəşzadəni,1,1
26014,həcaməti,1,1
26015,həccac,1,1
26016,həccacü,1,1
26017,həcci,1,1
26018,həccü,1,1
26019,həcvdir,1,1
26020,həcvim,1,1
26021,həcvin,1,1
26022,həcvini,1,1
26023,həcvinin,1,1
26024,həcvü,1,1
26025,həcvüvə,1,1
26026,həcvə,1,1
26027,həcərdən,1,1
26028,həcərgilin,1,1
26029,həcərül,1,1
26030,həd,1,1
26031,hədden,1,1
26032,həddin,1,1
26033,həddində,1,1
26034,həddinə,1,1
26035,hədisdir,1,1
26036,hədisdərinə,1,1
26037,hədisin,1,1
26038,hədisində,1,1
26039,hədislərin,1,1
26040,hədistnin,1,1
26041,hədisəm,1,1
26042,hədsiz,1,1
26043,hədyani,1,1
26044,hədü,1,1
26045,hədəfiydi,1,1
26046,hədələrsə,1,1
26047,hədələyif,1,1
26048,hədəqorxunu,1,1
26049,hədərə,1,1
26050,hədəs,1,1
26051,həftiyə,1,1
26052,həftxan,1,1
26053,həftələr,1,1
26054,həftələrnən,1,1
26055,həftən,1,1
26056,həftənin,1,1
26057,həftəyə,1,1
26058,həgamı,1,1
26059,həkimim,1,1
26060,həkimin,1,1
26061,həkimlerin,1,1
26062,həkimlər,1,1
26063,həkk,1,1
26064,həlahil,1,1
26065,həlaki,1,1
26066,həlakiyəm,1,1
26067,həlakü,1,1
26068,həlaldir,1,1
26069,həlaldır,1,1
26070,həlavət,1,1
26071,həlavətdən,1,1
26072,həllac,1,1
26073,həllə,1,1
26074,həlqələnir,1,1
26075,həlqələrində,1,1
26076,həlqəsi,1,1
26077,həlqəsində,1,1
26078,həlqəyi,1,1
26079,həlqəyə,1,1
26080,həlva,1,1
26081,həlvani,1,1
26082,həlvət,1,1
26083,hələlik,1,1
26084,hələn,1,1
26085,həmana,1,1
26086,həmavaz,1,1
26087,həmayillər,1,1
26088,həmayıl,1,1
26089,həmayılın,1,1
26090,həmağuş,1,1
26091,həmbüsatım,1,1
26092,həmbəli,1,1
26093,həmbəlinin,1,1
26094,həmbəstər,1,1
26095,həmdi,1,1
26096,həmdinçün,1,1
26097,həmdlər,1,1
26098,həmdəmdürür,1,1
26099,həmdəmimdir,1,1
26100,həmdəmin,1,1
26101,həmdəmisən,1,1
26102,həmdəmliyim,1,1
26103,həmdəmlərim,1,1
26104,həmdəmsiz,1,1
26105,həmdərdin,1,1
26106,həmdərs,1,1
26107,həmidə,1,1
26108,həmişəki,1,1
26109,həmkasə,1,1
26110,həmləsi,1,1
26111,həmmamdən,1,1
26112,həmmamə,1,1
26113,həmmi,1,1
26114,həmməslək,1,1
26115,həmməzhəbinə,1,1
26116,həmnişin,1,1
26117,həmnişini,1,1
26118,həmnişinimdir,1,1
26119,həmnəfəs,1,1
26120,həmnəfəsim,1,1
26121,həmon,1,1
26122,həmqərar,1,1
26123,həmrahım,1,1
26124,həmraları,1,1
26125,həmrayə,1,1
26126,həmraz,1,1
26127,həmrəh,1,1
26128,həmrəhlərə,1,1
26129,həmrəһi,1,1
26130,həmsöhbəti,1,1
26131,həmsöhbətim,1,1
26132,həmsəng,1,1
26133,həmsər,1,1
26134,həmtadır,1,1
26135,həmtay,1,1
26136,həmul,1,1
26137,həmvar,1,1
26138,həmxanasa,1,1
26139,həmxaniman,1,1
26140,həmyanım,1,1
26141,həmzaddır,1,1
26142,həmzaman,1,1
26143,həmzədi,1,1
26144,həmzəni,1,1
26145,həmçinsini,1,1
26146,həmçü,1,1
26147,həmşirələr,1,1
26148,həməl,1,1
26149,həməsr,1,1
26150,həməsrlər,1,1
26151,həməşə,1,1
26152,hənadır,1,1
26153,hənbəl,1,1
26154,həndəmim,1,1
26155,həndəvərdə,1,1
26156,həngama,1,1
26157,həngameyi,1,1
26158,həngami,1,1
26159,həngamədir,1,1
26160,həngaməsi,1,1
26161,həngi,1,1
26162,hənifə,1,1
26163,həniri,1,1
26164,hənnanə,1,1
26165,hənut,1,1
26166,hənutum,1,1
26167,hənəfi,1,1
26168,həp,1,1
26169,həpənd,1,1
26170,həqadır,1,1
26171,həqdü,1,1
26172,həqiqtsən,1,1
26173,həqiqü,1,1
26174,həqiqə,1,1
26175,həqiqəq,1,1
26176,həqiqətdi,1,1
26177,həqiqətimizdir,1,1
26178,həqiqətin,1,1
26179,həqnüma,1,1
26180,həqpərəst,1,1
26181,həqqimi,1,1
26182,həqqiqətlə,1,1
26183,həqqü,1,1
26184,həqqül,1,1
26185,həqqəm,1,1
26186,həqqəsində,1,1
26187,həqşünası,1,1
26188,həqəm,1,1
26189,həramdır,1,1
26190,həramı,1,1
26191,hərarətdir,1,1
26192,hərasından,1,1
26193,hərayə,1,1
26194,hərbi,1,1
26195,hərcaymm,1,1
26196,hərcayıdan,1,1
26197,hərcayıyla,1,1
26198,hərcayıynan,1,1
26199,hərcü,1,1
26200,hərdem,1,1
26201,hərdəmxəyal,1,1
26202,hərdəmxəyallıq,1,1
26203,hərdəmxəyalsan,1,1
26204,hərdənbir,1,1
26205,hərfbeherf,1,1
26206,hərfilə,1,1
26207,hərfin,1,1
26208,hərfində,1,1
26209,hərfıdir,1,1
26210,həri,1,1
26211,hərifdi,1,1
26212,hərifim,1,1
26213,həriflə,1,1
26214,hərifləri,1,1
26215,hərirdən,1,1
26216,hərisin,1,1
26217,hərisliyin,1,1
26218,hərisü,1,1
26219,hərisəm,1,1
26220,hərlədi,1,1
26221,hərlən,1,1
26222,hərlənərək,1,1
26223,hərlətməz,1,1
26224,hərləyən,1,1
26225,hərracda,1,1
26226,hərrə,1,1
26227,hərrəm,1,1
26228,hərrənif,1,1
26229,hərtərəfli,1,1
26230,hərzədir,1,1
26231,hərzəliyi,1,1
26232,hərzələrdən,1,1
26233,hərzəyə,1,1
26234,hərçü,1,1
26235,hərəc,1,1
26236,hərədə,1,1
26237,hərəkati,1,1
26238,hərəkatü,1,1
26239,hərəkətdən,1,1
26240,hərəkəti,1,1
26241,hərəkətindən,1,1
26242,hərəkətinnən,1,1
26243,hərəkətinə,1,1
26244,hərəkətlərindən,1,1
26245,hərəmdirsə,1,1
26246,hərəminə,1,1
26247,hərəmlər,1,1
26248,hərənin,1,1
26249,hərəsan,1,1
26250,hərəsinə,1,1
26251,həsarım,1,1
26252,həsbətən,1,1
26253,həsbətənlillah,1,1
26254,həsr,1,1
26255,həsrətidir,1,1
26256,həsrətilən,1,1
26257,həsrətindəyəm,1,1
26258,həsrətinlə,1,1
26259,həsrətinnən,1,1
26260,həsrətinə,1,1
26261,həsrətliklə,1,1
26262,həssanın,1,1
26263,həssas,1,1
26264,həsud,1,1
26265,həsudumuz,1,1
26266,həsudun,1,1
26267,həsudə,1,1
26268,həsədindən,1,1
26269,həsənat,1,1
26270,həsənbaba,1,1
26271,həsənbəy,1,1
26272,həsəndür,1,1
26273,həsəngilə,1,1
26274,həsəni,1,1
26275,həsənnənə,1,1
26276,həsənə,1,1
26277,hət,1,1
26278,həvadan,1,1
26279,həvadisdən,1,1
26280,həvadisin,1,1
26281,həvadisindən,1,1
26282,həvak,1,1
26283,həvalər,1,1
26284,həvarilər,1,1
26285,həvariyə,1,1
26286,həvasinə,1,1
26287,həvasü,1,1
26288,həvası,1,1
26289,həvasın,1,1
26290,həvasından,1,1
26291,həvaxah,1,1
26292,həvəsini,1,1
26293,həvəskarları,1,1
26294,həvəslə,1,1
26295,həvəsnən,1,1
26296,həvəsə,1,1
26297,həyamı,1,1
26298,həyandır,1,1
26299,həyasız,1,1
26300,həyatdan,1,1
26301,həyatidir,1,1
26302,həyatiçün,1,1
26303,həyatıma,1,1
26304,həyatımdan,1,1
26305,həyatımdır,1,1
26306,həyatını,1,1
26307,həyatə,1,1
26308,həycana,1,1
26309,həyulası,1,1
26310,həyy,1,1
26311,həyəcan,1,1
26312,həyəcanla,1,1
26313,həyələr,1,1
26314,həyətdən,1,1
26315,həyəti,1,1
26316,həzarım,1,1
26317,həzarın,1,1
26318,həzini,1,1
26319,həzinin,1,1
26320,həzinü,1,1
26321,həzrətinə,1,1
26322,həzrətləri,1,1
26323,həzyan,1,1
26324,həzzi,1,1
26325,həzənim,1,1
26326,həzənə,1,1
26327,həzərim,1,1
26328,həıri,1,1
26329,həşim,1,1
26330,həşiyə,1,1
26331,həşməti,1,1
26332,həşmətin,1,1
26333,həşmətü,1,1
26334,həşrin,1,1
26335,həşru,1,1
26336,həşt,1,1
26337,həşərat,1,1
26338,hеkayət,1,1
26339,hеkayəti,1,1
26340,hеkayətlər,1,1
26341,hеlmi,1,1
26342,hеrat,1,1
26343,hеsabdı,1,1
26344,hеsabdır,1,1
26345,hеsabı,1,1
26346,hеsabıyla,1,1
26347,hеybə,1,1
26348,hеybədəkinin,1,1
26349,hеybəyə,1,1
26350,hеydərə,1,1
26351,hеyhat,1,1
26352,hеyranam,1,1
26353,hеyrani,1,1
26354,hеyvana,1,1
26355,hеyvandır,1,1
26356,hеyvanlar,1,1
26357,hеyvanlara,1,1
26358,hеyvanları,1,1
26359,hеyvanıdır,1,1
26360,hеyvanın,1,1
26361,hеyvanını,1,1
26362,hеş,1,1
26363,hәdisi,1,1
26364,hәlә,1,1
26365,hәqqә,1,1
26366,hәrçәnd,1,1
26367,hәsәn,1,1
26368,hәvәslәrdi,1,1
26369,ibadətdi,1,1
26370,ibadətdə,1,1
26371,ibadətgahdan,1,1
26372,ibadətimdir,1,1
26373,ibadətin,1,1
26374,ibadətindən,1,1
26375,ibadətini,1,1
26376,ibarətü,1,1
26377,iblisə,1,1
26378,ibram,1,1
26379,ibrami,1,1
26380,ibtihac,1,1
26381,icadın,1,1
26382,icazəsiz,1,1
26383,icli,1,1
26384,icmai,1,1
26385,icra,1,1
26386,ictihadım,1,1
26387,ictihadımız,1,1
26388,ictimai,1,1
26389,idarəetmə,1,1
26390,idbar,1,1
26391,iddiadır,1,1
26392,ideya,1,1
26393,ideyası,1,1
26394,ideyasını,1,1
26395,idiniz,1,1
26396,idivü,1,1
26397,idrakini,1,1
26398,idrakı,1,1
26399,idrar,1,1
26400,idən,1,1
26401,ifadəsini,1,1
26402,ifadəyi,1,1
26403,iflasa,1,1
26404,ifraz,1,1
26405,iftara,1,1
26406,iftarı,1,1
26407,iftira,1,1
26408,iftiraqından,1,1
26409,iftiraqə,1,1
26410,ifşa,1,1
26411,igidi,1,1
26412,igidin,1,1
26413,igidlik,1,1
26414,igidlərin,1,1
26415,igidsən,1,1
26416,ihanət,1,1
26417,ikiarvadlığa,1,1
26418,ikicə,1,1
26419,ikiligi,1,1
26420,ikiligə,1,1
26421,ikilik,1,1
26422,ikilkdən,1,1
26423,ikiləmək,1,1
26424,ikincisi,1,1
26425,ikiniz,1,1
26426,ikiqatdır,1,1
26427,ikisindən,1,1
26428,ikisı,1,1
26429,ikiyüz,1,1
26430,ikiüzlü,1,1
26431,ikrahim,1,1
26432,ikrami,1,1
26433,ikramı,1,1
26434,iksiri,1,1
26435,ikәn,1,1
26436,ila,1,1
26437,ilaci,1,1
26438,ilacım,1,1
26439,ilaha,1,1
26440,ilahda,1,1
26441,ilahdir,1,1
26442,ilahidən,1,1
26443,ilahimə,1,1
26444,ilahiyyatçılar,1,1
26445,ilahı,1,1
26446,ilahım,1,1
26447,ilahın,1,1
26448,ilahəna,1,1
26449,ilandan,1,1
26450,ilandır,1,1
26451,ilanları,1,1
26452,ilanlarıyla,1,1
26453,ilanotu,1,1
26454,ilanı,1,1
26455,ilanın,1,1
26456,ilbiz,1,1
26457,ildırımtək,1,1
26458,ildǝ,1,1
26459,ildəkinə,1,1
26460,ile,1,1
26461,ilhah,1,1
26462,ilhamı,1,1
26463,ilhamımın,1,1
26464,ilhamın,1,1
26465,ilidi,1,1
26466,ilində,1,1
26467,ilindən,1,1
26468,ilini,1,1
26469,ilinə,1,1
26470,iliyi,1,1
26471,ilişib,1,1
26472,illah,1,1
26473,illǝllahimiz,1,1
26474,illərcə,1,1
26475,illərdə,1,1
26476,illəri,1,1
26477,illərində,1,1
26478,illət,1,1
26479,illətimizdir,1,1
26480,ilmi,1,1
26481,ilqa,1,1
26482,iltica,1,1
26483,ilticalər,1,1
26484,iltifati,1,1
26485,iltifatını,1,1
26486,iltifatə,1,1
26487,iltimasi,1,1
26488,iltiması,1,1
26489,iltiyam,1,1
26490,iltürmən,1,1
26491,ilxı,1,1
26492,ilyindǝn,1,1
26493,ilzam,1,1
26494,ilzaminə,1,1
26495,ilzamə,1,1
26496,iləl,1,1
26497,iləldir,1,1
26498,iləndir,1,1
26499,iləri,1,1
26500,iləvücudini,1,1
26501,imamalı,1,1
26502,imamdir,1,1
26503,imamin,1,1
26504,imamlara,1,1
26505,imamlardan,1,1
26506,imamın,1,1
26507,imamız,1,1
26508,imamə,1,1
26509,imani,1,1
26510,imanlar,1,1
26511,imansız,1,1
26512,imanü,1,1
26513,imanımı,1,1
26514,imanǝ,1,1
26515,imarətdə,1,1
26516,imarətdən,1,1
26517,imarətin,1,1
26518,imdada,1,1
26519,imdadi,1,1
26520,imdadım,1,1
26521,imi,1,1
26522,imişlər,1,1
26523,imkanına,1,1
26524,imla,1,1
26525,imlasinə,1,1
26526,imperaturi,1,1
26527,imtahana,1,1
26528,imtihan,1,1
26529,imtina,1,1
26530,imtizacə,1,1
26531,imza,1,1
26532,inadından,1,1
26533,inamü,1,1
26534,inanan,1,1
26535,inandı,1,1
26536,inandıra,1,1
26537,inandırdılar,1,1
26538,inandırdım,1,1
26539,inandırırsan,1,1
26540,inanman,1,1
26541,inanmazdı,1,1
26542,inanmazlar,1,1
26543,inanmıram,1,1
26544,inanmışam,1,1
26545,inanıb,1,1
26546,inanır,1,1
26547,inanırsa,1,1
26548,inayǝt,1,1
26549,inayətdir,1,1
26550,inayəti,1,1
26551,inayətlər,1,1
26552,inbisatı,1,1
26553,inbisatın,1,1
26554,incidi,1,1
26555,incidibsən,1,1
26556,incidirsən,1,1
26557,incidəcək,1,1
26558,incidəjək,1,1
26559,incidən,1,1
26560,incidənlər,1,1
26561,incidərik,1,1
26562,incik,1,1
26563,incikdim,1,1
26564,incilə,1,1
26565,incilərdir,1,1
26566,incilərinə,1,1
26567,incimişdi,1,1
26568,incimək,1,1
26569,inciməmişdi,1,1
26570,inciməyim,1,1
26571,inciməyəsən,1,1
26572,incinməsin,1,1
26573,incinməzəm,1,1
26574,incinə,1,1
26575,incir,1,1
26576,incitmin,1,1
26577,incitmir,1,1
26578,incitmək,1,1
26579,incitməmiş,1,1
26580,incitmərəm,1,1
26581,incitməyir,1,1
26582,incitməz,1,1
26583,incitək,1,1
26584,inciyib,1,1
26585,inciyə,1,1
26586,inciyəm,1,1
26587,inciyər,1,1
26588,inculərin,1,1
26589,incuyə,1,1
26590,incımısən,1,1
26591,incədən,1,1
26592,incəldi,1,1
26593,incəldib,1,1
26594,incəldər,1,1
26595,incəlik,1,1
26596,incəlmiş,1,1
26597,incəlmək,1,1
26598,incəltdi,1,1
26599,incəmiyan,1,1
26600,indicə,1,1
26601,indin,1,1
26602,indinin,1,1
26603,indiyəcən,1,1
26604,indiyədək,1,1
26605,indiyətən,1,1
26606,indəki,1,1
26607,infial,1,1
26608,ingilis,1,1
26609,ingilisdən,1,1
26610,ingilisin,1,1
26611,inha,1,1
26612,inhiraf,1,1
26613,inildəyir,1,1
26614,inkari,1,1
26615,inkarinə,1,1
26616,inkarın,1,1
26617,inkarına,1,1
26618,inki,1,1
26619,inkisar,1,1
26620,inkişaf,1,1
26621,inləmərəm,1,1
26622,inləyərək,1,1
26623,innab,1,1
26624,innabi,1,1
26625,innafətəhna,1,1
26626,innəhü,1,1
26627,inqab,1,1
26628,inqilabı,1,1
26629,inqilabından,1,1
26630,inqizayi,1,1
26631,insafa,1,1
26632,insafdı,1,1
26633,insafdır,1,1
26634,insaflar,1,1
26635,insafü,1,1
26636,insafı,1,1
26637,insafın,1,1
26638,insafına,1,1
26639,insafından,1,1
26640,insafǝ,1,1
26641,insafə,1,1
26642,insanlar,1,1
26643,insanlardan,1,1
26644,insanlıq,1,1
26645,insannarın,1,1
26646,insansan,1,1
26647,insanım,1,1
26648,insanımız,1,1
26649,intihasız,1,1
26650,intiqal,1,1
26651,intisab,1,1
26652,intixab,1,1
26653,intizari,1,1
26654,intizarın,1,1
26655,intizarında,1,1
26656,intizarə,1,1
26657,intǝhası,1,1
26658,inzal,1,1
26659,inü,1,1
26660,inşa,1,1
26661,inşafla,1,1
26662,inşasının,1,1
26663,inşayə,1,1
26664,inəklərə,1,1
26665,inən,1,1
26666,inəyini,1,1
26667,inəyə,1,1
26668,ip,1,1
26669,ipi,1,1
26670,ipin,1,1
26671,iplik,1,1
26672,ipə,1,1
26673,iqaməti,1,1
26674,iqamətin,1,1
26675,iqbala,1,1
26676,iqbaldən,1,1
26677,iqbalimi,1,1
26678,iqbalimə,1,1
26679,iqbalin,1,1
26680,iqbalini,1,1
26681,iqbalü,1,1
26682,iqbalə,1,1
26683,iqdamı,1,1
26684,iqlimdə,1,1
26685,iqlimdən,1,1
26686,iqlimi,1,1
26687,iqlimində,1,1
26688,iqliminə,1,1
26689,iqlimə,1,1
26690,iqrara,1,1
26691,iqrarsız,1,1
26692,iqrarü,1,1
26693,iqrarı,1,1
26694,iqrarım,1,1
26695,iqrarımız,1,1
26696,iqrarından,1,1
26697,iqtibas,1,1
26698,iqtida,1,1
26699,iqtidar,1,1
26700,iqtidari,1,1
26701,iqtidarım,1,1
26702,iqtidarından,1,1
26703,iqtidası,1,1
26704,iqtidayi,1,1
26705,iqtizayi,1,1
26706,iradları,1,1
26707,iradən,1,1
26708,iradənlə,1,1
26709,iradəsindən,1,1
26710,iradət,1,1
26711,iradətdir,1,1
26712,irahat,1,1
26713,irahatdıyannan,1,1
26714,irahına,1,1
26715,irahının,1,1
26716,iran,1,1
26717,iraqdır,1,1
26718,irax,1,1
26719,irazılaşmax,1,1
26720,irazılaşsan,1,1
26721,irazılaşsanız,1,1
26722,irazıyam,1,1
26723,irazıydı,1,1
26724,irağə,1,1
26725,irdin,1,1
26726,irdivü,1,1
26727,irfandır,1,1
26728,irfanın,1,1
26729,irfanə,1,1
26730,iricək,1,1
26731,irir,1,1
26732,irisini,1,1
26733,irizvana,1,1
26734,irizvanım,1,1
26735,irişdik,1,1
26736,irişdim,1,1
26737,irişdirən,1,1
26738,irişincə,1,1
26739,irişmiş,1,1
26740,irişmədi,1,1
26741,irişməgə,1,1
26742,irişmək,1,1
26743,irişməkdir,1,1
26744,irişməyə,1,1
26745,irişməz,1,1
26746,irişsǝ,1,1
26747,irişə,1,1
26748,irişən,1,1
26749,irişər,1,1
26750,irişərlər,1,1
26751,irmaqların,1,1
26752,irmiş,1,1
26753,irmǝz,1,1
26754,irmədi,1,1
26755,ironik,1,1
26756,irqlərarası,1,1
26757,irsalına,1,1
26758,irsəm,1,1
26759,irtibatı,1,1
26760,irtibatın,1,1
26761,irtica,1,1
26762,irtifa,1,1
26763,irtifai,1,1
26764,irtikabi,1,1
26765,irzini,1,1
26766,irzü,1,1
26767,irür,1,1
26768,irşadı,1,1
26769,irşdi,1,1
26770,irəcbər,1,1
26771,irəfrəf,1,1
26772,irəhmətdən,1,1
26773,irəlidə,1,1
26774,irəmim,1,1
26775,irəmə,1,1
26776,irən,1,1
26777,irəncbər,1,1
26778,irəng,1,1
26779,irəngin,1,1
26780,irər,1,1
26781,irəvanlı,1,1
26782,irəşbərdi,1,1
26783,irəşməsinin,1,1
26784,isayə,1,1
26785,isbatdır,1,1
26786,isbati,1,1
26787,isbatinə,1,1
26788,isbatım,1,1
26789,isbatında,1,1
26790,isbatə,1,1
26791,ishalə,1,1
26792,isi,1,1
26793,isimiz,1,1
26794,isitməyə,1,1
26795,islamdən,1,1
26796,islamədir,1,1
26797,islatdım,1,1
26798,ism,1,1
26799,ismayılnan,1,1
26800,ismilə,1,1
26801,ismim,1,1
26802,ismini,1,1
26803,isməti,1,1
26804,ismətinə,1,1
26805,ismətli,1,1
26806,isnat,1,1
26807,isneyni,1,1
26808,israfil,1,1
26809,israfına,1,1
26810,israfından,1,1
26811,israilə,1,1
26812,issi,1,1
26813,istedad,1,1
26814,istedadı,1,1
26815,istehqaqə,1,1
26816,istehzar,1,1
26817,istibulax,1,1
26818,istifsar,1,1
26819,istimaından,1,1
26820,istimrar,1,1
26821,istinad,1,1
26822,istiqamətdən,1,1
26823,istiqbal,1,1
26824,istirahətimiz,1,1
26825,istisi,1,1
26826,istivadadır,1,1
26827,istivadır,1,1
26828,istivadən,1,1
26829,istivar,1,1
26830,istivasi,1,1
26831,istivasına,1,1
26832,istivayı,1,1
26833,istiyir,1,1
26834,istiyirəm,1,1
26835,istiymiş,1,1
26836,istiyə,1,1
26837,istiyəndə,1,1
26838,istiyənnəri,1,1
26839,istiğnası,1,1
26840,istiğına,1,1
26841,istiğınadə,1,1
26842,istǝmǝz,1,1
26843,istǝmǝzǝm,1,1
26844,istǝrsǝn,1,1
26845,istǝsǝ,1,1
26846,istǝsǝm,1,1
26847,istǝyǝ,1,1
26848,istǝş,1,1
26849,istədisə,1,1
26850,istədivü,1,1
26851,istədiyim,1,1
26852,istəmin,1,1
26853,istəmirlər,1,1
26854,istəmiş,1,1
26855,istəmişəm,1,1
26856,istəmədim,1,1
26857,istəmədiyini,1,1
26858,istəmək,1,1
26859,istəməkdir,1,1
26860,istəməkləri,1,1
26861,istəmən,1,1
26862,istəməsin,1,1
26863,istəməsən,1,1
26864,istəməyənin,1,1
26865,istəməyənlərdən,1,1
26866,istəməzəm,1,1
26867,istəndiyi,1,1
26868,istərmən,1,1
26869,istəsək,1,1
26870,istəyi,1,1
26871,istəyibsən,1,1
26872,istəyimi,1,1
26873,istəyirdilər,1,1
26874,istəyirdin,1,1
26875,istəyirsə,1,1
26876,istəyirsənmi,1,1
26877,istəyəcəm,1,1
26878,istəyəm,1,1
26879,istəyəndən,1,1
26880,istəyənin,1,1
26881,istəyənləri,1,1
26882,istəyənə,1,1
26883,isğa,1,1
26884,isığal,1,1
26885,isǝ,1,1
26886,isǝm,1,1
26887,isədir,1,1
26888,isədən,1,1
26889,isətyən,1,1
26890,isətəyənlər,1,1
26891,isә,1,1
26892,itab,1,1
26893,itabü,1,1
26894,itabə,1,1
26895,italya,1,1
26896,italyanın,1,1
26897,itdi,1,1
26898,itdir,1,1
26899,itibdir,1,1
26900,itində,1,1
26901,itirib,1,1
26902,itirildiyi,1,1
26903,itirilməsi,1,1
26904,itirmişdi,1,1
26905,itirmişik,1,1
26906,itirmişlər,1,1
26907,itirməsin,1,1
26908,itirəcəyinnən,1,1
26909,itirərsiz,1,1
26910,itiyini,1,1
26911,itki,1,1
26912,itkin,1,1
26913,itkisi,1,1
26914,itlərlə,1,1
26915,itlərə,1,1
26916,itmiş,1,1
26917,itmək,1,1
26918,itməyəcəkdir,1,1
26919,itməz,1,1
26920,itrəti,1,1
26921,itsə,1,1
26922,ittifaqda,1,1
26923,ittifaqləri,1,1
26924,ittisal,1,1
26925,ittisalı,1,1
26926,ittək,1,1
26927,itəliyək,1,1
26928,itələdi,1,1
26929,itən,1,1
26930,ixlasü,1,1
26931,ixtilad,1,1
26932,ixtilaf,1,1
26933,ixtilafa,1,1
26934,ixtilat,1,1
26935,ixtilatın,1,1
26936,ixtilatında,1,1
26937,ixtilaya,1,1
26938,ixtisasca,1,1
26939,ixtiyanmı,1,1
26940,ixtiyarsız,1,1
26941,ixtiyarına,1,1
26942,iyamsı,1,1
26943,iydin,1,1
26944,iyidir,1,1
26945,iyidlikdə,1,1
26946,iyidliyi,1,1
26947,iyidlər,1,1
26948,iyidlərin,1,1
26949,iyidə,1,1
26950,iyin,1,1
26951,iyindən,1,1
26952,iyli,1,1
26953,iylərsən,1,1
26954,iyləyib,1,1
26955,iymani,1,1
26956,iymanımda,1,1
26957,iymanımı,1,1
26958,iymanə,1,1
26959,iynəli,1,1
26960,iynələrilə,1,1
26961,iynəyə,1,1
26962,iyrəndim,1,1
26963,iysar,1,1
26964,iyyətim,1,1
26965,iyzəd,1,1
26966,iyzədi,1,1
26967,iyəsi,1,1
26968,iz,1,1
26969,iza,1,1
26970,izah,1,1
26971,izam,1,1
26972,izd,1,1
26973,izdiham,1,1
26974,izdivacini,1,1
26975,izdiyad,1,1
26976,izdiyadi,1,1
26977,izharü,1,1
26978,izharın,1,1
26979,izi,1,1
26980,izin,1,1
26981,izini,1,1
26982,izləyirəm,1,1
26983,izmi,1,1
26984,izni,1,1
26985,iznə,1,1
26986,iztirabi,1,1
26987,iztirabin,1,1
26988,iztirabə,1,1
26989,izzǝti,1,1
26990,izzətdən,1,1
26991,izzəti,1,1
26992,izzətim,1,1
26993,izzətimiz,1,1
26994,izzətinlə,1,1
26995,izzətlə,1,1
26996,içdigi,1,1
26997,içdigimcə,1,1
26998,içdikləri,1,1
26999,içdilәr,1,1
27000,içdinmi,1,1
27001,içdiyi,1,1
27002,içdiyin,1,1
27003,içibsən,1,1
27004,içilsin,1,1
27005,içilən,1,1
27006,içimdə,1,1
27007,içimdən,1,1
27008,için,1,1
27009,içindəki,1,1
27010,içini,1,1
27011,içinin,1,1
27012,içirlər,1,1
27013,içirmə,1,1
27014,içirməz,1,1
27015,içirt,1,1
27016,içirər,1,1
27017,içirərlər,1,1
27018,içitək,1,1
27019,içmişdilər,1,1
27020,içmişdir,1,1
27021,içmişik,1,1
27022,içmişüz,1,1
27023,içmişəm,1,1
27024,içmǝkdǝyüz,1,1
27025,içmǝkliyǝ,1,1
27026,içmədən,1,1
27027,içməgə,1,1
27028,içməsindən,1,1
27029,içməyən,1,1
27030,içməzdim,1,1
27031,içrəsən,1,1
27032,içrəyəm,1,1
27033,içsən,1,1
27034,içǝr,1,1
27035,içǝri,1,1
27036,içəjəm,1,1
27037,içərdim,1,1
27038,içəridə,1,1
27039,içəridədir,1,1
27040,içəridəkilər,1,1
27041,içərkən,1,1
27042,içərlər,1,1
27043,içərsəm,1,1
27044,içərsən,1,1
27045,içərəmmi,1,1
27046,içəsən,1,1
27047,iğtişaşda,1,1
27048,işar,1,1
27049,işarəsi,1,1
27050,işarəsin,1,1
27051,işarəsini,1,1
27052,işarətini,1,1
27053,işarətlə,1,1
27054,işbah,1,1
27055,işdilər,1,1
27056,işdǝ,1,1
27057,işdədikdən,1,1
27058,işdəməz,1,1
27059,işdər,1,1
27060,işdərə,1,1
27061,işdət,1,1
27062,işdətməkdən,1,1
27063,işidi,1,1
27064,işidir,1,1
27065,işimdir,1,1
27066,işimlə,1,1
27067,işindi,1,1
27068,işindir,1,1
27069,işinǝ,1,1
27070,işlədilib,1,1
27071,işlədir,1,1
27072,işləmirdi,1,1
27073,işləməsə,1,1
27074,işləməsəm,1,1
27075,işlənib,1,1
27076,işlənmiş,1,1
27077,işlərdi,1,1
27078,işlərimi,1,1
27079,işlərimin,1,1
27080,işlərin,1,1
27081,işlərində,1,1
27082,işlərindən,1,1
27083,işləsin,1,1
27084,işləyib,1,1
27085,işləyirdi,1,1
27086,işrətdən,1,1
27087,işrətim,1,1
27088,işrətini,1,1
27089,işrətü,1,1
27090,iştialından,1,1
27091,iştibahımda,1,1
27092,iştiharə,1,1
27093,iştiyaq,1,1
27094,iştiyaqında,1,1
27095,iştiyağından,1,1
27096,iştәһa,1,1
27097,işveyi,1,1
27098,işvədir,1,1
27099,işvədə,1,1
27100,işvəkar,1,1
27101,işvəli,1,1
27102,işvələrin,1,1
27103,işvəsi,1,1
27104,işçilərindən,1,1
27105,işü,1,1
27106,işıqdır,1,1
27107,işıqlandır,1,1
27108,işıqlansın,1,1
27109,işıqlatmaz,1,1
27110,işıqlıdı,1,1
27111,işıqsız,1,1
27112,işığını,1,1
27113,işә,1,1
27114,iхtiyar,1,1
27115,iхtiyarımı,1,1
27116,jagird,1,1
27117,jalələrin,1,1
27118,jaləni,1,1
27119,julidəmlə,1,1
27120,jülidəmlə,1,1
27121,jəng,1,1
27122,jəngi,1,1
27123,jəsrib,1,1
27124,jəyan,1,1
27125,jәyan,1,1
27126,kababa,1,1
27127,kababla,1,1
27128,kababım,1,1
27129,kafdı,1,1
27130,kafidir,1,1
27131,kafiha,1,1
27132,kafilə,1,1
27133,kafirdir,1,1
27134,kafirdən,1,1
27135,kafirin,1,1
27136,kafiristan,1,1
27137,kafirsən,1,1
27138,kafirü,1,1
27139,kafirəm,1,1
27140,kaftarı,1,1
27141,kafur,1,1
27142,kafura,1,1
27143,kafurdan,1,1
27144,kafurun,1,1
27145,kafüha,1,1
27146,kafınin,1,1
27147,kafır,1,1
27148,kafırliyə,1,1
27149,kafırə,1,1
27150,kafǝrdir,1,1
27151,kafərdir,1,1
27152,kafərin,1,1
27153,kafərlər,1,1
27154,kahdir,1,1
27155,kahı,1,1
27156,kainata,1,1
27157,kainati,1,1
27158,kainatı,1,1
27159,kainatın,1,1
27160,kainatəm,1,1
27161,kakilindir,1,1
27162,kakilindən,1,1
27163,kakilini,1,1
27164,kakilinin,1,1
27165,kalamdı,1,1
27166,kalamın,1,1
27167,kalamına,1,1
27168,kalağayıda,1,1
27169,kalların,1,1
27170,kalmanıdı,1,1
27171,kalvayıdan,1,1
27172,kalvayıdı,1,1
27173,kalı,1,1
27174,kamalıdır,1,1
27175,kamalımız,1,1
27176,kamalından,1,1
27177,kamalının,1,1
27178,kamandara,1,1
27179,kamandarım,1,1
27180,kamanla,1,1
27181,kamanlar,1,1
27182,kamansan,1,1
27183,kamanın,1,1
27184,kamayi,1,1
27185,kamildi,1,1
27186,kamili,1,1
27187,kamilim,1,1
27188,kamilin,1,1
27189,kamillərə,1,1
27190,kamiləsin,1,1
27191,kaminə,1,1
27192,kamlərim,1,1
27193,kamma,1,1
27194,kamyab,1,1
27195,kamımca,1,1
27196,kamın,1,1
27197,kamına,1,1
27198,kamınca,1,1
27199,kandan,1,1
27200,kandarında,1,1
27201,kanindən,1,1
27202,kanmı,1,1
27203,kantardan,1,1
27204,kanü,1,1
27205,kanıdı,1,1
27206,kanımız,1,1
27207,kanında,1,1
27208,kanəm,1,1
27209,kara,1,1
27210,kardarı,1,1
27211,kargər,1,1
27212,karinə,1,1
27213,karivani,1,1
27214,karivanımdan,1,1
27215,karlı,1,1
27216,karnil,1,1
27217,karvansaralar,1,1
27218,karvansarası,1,1
27219,karvansaraya,1,1
27220,karvanın,1,1
27221,karvanının,1,1
27222,karxanada,1,1
27223,karxaneyi,1,1
27224,karım,1,1
27225,karımıza,1,1
27226,karın,1,1
27227,karını,1,1
27228,karədir,1,1
27229,kasad,1,1
27230,kasası,1,1
27231,kaseyi,1,1
27232,kasiddir,1,1
27233,kasıbdır,1,1
27234,kasıblara,1,1
27235,kasıbların,1,1
27236,kasıblığın,1,1
27237,kasə,1,1
27238,kasəm,1,1
27239,kasən,1,1
27240,kasəni,1,1
27241,katandan,1,1
27242,katib,1,1
27243,katiba,1,1
27244,katibin,1,1
27245,kattanın,1,1
27246,kavusi,1,1
27247,kavü,1,1
27248,kaxi,1,1
27249,kazak,1,1
27250,kazib,1,1
27251,kazibdir,1,1
27252,kazımdır,1,1
27253,kağızda,1,1
27254,kağızdan,1,1
27255,kağızım,1,1
27256,kağızını,1,1
27257,kaşan,1,1
27258,kaşanədə,1,1
27259,kaşanələr,1,1
27260,kaşi,1,1
27261,kaşifi,1,1
27262,kaşini,1,1
27263,kaşinin,1,1
27264,kecdi,1,1
27265,kecdin,1,1
27266,keci,1,1
27267,kecmiş,1,1
27268,kecmədar,1,1
27269,kecər,1,1
27270,kefim,1,1
27271,kefini,1,1
27272,kehrəba,1,1
27273,kem,1,1
27274,kenar,1,1
27275,kes,1,1
27276,keyd,1,1
27277,keyfini,1,1
27278,keyfinə,1,1
27279,keyfiyyət,1,1
27280,keyfiyyətim,1,1
27281,keyfıyyəti,1,1
27282,keyhanı,1,1
27283,keyikin,1,1
27284,keyin,1,1
27285,keylə,1,1
27286,keyvani,1,1
27287,keyvanı,1,1
27288,keyvanə,1,1
27289,keyxosrov,1,1
27290,keyxosrova,1,1
27291,keyxosrovanə,1,1
27292,keyxosrovi,1,1
27293,keyyühənnas,1,1
27294,keçdigim,1,1
27295,keçdik,1,1
27296,keçdilər,1,1
27297,keçdimi,1,1
27298,keçdimü,1,1
27299,keçdiyi,1,1
27300,keçdiyini,1,1
27301,keçel,1,1
27302,keçibdi,1,1
27303,keçibdir,1,1
27304,keçilməməlidir,1,1
27305,keçin,1,1
27306,keçinib,1,1
27307,keçirdik,1,1
27308,keçirdilər,1,1
27309,keçirdəm,1,1
27310,keçirib,1,1
27311,keçirim,1,1
27312,keçirmişik,1,1
27313,keçirsə,1,1
27314,keçirsən,1,1
27315,keçirtdilər,1,1
27316,keçirə,1,1
27317,keçirərək,1,1
27318,keçiyə,1,1
27319,keçmişik,1,1
27320,keçmişki,1,1
27321,keçmə,1,1
27322,keçmədim,1,1
27323,keçmədin,1,1
27324,keçməsin,1,1
27325,keçməyin,1,1
27326,keçməyəcək,1,1
27327,keçmәdi,1,1
27328,keçse,1,1
27329,keçsən,1,1
27330,keçəcəkdir,1,1
27331,keçəcəksinizsə,1,1
27332,keçənləri,1,1
27333,keçənlərin,1,1
27334,keçərdi,1,1
27335,keçərdisə,1,1
27336,keçərsiniz,1,1
27337,keçərsən,1,1
27338,keçəsiniz,1,1
27339,keşikci,1,1
27340,keşikcim,1,1
27341,keşikcisi,1,1
27342,keşikçilər,1,1
27343,keşikçiləri,1,1
27344,keşiyində,1,1
27345,keşiyə,1,1
27346,keşişlə,1,1
27347,keşişlər,1,1
27348,keşniş,1,1
27349,keşniştək,1,1
27350,kiarvadlılıq,1,1
27351,kibarə,1,1
27352,kibirlik,1,1
27353,kibriyadır,1,1
27354,kibrü,1,1
27355,kicə,1,1
27356,kifayətlənmə,1,1
27357,kiin,1,1
27358,kiirşün,1,1
27359,kilididir,1,1
27360,kilik,1,1
27361,kilim,1,1
27362,kilimdən,1,1
27363,kilimi,1,1
27364,kilimin,1,1
27365,kilk,1,1
27366,kilkü,1,1
27367,kilsədən,1,1
27368,kilsələrini,1,1
27369,kilsəsində,1,1
27370,kilsəsinin,1,1
27371,kilsəsinə,1,1
27372,kimdəndir,1,1
27373,kimini,1,1
27374,kiminlə,1,1
27375,kiminsə,1,1
27376,kimisiz,1,1
27377,kimiyadan,1,1
27378,kimiyalardan,1,1
27379,kimiydi,1,1
27380,kimliyini,1,1
27381,kimlərin,1,1
27382,kimse,1,1
27383,kimsiniz,1,1
27384,kimsǝni,1,1
27385,kimsǝyǝ,1,1
27386,kimsələr,1,1
27387,kimsənədə,1,1
27388,kimsənələr,1,1
27389,kimsənənin,1,1
27390,kimsəsini,1,1
27391,kimsəsiz,1,1
27392,kimsəsizəm,1,1
27393,kimsәdә,1,1
27394,kimyagər,1,1
27395,kimyayəm,1,1
27396,kimyədi,1,1
27397,kimüxt,1,1
27398,kinayə,1,1
27399,kincini,1,1
27400,kindən,1,1
27401,kinindən,1,1
27402,kinlə,1,1
27403,kinovər,1,1
27404,kip,1,1
27405,kiprigim,1,1
27406,kipriyin,1,1
27407,kiram,1,1
27408,kirbasdı,1,1
27409,kirdarə,1,1
27410,kirdarә,1,1
27411,kirdigarım,1,1
27412,kiridilər,1,1
27413,kiridir,1,1
27414,kiritdilər,1,1
27415,kirişmə,1,1
27416,kirli,1,1
27417,kirman,1,1
27418,kirpigindir,1,1
27419,kirpigindən,1,1
27420,kirpiginə,1,1
27421,kirpiklə,1,1
27422,kirpiklərinlə,1,1
27423,kirpiyindən,1,1
27424,kirpiyinin,1,1
27425,kirpiyinlə,1,1
27426,kirpiğin,1,1
27427,kirpük,1,1
27428,kirşanı,1,1
27429,kirəçilik,1,1
27430,kirəçisən,1,1
27431,kirəçiyəm,1,1
27432,kisbatilə,1,1
27433,kisvət,1,1
27434,kisvətim,1,1
27435,kisvətin,1,1
27436,kisədən,1,1
27437,kisəlizadlı,1,1
27438,kisələrini,1,1
27439,kisələrinə,1,1
27440,kisəm,1,1
27441,kitabdan,1,1
27442,kitabdə,1,1
27443,kitabla,1,1
27444,kitablarını,1,1
27445,kitabımdan,1,1
27446,kitabından,1,1
27447,kitabəm,1,1
27448,kizb,1,1
27449,kizbin,1,1
27450,kizbü,1,1
27451,kiçikdir,1,1
27452,kiçikləri,1,1
27453,kişidi,1,1
27454,kişigilə,1,1
27455,kişilikdə,1,1
27456,kişilərə,1,1
27457,kişin,1,1
27458,kişinindi,1,1
27459,kişisinin,1,1
27460,kişisən,1,1
27461,kişiydi,1,1
27462,kişiyi,1,1
27463,kişiynən,1,1
27464,kişmir,1,1
27465,kişmişəm,1,1
27466,kişnəşmir,1,1
27467,kişvərdir,1,1
27468,kişvərini,1,1
27469,klrpik,1,1
27470,knyaze,1,1
27471,knyazovu,1,1
27472,kol,1,1
27473,kollara,1,1
27474,kolunda,1,1
27475,komalı,1,1
27476,konda,1,1
27477,konkret,1,1
27478,konlumu,1,1
27479,konlumuzu,1,1
27480,konlunnan,1,1
27481,konlunu,1,1
27482,konlunuz,1,1
27483,kora,1,1
27484,kordu,1,1
27485,kordur,1,1
27486,korluğuna,1,1
27487,korpeşman,1,1
27488,korpеşman,1,1
27489,kortun,1,1
27490,korşumadım,1,1
27491,kosa,1,1
27492,kosmopolitliyi,1,1
27493,kosu,1,1
27494,kotanını,1,1
27495,kovkǝb,1,1
27496,kovkǝbi,1,1
27497,kovkəbi,1,1
27498,kovneyn,1,1
27499,kovxa,1,1
27500,kovxanın,1,1
27501,kralın,1,1
27502,kufəylə,1,1
27503,kufəyə,1,1
27504,kuhdə,1,1
27505,kuhikən,1,1
27506,kuhkəndən,1,1
27507,kuhkənə,1,1
27508,kuhsarəm,1,1
27509,kulahım,1,1
27510,kun,1,1
27511,kuri,1,1
27512,kurü,1,1
27513,kus,1,1
27514,kusfəndü,1,1
27515,kutahlərə,1,1
27516,kuy,1,1
27517,kuydə,1,1
27518,kuydən,1,1
27519,kuyindəki,1,1
27520,kuyinin,1,1
27521,kuylunun,1,1
27522,kuyundakı,1,1
27523,kuyunla,1,1
27524,kuzmani,1,1
27525,kuzə,1,1
27526,kuzəkarı,1,1
27527,kuzəmiz,1,1
27528,kuzəni,1,1
27529,kuçik,1,1
27530,kuçə,1,1
27531,kv,1,1
27532,kvartal,1,1
27533,kvartalnini,1,1
27534,kyn,1,1
27535,köftarə,1,1
27536,köhləndir,1,1
27537,köhlənim,1,1
27538,köhnədir,1,1
27539,köhnəlmişdir,1,1
27540,kökdən,1,1
27541,köklük,1,1
27542,köklədi,1,1
27543,kökslərini,1,1
27544,köksümdə,1,1
27545,köksümdəki,1,1
27546,köksündən,1,1
27547,köksünü,1,1
27548,köksən,1,1
27549,kökündə,1,1
27550,kökǝbdir,1,1
27551,kökəldi,1,1
27552,kökərtləqi,1,1
27553,kölgǝsi,1,1
27554,kölgǝsinǝ,1,1
27555,kölgəlim,1,1
27556,kölgəm,1,1
27557,kölgəndən,1,1
27558,kölgəsidir,1,1
27559,kölgəsin,1,1
27560,kölgəsı,1,1
27561,kölkə,1,1
27562,kölümə,1,1
27563,köməhləşib,1,1
27564,köməkliyi,1,1
27565,köməkçi,1,1
27566,köməkçin,1,1
27567,köməyim,1,1
27568,köməyin,1,1
27569,könlum,1,1
27570,könlübütünlər,1,1
27571,könlümdəki,1,1
27572,könlümi,1,1
27573,könlümni,1,1
27574,könlümtək,1,1
27575,könlümüzdə,1,1
27576,könlümüzün,1,1
27577,könlümǝ,1,1
27578,könüldəki,1,1
27579,könüllü,1,1
27580,könüllǝr,1,1
27581,könüllǝrin,1,1
27582,könültək,1,1
27583,könülün,1,1
27584,köprüdən,1,1
27585,köpük,1,1
27586,köpüklənmiş,1,1
27587,köpüklər,1,1
27588,köpürüb,1,1
27589,köpər,1,1
27590,köpəyi,1,1
27591,körmüşlərmidir,1,1
27592,körpünü,1,1
27593,körpüsün,1,1
27594,körpüsünə,1,1
27595,körpüyə,1,1
27596,körpələri,1,1
27597,körə,1,1
27598,kötəynən,1,1
27599,kövdən,1,1
27600,kövdəndir,1,1
27601,kövhəri,1,1
27602,kövi,1,1
27603,kövkǝb,1,1
27604,kövkəbində,1,1
27605,kövkəbinə,1,1
27606,kövkəblər,1,1
27607,kövni,1,1
27608,kövrük,1,1
27609,kövsǝr,1,1
27610,kövsǝrdǝn,1,1
27611,kövsǝri,1,1
27612,kövsərdir,1,1
27613,kövsəridir,1,1
27614,kövsərim,1,1
27615,kövsərü,1,1
27616,köynǝyindǝn,1,1
27617,köynəhdən,1,1
27618,köynəklərini,1,1
27619,köyrəldi,1,1
27620,köyrəlif,1,1
27621,köysümdən,1,1
27622,köysünü,1,1
27623,közlərdə,1,1
27624,közlərin,1,1
27625,közyərməyə,1,1
27626,közüm,1,1
27627,közünü,1,1
27628,közəl,1,1
27629,köçdüsə,1,1
27630,köçdəki,1,1
27631,köçmək,1,1
27632,köçün,1,1
27633,köçürdü,1,1
27634,köçürdüf,1,1
27635,köçürdən,1,1
27636,köçürt,1,1
27637,köçürtdürüb,1,1
27638,köçə,1,1
27639,köçən,1,1
27640,köşgünnük,1,1
27641,köşkü,1,1
27642,köşkün,1,1
27643,köşməhdən,1,1
27644,küdurətdən,1,1
27645,küdurəti,1,1
27646,küdurətə,1,1
27647,küff,1,1
27648,küfrdə,1,1
27649,küfrinǝ,1,1
27650,küfrlə,1,1
27651,küfrümü,1,1
27652,küfrünü,1,1
27653,küfrünə,1,1
27654,kühu,1,1
27655,kühər,1,1
27656,küknarın,1,1
27657,kükrər,1,1
27658,kükrəyib,1,1
27659,kükrəyən,1,1
27660,külahi,1,1
27661,külahı,1,1
27662,külfətini,1,1
27663,külfətinin,1,1
27664,külfətlikcə,1,1
27665,küllü,1,1
27666,küllüklərdə,1,1
27667,küllüyü,1,1
27668,küllə,1,1
27669,küllər,1,1
27670,külxən,1,1
27671,külüm,1,1
27672,külünü,1,1
27673,külə,1,1
27674,küləkdir,1,1
27675,küləkdən,1,1
27676,küləklər,1,1
27677,küləksən,1,1
27678,küləşi,1,1
27679,künan,1,1
27680,künbədi,1,1
27681,künc,1,1
27682,küncdə,1,1
27683,küncini,1,1
27684,künclərində,1,1
27685,küncün,1,1
27686,küncündǝ,1,1
27687,kündə,1,1
27688,künfǝkan,1,1
27689,künfəkan,1,1
27690,künfəkani,1,1
27691,künfəkanın,1,1
27692,künküreyi,1,1
27693,künt,1,1
27694,küntü,1,1
27695,küpünün,1,1
27696,küpə,1,1
27697,kürdlərin,1,1
27698,kürdü,1,1
27699,kürdəmir,1,1
27700,kürki,1,1
27701,kürkə,1,1
27702,kürlə,1,1
27703,kürsülər,1,1
27704,kürsünün,1,1
27705,küruhu,1,1
27706,kürüyürdü,1,1
27707,kürək,1,1
27708,kürəkli,1,1
27709,kürəyə,1,1
27710,küsarı,1,1
27711,küsdürmüşəm,1,1
27712,küsdüyü,1,1
27713,küsdüyüm,1,1
27714,küsmüşdü,1,1
27715,küsməyin,1,1
27716,küstaxlıq,1,1
27717,küsübsən,1,1
27718,küsülülər,1,1
27719,küsə,1,1
27720,küsərlər,1,1
27721,küsəstə,1,1
27722,kütah,1,1
27723,kütbeyin,1,1
27724,küz,1,1
27725,küçədən,1,1
27726,küçələrdə,1,1
27727,kǝbab,1,1
27728,kǝbeyi,1,1
27729,kǝbǝb,1,1
27730,kǝbǝsin,1,1
27731,kǝcsüxǝn,1,1
27732,kǝdǝrpǝzir,1,1
27733,kǝlamini,1,1
27734,kǝlamüllahi,1,1
27735,kǝlamın,1,1
27736,kǝm,1,1
27737,kǝmali,1,1
27738,kǝmalü,1,1
27739,kǝman,1,1
27740,kǝmǝr,1,1
27741,kǝnan,1,1
27742,kǝnandır,1,1
27743,kǝnani,1,1
27744,kǝnari,1,1
27745,kǝnarindǝ,1,1
27746,kǝnci,1,1
27747,kǝndü,1,1
27748,kǝnzin,1,1
27749,kǝramǝt,1,1
27750,kǝrbǝla,1,1
27751,kǝrim,1,1
27752,kǝs,1,1
27753,kǝsmǝ,1,1
27754,kǝzaf,1,1
27755,kəbabə,1,1
27756,kəbin,1,1
27757,kəbkim,1,1
27758,kəbkü,1,1
27759,kəblə,1,1
27760,kəbutər,1,1
27761,kəbutərdir,1,1
27762,kəbül,1,1
27763,kəbədi,1,1
27764,kəbədir,1,1
27765,kəbəpərəst,1,1
27766,kəbəsinin,1,1
27767,kəbətək,1,1
27768,kəbəvü,1,1
27769,kəbəyəm,1,1
27770,kəbеyi,1,1
27771,kəcavə,1,1
27772,kəcbin,1,1
27773,kəcnümasənmiş,1,1
27774,kəcrov,1,1
27775,kəcrövü,1,1
27776,kədxudaləri,1,1
27777,kədərdən,1,1
27778,kədərim,1,1
27779,kədərli,1,1
27780,kədərxanəni,1,1
27781,kəfak,1,1
27782,kəffarət,1,1
27783,kəffaş,1,1
27784,kəfil,1,1
27785,kəfiə,1,1
27786,kəfnü,1,1
27787,kəfəndən,1,1
27788,kəfəni,1,1
27789,kəfənlədilər,1,1
27790,kəfənə,1,1
27791,kəhf,1,1
27792,kəhfin,1,1
27793,kəhfindədir,1,1
27794,kəhfə,1,1
27795,kəhlik,1,1
27796,kəhrəbası,1,1
27797,kəhər,1,1
27798,kəhərinin,1,1
27799,kəkili,1,1
27800,kəkotu,1,1
27801,kəlamda,1,1
27802,kəlamdır,1,1
27803,kəlamsız,1,1
27804,kəlamüllahi,1,1
27805,kəlamüllahı,1,1
27806,kəlamüllahə,1,1
27807,kəlamım,1,1
27808,kəlamımı,1,1
27809,kəlamıntək,1,1
27810,kəlamını,1,1
27811,kəlamə,1,1
27812,kəlaq,1,1
27813,kəlağ,1,1
27814,kəlağay,1,1
27815,kəlağaylı,1,1
27816,kəlaği,1,1
27817,kəlağə,1,1
27818,kəlağеy,1,1
27819,kəlb,1,1
27820,kəlbin,1,1
27821,kəlbinə,1,1
27822,kəlbəcərdə,1,1
27823,kəlbəm,1,1
27824,kəli,1,1
27825,kəlimüllah,1,1
27826,kəlimüllahi,1,1
27827,kəlisadan,1,1
27828,kəlisanın,1,1
27829,kəllədə,1,1
27830,kəlləmi,1,1
27831,kəllənin,1,1
27832,kəlləsindən,1,1
27833,kəlləxüşk,1,1
27834,kəlləyə,1,1
27835,kəlməlidi,1,1
27836,kəlmələr,1,1
27837,kəlməsin,1,1
27838,kəlməsində,1,1
27839,kəlməsindən,1,1
27840,kəlməsinnən,1,1
27841,kəlməyi,1,1
27842,kələbəcərə,1,1
27843,kələfində,1,1
27844,kələklə,1,1
27845,kələndə,1,1
27846,kələynən,1,1
27847,kələz,1,1
27848,kəmahi,1,1
27849,kəmahu,1,1
27850,kəmahı,1,1
27851,kəmala,1,1
27852,kəmalatına,1,1
27853,kəmaldə,1,1
27854,kəmaldən,1,1
27855,kəmalu,1,1
27856,kəmalım,1,1
27857,kəmalımdır,1,1
27858,kəmalın,1,1
27859,kəmandar,1,1
27860,kəmandarsan,1,1
27861,kəmandarə,1,1
27862,kəmanü,1,1
27863,kəmanəbru,1,1
27864,kəmanəbruyə,1,1
27865,kəmdürür,1,1
27866,kəmliyim,1,1
27867,kəmnəzəri,1,1
27868,kəmqədrdir,1,1
27869,kəmtərinimdir,1,1
27870,kəmtərə,1,1
27871,kəmtərəku,1,1
27872,kəmtərəm,1,1
27873,kəmşavağat,1,1
27874,kəmşəfqət,1,1
27875,kəməli,1,1
27876,kəmənddi,1,1
27877,kəmənddədi,1,1
27878,kəməndin,1,1
27879,kəməndindən,1,1
27880,kəməndədi,1,1
27881,kəmənçəsini,1,1
27882,kəmərlinin,1,1
27883,kəmərlə,1,1
27884,kənanda,1,1
27885,kənandan,1,1
27886,kənani,1,1
27887,kənanmısan,1,1
27888,kənanı,1,1
27889,kənanım,1,1
27890,kənanə,1,1
27891,kənarda,1,1
27892,kənardır,1,1
27893,kənarü,1,1
27894,kənarın,1,1
27895,kənarına,1,1
27896,kənarədir,1,1
27897,kəncəfə,1,1
27898,kəndarında,1,1
27899,kənddənsən,1,1
27900,kənddəri,1,1
27901,kənddərin,1,1
27902,kənddərinin,1,1
27903,kənddərə,1,1
27904,kəndilərə,1,1
27905,kəndim,1,1
27906,kəndindir,1,1
27907,kəndirdən,1,1
27908,kəndisin,1,1
27909,kəndisinə,1,1
27910,kəndlidə,1,1
27911,kəndliləri,1,1
27912,kəndlinin,1,1
27913,kəndləri,1,1
27914,kənduyə,1,1
27915,kəndözündən,1,1
27916,kəndü,1,1
27917,kəndüdə,1,1
27918,kəndərdən,1,1
27919,kəngər,1,1
27920,kəngərdən,1,1
27921,kənizə,1,1
27922,kənz,1,1
27923,kənzün,1,1
27924,kəpək,1,1
27925,kəpəkdir,1,1
27926,kəpənəklər,1,1
27927,kərahətsiz,1,1
27928,kəramətidir,1,1
27929,kəramətin,1,1
27930,kəramətinə,1,1
27931,kəramətli,1,1
27932,kəranəm,1,1
27933,kərbala,1,1
27934,kərbübəlaya,1,1
27935,kərbəla,1,1
27936,kərbəladur,1,1
27937,kərbəlam,1,1
27938,kərbəlayə,1,1
27939,kərdənə,1,1
27940,kərgədana,1,1
27941,kərihül,1,1
27942,kərimdir,1,1
27943,kərimdə,1,1
27944,kərimdən,1,1
27945,kərimin,1,1
27946,kərimli,1,1
27947,kərimləri,1,1
27948,kərimsən,1,1
27949,kərimü,1,1
27950,kərkini,1,1
27951,kərkisi,1,1
27952,kərmə,1,1
27953,kərpicsiz,1,1
27954,kərpiç,1,1
27955,kərrar,1,1
27956,kərrü,1,1
27957,kərəlik,1,1
27958,kərəmdir,1,1
27959,kərəmdəndir,1,1
27960,kərəmisi,1,1
27961,kərəmkanı,1,1
27962,kərəmlə,1,1
27963,kərəmnən,1,1
27964,kərəmpişədi,1,1
27965,kərəmsiz,1,1
27966,kərəsi,1,1
27967,kəsad,1,1
27968,kəsakəs,1,1
27969,kəsbini,1,1
27970,kəsbinə,1,1
27971,kəsbü,1,1
27972,kəsdilə,1,1
27973,kəsdin,1,1
27974,kəsdirib,1,1
27975,kəsdirmişəm,1,1
27976,kəsdirə,1,1
27977,kəsdirər,1,1
27978,kəsdirəsən,1,1
27979,kəsdivü,1,1
27980,kəsdiyini,1,1
27981,kəsfi,1,1
27982,kəsibən,1,1
27983,kəsif,1,1
27984,kəsildim,1,1
27985,kəsilibdi,1,1
27986,kəsilibdir,1,1
27987,kəsilin,1,1
27988,kəsilir,1,1
27989,kəsilirmi,1,1
27990,kəsilmiş,1,1
27991,kəsilmişdir,1,1
27992,kəsilməsin,1,1
27993,kəsilməyib,1,1
27994,kəsilsə,1,1
27995,kəsilsəm,1,1
27996,kəsiləkəsilə,1,1
27997,kəsilən,1,1
27998,kəsilərdi,1,1
27999,kəsiri,1,1
28000,kəsirin,1,1
28001,kəsirini,1,1
28002,kəsirəm,1,1
28003,kəskindir,1,1
28004,kəslərdən,1,1
28005,kəslərin,1,1
28006,kəsmişdilər,1,1
28007,kəsmişdir,1,1
28008,kəsmişdiyidi,1,1
28009,kəsmədi,1,1
28010,kəsməmişəm,1,1
28011,kəsməyini,1,1
28012,kəsməyəsən,1,1
28013,kəsməzdi,1,1
28014,kəsməzəm,1,1
28015,kəsnən,1,1
28016,kəssələr,1,1
28017,kəsəbə,1,1
28018,kəsək,1,1
28019,kəsəm,1,1
28020,kəsəmən,1,1
28021,kəsəməndə,1,1
28022,kəsəmənlilərin,1,1
28023,kəsərəm,1,1
28024,kəsəyəni,1,1
28025,kətxuda,1,1
28026,kəvər,1,1
28027,kəvərdəyik,1,1
28028,kəz,1,1
28029,kəzaf,1,1
28030,kəşfinə,1,1
28031,kəşfə,1,1
28032,kəşmir,1,1
28033,kəşmirimiz,1,1
28034,kəşt,1,1
28035,kəştinin,1,1
28036,kəştı,1,1
28037,kеf,1,1
28038,kеfdə,1,1
28039,kеfləri,1,1
28040,kеy,1,1
28041,kеyitdi,1,1
28042,kеç,1,1
28043,kеçdim,1,1
28044,kеçdisə,1,1
28045,kеçdiyindən,1,1
28046,kеçdiyinə,1,1
28047,kеçirdi,1,1
28048,kеçirim,1,1
28049,kеçirir,1,1
28050,kеçirirdilər,1,1
28051,kеçirmişik,1,1
28052,kеçirsə,1,1
28053,kеçirtdi,1,1
28054,kеçirtmə,1,1
28055,kеçirən,1,1
28056,kеçirəndən,1,1
28057,kеçmirmiş,1,1
28058,kеçmədi,1,1
28059,kеçməmişdi,1,1
28060,kеçməsə,1,1
28061,kеçməyini,1,1
28062,kеçədür,1,1
28063,kеçəni,1,1
28064,kеçənə,1,1
28065,kеçərdin,1,1
28066,kәfәn,1,1
28067,kәnara,1,1
28068,kәs,1,1
28069,kәsilib,1,1
28070,kәsәn,1,1
28071,labüd,1,1
28072,lacivərd,1,1
28073,lacivərdidən,1,1
28074,ladən,1,1
28075,lafilə,1,1
28076,lafın,1,1
28077,lafında,1,1
28078,lah,1,1
28079,lahic,1,1
28080,lahutun,1,1
28081,lahümmə,1,1
28082,lahıcdan,1,1
28083,lahın,1,1
28084,lahə,1,1
28085,lailac,1,1
28086,lalalı,1,1
28087,lalasan,1,1
28088,lalasıdır,1,1
28089,lalayə,1,1
28090,lalazər,1,1
28091,lale,1,1
28092,lalədəki,1,1
28093,laləgunumdur,1,1
28094,lalələrin,1,1
28095,lalərüxlər,1,1
28096,lalərüxsarın,1,1
28097,lalərəngi,1,1
28098,laləsi,1,1
28099,laləzardə,1,1
28100,laləzarımı,1,1
28101,laləüzarım,1,1
28102,lamdi,1,1
28103,lamdır,1,1
28104,lampaya,1,1
28105,lamǝmat,1,1
28106,lamədir,1,1
28107,laməhalə,1,1
28108,laməkandır,1,1
28109,laməkansan,1,1
28110,laməkanın,1,1
28111,laməkə,1,1
28112,laməzhəb,1,1
28113,lanur,1,1
28114,lanı,1,1
28115,laqeyd,1,1
28116,laqqırtılara,1,1
28117,larandadır,1,1
28118,las,1,1
28119,latail,1,1
28120,latayırla,1,1
28121,latə,1,1
28122,latəhərrük,1,1
28123,latələzmu,1,1
28124,latətəə,1,1
28125,lavaşı,1,1
28126,laxqəydi,1,1
28127,layi,1,1
28128,layihəsinin,1,1
28129,layiqcə,1,1
28130,layiqincə,1,1
28131,layiqinü,1,1
28132,layiqmisən,1,1
28133,layiqsən,1,1
28134,layiqəm,1,1
28135,layışqırılana,1,1
28136,layǝqǝl,1,1
28137,layə,1,1
28138,layəhzər,1,1
28139,layənalu,1,1
28140,layənam,1,1
28141,layəqil,1,1
28142,layəzali,1,1
28143,layəzalın,1,1
28144,lazımədir,1,1
28145,laçındır,1,1
28146,laübali,1,1
28147,lağ,1,1
28148,lağımdır,1,1
28149,lağımlar,1,1
28150,laşeyi,1,1
28151,laşədən,1,1
28152,laşərik,1,1
28153,laəqəl,1,1
28154,lbǝ,1,1
28155,ldir,1,1
28156,ldırım,1,1
28157,ldə,1,1
28158,ldəndir,1,1
28159,lev,1,1
28160,leykin,1,1
28161,leyldirmi,1,1
28162,leylidi,1,1
28163,leylini,1,1
28164,leylisifətli,1,1
28165,leylivəşin,1,1
28166,leyliyi,1,1
28167,leylǝtülqǝdr,1,1
28168,leysan,1,1
28169,leytǝni,1,1
28170,leşkər,1,1
28171,leşkəri,1,1
28172,lgun,1,1
28173,libasda,1,1
28174,libasini,1,1
28175,libasım,1,1
28176,libasımı,1,1
28177,libasında,1,1
28178,libasının,1,1
28179,liberal,1,1
28180,liberalizm,1,1
28181,liberalizmin,1,1
28182,liberalını,1,1
28183,lider,1,1
28184,lifi,1,1
28185,lifəsiylə,1,1
28186,lihafın,1,1
28187,likler,1,1
28188,lillahül,1,1
28189,lilləh,1,1
28190,lilləhüd,1,1
28191,lim,1,1
28192,limu,1,1
28193,lində,1,1
28194,lini,1,1
28195,linizdən,1,1
28196,linmi,1,1
28197,linə,1,1
28198,liqalım,1,1
28199,liqasi,1,1
28200,liqası,1,1
28201,liqayi,1,1
28202,liqayə,1,1
28203,lisanaol,1,1
28204,lisandır,1,1
28205,lisanı,1,1
28206,lisanımdır,1,1
28207,lisanımız,1,1
28208,lisanından,1,1
28209,lişib,1,1
28210,lləti,1,1
28211,lovlaki,1,1
28212,lovğalanmasan,1,1
28213,lovğalansınlar,1,1
28214,lovğalıqla,1,1
28215,loyal,1,1
28216,loğmanısan,1,1
28217,loğması,1,1
28218,loğmaya,1,1
28219,loğməyə,1,1
28220,lqar,1,1
28221,lqarımda,1,1
28222,lqarın,1,1
28223,ltifatı,1,1
28224,ltifatın,1,1
28225,luka,1,1
28226,lulü,1,1
28227,lum,1,1
28228,lumu,1,1
28229,lyas,1,1
28230,lölöyi,1,1
28231,löqmeni,1,1
28232,lövhidə,1,1
28233,lövhindən,1,1
28234,lövhüm,1,1
28235,lövhündəki,1,1
28236,lövhə,1,1
28237,lövndə,1,1
28238,löyə,1,1
28239,löğməni,1,1
28240,lübab,1,1
28241,lücceyi,1,1
28242,lütfdə,1,1
28243,lütfii,1,1
28244,lütfiin,1,1
28245,lütfin,1,1
28246,lütfindǝn,1,1
28247,lütflər,1,1
28248,lütfuvə,1,1
28249,lütfünlə,1,1
28250,lütfünə,1,1
28251,lütfünədir,1,1
28252,lütvü,1,1
28253,lüvü,1,1
28254,lüzumu,1,1
28255,lıansı,1,1
28256,lıkka,1,1
28257,lǝb,1,1
28258,lǝbi,1,1
28259,lǝhzǝ,1,1
28260,lǝin,1,1
28261,lǝlini,1,1
28262,lǝntǝrani,1,1
28263,lǝvǝnd,1,1
28264,lǝzzǝtindǝn,1,1
28265,lǝşgǝrindǝn,1,1
28266,ləban,1,1
28267,ləbbeyk,1,1
28268,ləbidə,1,1
28269,ləbindədir,1,1
28270,ləbinizdən,1,1
28271,ləbintək,1,1
28272,ləbitək,1,1
28273,ləblə,1,1
28274,ləblər,1,1
28275,ləblərimi,1,1
28276,ləbtəşnə,1,1
28277,ləbtəşnələr,1,1
28278,ləbtəşnəyəm,1,1
28279,ləbxamuşan,1,1
28280,ləbü,1,1
28281,ləc,1,1
28282,lədayhi,1,1
28283,ləffata,1,1
28284,ləffü,1,1
28285,ləfzdir,1,1
28286,ləfzdə,1,1
28287,ləfzin,1,1
28288,ləfzində,1,1
28289,ləhcə,1,1
28290,ləhcələri,1,1
28291,ləhcəsi,1,1
28292,ləhcəsində,1,1
28293,ləhcəsini,1,1
28294,ləhcəyə,1,1
28295,ləhlətə,1,1
28296,ləhnü,1,1
28297,ləhu,1,1
28298,ləhv,1,1
28299,ləhyani,1,1
28300,ləhzəvü,1,1
28301,ləhəb,1,1
28302,ləhəblərlə,1,1
28303,ləhəd,1,1
28304,ləini,1,1
28305,ləinə,1,1
28306,ləkə,1,1
28307,ləldir,1,1
28308,ləldən,1,1
28309,ləligunə,1,1
28310,ləlilə,1,1
28311,ləlindir,1,1
28312,ləlindəki,1,1
28313,ləllər,1,1
28314,ləllərin,1,1
28315,ləllərindən,1,1
28316,ləlnişan,1,1
28317,ləlvəş,1,1
28318,ləlüvi,1,1
28319,ləmyəzəldir,1,1
28320,ləmyəzəlidir,1,1
28321,ləmü,1,1
28322,lən,1,1
28323,lənar,1,1
28324,ləngidilər,1,1
28325,ləngidin,1,1
28326,ləngimək,1,1
28327,lənətdən,1,1
28328,lənəti,1,1
28329,lənətlərə,1,1
28330,lənətullah,1,1
28331,ləpəsi,1,1
28332,ləqəbi,1,1
28333,ləqəbin,1,1
28334,ləqəblərimdir,1,1
28335,lər,1,1
28336,lərki,1,1
28337,lərzanü,1,1
28338,lərzanım,1,1
28339,ləsindən,1,1
28340,lətafətlim,1,1
28341,lətifdi,1,1
28342,lətifeyi,1,1
28343,lətifi,1,1
28344,lətifilə,1,1
28345,lətifə,1,1
28346,lətifəsi,1,1
28347,lətsəm,1,1
28348,ləxti,1,1
28349,ləyaqət,1,1
28350,ləyaqətli,1,1
28351,ləyaqətsiz,1,1
28352,ləyatəcəzza1,1,1
28353,ləzgi,1,1
28354,ləzhə,1,1
28355,ləzzətin,1,1
28356,ləzzətli,1,1
28357,ləzzətə,1,1
28358,ləçəgi,1,1
28359,ləçəklərin,1,1
28360,ləşkərimi,1,1
28361,ləşkərə,1,1
28362,lеyi,1,1
28363,lеylidən,1,1
28364,lеylisiz,1,1
28365,lеyliyi,1,1
28366,lеylətül,1,1
28367,lеysə,1,1
28368,lәnәt,1,1
28369,maaş,1,1
28370,macalın,1,1
28371,macerası,1,1
28372,macəra,1,1
28373,macəradəndir,1,1
28374,macəralərin,1,1
28375,macərasından,1,1
28376,macərayi,1,1
28377,madiyə,1,1
28378,madyan,1,1
28379,madır,1,1
28380,madərin,1,1
28381,mahaldan,1,1
28382,mahaldır,1,1
28383,mahallarına,1,1
28384,mahalıdı,1,1
28385,mahalım,1,1
28386,mahalındadırlar,1,1
28387,mahalınnan,1,1
28388,maharım,1,1
28389,mahdir,1,1
28390,mahdən,1,1
28391,mahimiz,1,1
28392,mahinin,1,1
28393,mahirsən,1,1
28394,mahitab,1,1
28395,mahiyi,1,1
28396,mahmudun,1,1
28397,mahnadı,1,1
28398,mahparə,1,1
28399,mahru,1,1
28400,mahrudən,1,1
28401,mahruxsarı,1,1
28402,mahsurət,1,1
28403,mahu,1,1
28404,mahud,1,1
28405,mahuddur,1,1
28406,mahıdı,1,1
28407,mahəsəli,1,1
28408,mahəzər,1,1
28409,maildir,1,1
28410,mailəm,1,1
28411,makedoniyalı,1,1
28412,maldövləti,1,1
28413,malhеyvan,1,1
28414,malhеyvanını,1,1
28415,mali,1,1
28416,malikə,1,1
28417,malinə,1,1
28418,mallarının,1,1
28419,mallı,1,1
28420,malçi,1,1
28421,malımdır,1,1
28422,malımla,1,1
28423,malımı,1,1
28424,malımız,1,1
28425,malınızda,1,1
28426,malıyam,1,1
28427,mamam,1,1
28428,mamlar,1,1
28429,mamü,1,1
28430,manatını,1,1
28431,manei,1,1
28432,maneyi,1,1
28433,maneyəm,1,1
28434,manqal,1,1
28435,mansır,1,1
28436,mansızlıq,1,1
28437,manı,1,1
28438,manından,1,1
28439,manə,1,1
28440,manəndeyi,1,1
28441,manеi,1,1
28442,marala,1,1
28443,maralların,1,1
28444,maralyan,1,1
28445,maralım,1,1
28446,maralına,1,1
28447,maralısan,1,1
28448,maraqlanarsa,1,1
28449,maraqlandı,1,1
28450,maraxlıydı,1,1
28451,marhəm,1,1
28452,mari,1,1
28453,markiz,1,1
28454,marut,1,1
28455,masiva,1,1
28456,masivallahdan,1,1
28457,masivəllah,1,1
28458,masələf,1,1
28459,masəva,1,1
28460,masəvəllahdan,1,1
28461,matəmdə,1,1
28462,matəmi,1,1
28463,matəmsəra,1,1
28464,matəmü,1,1
28465,mavzer,1,1
28466,mavü,1,1
28467,maya,1,1
28468,mayabud,1,1
28469,mayalandı,1,1
28470,mayildir,1,1
28471,mayili,1,1
28472,mayiləm,1,1
28473,mayüridi,1,1
28474,mayıldı,1,1
28475,mayəsindən,1,1
28476,mazarratı,1,1
28477,mazi,1,1
28478,mazidən,1,1
28479,maçində,1,1
28480,maçinü,1,1
28481,mağaralarda,1,1
28482,mağaraya,1,1
28483,maşaallah,1,1
28484,maəda,1,1
28485,maən,1,1
28486,mecnuni,1,1
28487,medh,1,1
28488,meh,1,1
28489,mehdidir,1,1
28490,mehdiliyә,1,1
28491,mehdiyə,1,1
28492,mehi,1,1
28493,mehliqadən,1,1
28494,mehmanam,1,1
28495,mehmandı,1,1
28496,mehmaninəm,1,1
28497,mehmansan,1,1
28498,mehmanxanaya,1,1
28499,mehmanımsan,1,1
28500,mehmanın,1,1
28501,mehmanǝmizdir,1,1
28502,mehmet,1,1
28503,mehnət,1,1
28504,mehnətdirü,1,1
28505,mehnətim,1,1
28506,mehparədən,1,1
28507,mehrabdə,1,1
28508,mehrabdən,1,1
28509,mehrabıdır,1,1
28510,mehrabın,1,1
28511,mehrabını,1,1
28512,mehrdən,1,1
28513,mehribana,1,1
28514,mehribanlıq,1,1
28515,mehribanım,1,1
28516,mehrilən,1,1
28517,mehrimi,1,1
28518,mehrindənmidir,1,1
28519,mehrinin,1,1
28520,mehrinə,1,1
28521,mehrǝ,1,1
28522,mehrəm,1,1
28523,mehtabı,1,1
28524,mehtabın,1,1
28525,mehtər,1,1
28526,mehtərdə,1,1
28527,mehtərləri,1,1
28528,mehvərin,1,1
28529,mehəbbətdə,1,1
28530,mekandır,1,1
28531,memar,1,1
28532,memari,1,1
28533,memarlıq,1,1
28534,memarımız,1,1
28535,memarə,1,1
28536,men,1,1
28537,menden,1,1
28538,meni,1,1
28539,menim,1,1
28540,mentaliteti,1,1
28541,menə,1,1
28542,meracdə,1,1
28543,merhelədən,1,1
28544,merhimanımdır,1,1
28545,mertebo,1,1
28546,mesləhət,1,1
28547,mevəcatı,1,1
28548,meyar,1,1
28549,meyarı,1,1
28550,meydandan,1,1
28551,meydanıdır,1,1
28552,meydanım,1,1
28553,meydanımdır,1,1
28554,meydanında,1,1
28555,meydnını,1,1
28556,meyfuruş,1,1
28557,meygunü,1,1
28558,meygədələr,1,1
28559,meyiddəri,1,1
28560,meyindǝn,1,1
28561,meyitləri,1,1
28562,meyitlərin,1,1
28563,meyküsarə,1,1
28564,meylini,1,1
28565,meynədən,1,1
28566,meynəlikdən,1,1
28567,meynələri,1,1
28568,meynəni,1,1
28569,meysiz,1,1
28570,meysüzən,1,1
28571,meyvədə,1,1
28572,meyvədəki,1,1
28573,meyvəli,1,1
28574,meyvəliyi,1,1
28575,meyvələri,1,1
28576,meyvələrilə,1,1
28577,meyvələrinin,1,1
28578,meyvələrə,1,1
28579,meyvəni,1,1
28580,meyvənin,1,1
28581,meyvəsini,1,1
28582,meyvəsiyəm,1,1
28583,meyvəsən,1,1
28584,meyvətək,1,1
28585,meyvəyə,1,1
28586,meyxana,1,1
28587,meyxanedi,1,1
28588,meyxaneyi,1,1
28589,meyxanǝ,1,1
28590,meyxanǝdǝn,1,1
28591,meyxanǝlǝr,1,1
28592,meyxanǝsindǝn,1,1
28593,meyxanədir,1,1
28594,meyxanəyəm,1,1
28595,meyyit,1,1
28596,meyçün,1,1
28597,meyəfşan,1,1
28598,meyхanələrin,1,1
28599,meşoğ,1,1
28600,meşədə,1,1
28601,meşəyə,1,1
28602,miad,1,1
28603,midad,1,1
28604,midbəri,1,1
28605,miftahi,1,1
28606,miişkünazgilə,1,1
28607,mikaili,1,1
28608,mikaillə,1,1
28609,mikayıldan,1,1
28610,mildir,1,1
28611,milh,1,1
28612,milhi,1,1
28613,milini,1,1
28614,milləta,1,1
28615,millətdən,1,1
28616,millətidi,1,1
28617,millətimizdə,1,1
28618,millətin,1,1
28619,millətini,1,1
28620,millətinin,1,1
28621,millətlərarası,1,1
28622,millətsən,1,1
28623,millətçilik,1,1
28624,millətçiliyə,1,1
28625,milyon,1,1
28626,milyonluq,1,1
28627,milçəyin,1,1
28628,mimma,1,1
28629,mimü,1,1
28630,minacat,1,1
28631,minaları,1,1
28632,minallah,1,1
28633,minar,1,1
28634,minarə,1,1
28635,minarəsi,1,1
28636,minasın,1,1
28637,minavü,1,1
28638,minaya,1,1
28639,minayi,1,1
28640,minayə,1,1
28641,minbəra,1,1
28642,minbəri,1,1
28643,minbərə,1,1
28644,mincə,1,1
28645,mindir,1,1
28646,minhaci,1,1
28647,minhacəl,1,1
28648,mini,1,1
28649,minif,1,1
28650,miniətsiz,1,1
28651,minkirin,1,1
28652,minküm,1,1
28653,minlərcə,1,1
28654,minmidir,1,1
28655,minnǝtdir,1,1
28656,minnətdaram,1,1
28657,minnətdir,1,1
28658,minnəti,1,1
28659,minnətkar,1,1
28660,minnətçi,1,1
28661,minqari,1,1
28662,minqarı,1,1
28663,minsin,1,1
28664,minval,1,1
28665,minvalnan,1,1
28666,minşar,1,1
28667,minşar1,1,1
28668,minəllah,1,1
28669,minəllahül,1,1
28670,minəm,1,1
28671,minən,1,1
28672,minərsən,1,1
28673,miqatdan,1,1
28674,miqdarda,1,1
28675,miqdarinə,1,1
28676,miqdarı,1,1
28677,miqdarıncadır,1,1
28678,miqraz,1,1
28679,miras,1,1
28680,miratına,1,1
28681,miri,1,1
28682,mirimiz,1,1
28683,mirovoy,1,1
28684,mirvaridim,1,1
28685,mirvarim,1,1
28686,mirvariyə,1,1
28687,mirvarıdı,1,1
28688,mirvarım,1,1
28689,mirzədən,1,1
28690,mirzəyə,1,1
28691,misalı,1,1
28692,misdən,1,1
28693,misgərlər,1,1
28694,misilli,1,1
28695,misilsizsə,1,1
28696,misirdə,1,1
28697,misirdən,1,1
28698,miskinü,1,1
28699,mislivü,1,1
28700,mismarə,1,1
28701,misratək,1,1
28702,misrim,1,1
28703,misrini,1,1
28704,misrinin,1,1
28705,misrəi,1,1
28706,mistər,1,1
28707,mitilin,1,1
28708,mixləb,1,1
28709,miyan,1,1
28710,miyanındən,1,1
28711,miyanə,1,1
28712,mizacimdə,1,1
28713,mizacı,1,1
28714,mizacına,1,1
28715,mizaj,1,1
28716,mizanda,1,1
28717,mizani,1,1
28718,mizanı,1,1
28719,mizanım,1,1
28720,miziban,1,1
28721,mizmar,1,1
28722,mizrab,1,1
28723,mizraq,1,1
28724,mizəbanın,1,1
28725,mişarı,1,1
28726,mişginbalini,1,1
28727,mişginindən,1,1
28728,mişkdəm,1,1
28729,mişkim,1,1
28730,mişkini,1,1
28731,mişkinin,1,1
28732,mişkinini,1,1
28733,mişkinü,1,1
28734,mişkinə,1,1
28735,mişkəfşani,1,1
28736,mişkəfşaninəm,1,1
28737,mkan,1,1
28738,mmi,1,1
28739,modyan,1,1
28740,mohnət,1,1
28741,mohnəti,1,1
28742,mohnətu,1,1
28743,mollada,1,1
28744,mollalar,1,1
28745,mollalardan,1,1
28746,mollalığınızdan,1,1
28747,mollası,1,1
28748,mollasən,1,1
28749,mollaxanaya,1,1
28750,mollaya,1,1
28751,molçi,1,1
28752,monolitliyi,1,1
28753,monoqrafiyadır,1,1
28754,motal,1,1
28755,motaluçanın,1,1
28756,motalı,1,1
28757,motalın,1,1
28758,movc,1,1
28759,movcinə,1,1
28760,movlayi,1,1
28761,moğol,1,1
28762,moğolçindir,1,1
28763,mperatora,1,1
28764,mperaturi,1,1
28765,mr,1,1
28766,mran,1,1
28767,mrul,1,1
28768,ms,1,1
28769,mtahan,1,1
28770,mtəhan,1,1
28771,mtəhanxanədir,1,1
28772,mubarək,1,1
28773,mubhəmi,1,1
28774,muddət,1,1
28775,muddətdir,1,1
28776,mulkünü,1,1
28777,multani,1,1
28778,multikulturalizmi,1,1
28779,mumdan,1,1
28780,mumiya,1,1
28781,mumudur,1,1
28782,mun,1,1
28783,munu,1,1
28784,munun,1,1
28785,muqəyyədi,1,1
28786,muraduva,1,1
28787,muradıma,1,1
28788,muradımı,1,1
28789,muradınca,1,1
28790,murdarlamasından,1,1
28791,murdarlığı,1,1
28792,murdarramaynan,1,1
28793,murdarsən,1,1
28794,murdən,1,1
28795,murtaz,1,1
28796,murtəza,1,1
28797,murundan,1,1
28798,murği,1,1
28799,murğuzar,1,1
28800,murşidu,1,1
28801,musadır,1,1
28802,musamısan,1,1
28803,musani,1,1
28804,musasifət,1,1
28805,musayı,1,1
28806,musayə,1,1
28807,musiqar,1,1
28808,musiqi,1,1
28809,musiqiyü,1,1
28810,mustafadur,1,1
28811,mustafadır,1,1
28812,mustafagil,1,1
28813,mustafavü,1,1
28814,mustəme,1,1
28815,mustəһzər,1,1
28816,musurmannarı,1,1
28817,musəlləm,1,1
28818,musеyi,1,1
28819,mutribu,1,1
28820,muy,1,1
28821,muyimdə,1,1
28822,muyini,1,1
28823,muylum,1,1
28824,muylunun,1,1
28825,muymisalim,1,1
28826,muyundan,1,1
28827,muğana,1,1
28828,muğanın,1,1
28829,muğların,1,1
28830,muşağı,1,1
28831,muşdir,1,1
28832,muşdu,1,1
28833,muşkil,1,1
28834,muşov,1,1
28835,muşqura,1,1
28836,muşriki,1,1
28837,muştuluq,1,1
28838,muştuluqçudan,1,1
28839,muştuluqçuya,1,1
28840,muştuluğumu,1,1
28841,muşudu,1,1
28842,möbid,1,1
28843,möbədi,1,1
28844,möc,1,1
28845,möcizbəyan,1,1
28846,möcizdir,1,1
28847,möcizdə,1,1
28848,möcüzatı,1,1
28849,möcüzdə,1,1
28850,möcüzələr,1,1
28851,möcüzənlə,1,1
28852,möcüzеyi,1,1
28853,möhbətimiz,1,1
28854,möhkəmatından,1,1
28855,möhkəmləndi,1,1
28856,möhkəmü,1,1
28857,möhkəməm,1,1
28858,möhkәm,1,1
28859,möhnetü,1,1
28860,möhnǝtindǝn,1,1
28861,möhnǝtü,1,1
28862,möhnətdi,1,1
28863,möhnətinə,1,1
28864,möhnətlə,1,1
28865,möhnətlər,1,1
28866,möhnətsəralərdən,1,1
28867,möhnətsəramizi,1,1
28868,möhrü,1,1
28869,möhrümüzü,1,1
28870,möhrün,1,1
28871,möhrələr,1,1
28872,möhsin,1,1
28873,möhtacam,1,1
28874,möhtacı,1,1
28875,möhtad,1,1
28876,möhtəcib,1,1
28877,möhtəmil,1,1
28878,möhtərəm,1,1
28879,möhtərəmdir,1,1
28880,möhübbə,1,1
28881,mömininə,1,1
28882,möminlərin,1,1
28883,mötadı,1,1
28884,mötadəm,1,1
28885,mötǝbǝrdir,1,1
28886,mötəbəri,1,1
28887,mötəbərlikdir,1,1
28888,mötədildi,1,1
28889,mötəl,1,1
28890,mövalilər,1,1
28891,mövcdən,1,1
28892,mövclənmiş,1,1
28893,mövcud,1,1
28894,mövcuddur,1,1
28895,mövcudi,1,1
28896,mövcudini,1,1
28897,mövcxiz,1,1
28898,mövlalarını,1,1
28899,mövlasinə,1,1
28900,mövlasın,1,1
28901,mövlaya,1,1
28902,mövlayi,1,1
28903,mövnəti,1,1
28904,mövqedə,1,1
28905,mövqeyində,1,1
28906,mövquf,1,1
28907,mövsim,1,1
28908,mövsimdə,1,1
28909,mövsümdə,1,1
28910,mövsümi,1,1
28911,mövsümündə,1,1
28912,mövta,1,1
28913,mövtü,1,1
28914,mövzudur,1,1
28915,mövzularda,1,1
28916,mövzuni,1,1
28917,mövzunu,1,1
28918,mövzunə,1,1
28919,möçüzü,1,1
28920,müalicdən,1,1
28921,müalici,1,1
28922,müariz,1,1
28923,müasirləri,1,1
28924,mübahisələr,1,1
28925,mübahisələrimiz,1,1
28926,mübahisələrin,1,1
28927,mübahisələrə,1,1
28928,mübahisəsi,1,1
28929,mübaliğə,1,1
28930,mübarğə,1,1
28931,mübarǝk,1,1
28932,mübarǝkü,1,1
28933,mübarəkdir,1,1
28934,mübini,1,1
28935,mübtelası,1,1
28936,mübtəladə,1,1
28937,mübtəladən,1,1
28938,mübtəlalığımı,1,1
28939,mübtəlalərin,1,1
28940,mübtəlasan,1,1
28941,mübtəlayə,1,1
28942,mübərra,1,1
28943,mübərradır,1,1
28944,mübəssirdir,1,1
28945,mücaləsətindən,1,1
28946,mücdə,1,1
28947,mücgani,1,1
28948,mücganın,1,1
28949,mücrilər,1,1
28950,mücrim,1,1
28951,mücrülər,1,1
28952,mücrüm,1,1
28953,müctəbda,1,1
28954,müctəhid,1,1
28955,müctəhiddən,1,1
28956,müctəhidlərin,1,1
28957,müctəhidə,1,1
28958,mücə,1,1
28959,mücəlla,1,1
28960,müdaifə,1,1
28961,müdamdən,1,1
28962,müdamı,1,1
28963,müdamın,1,1
28964,müdar,1,1
28965,müdara,1,1
28966,müdava,1,1
28967,müdaxilə,1,1
28968,müdaxiləsi,1,1
28969,müdbir,1,1
28970,müdbirdə,1,1
28971,müddǝilǝrdǝn,1,1
28972,müddǝilǝrnin,1,1
28973,müddəa,1,1
28974,müddəalər,1,1
28975,müddəayəm,1,1
28976,müddəidir,1,1
28977,müddəinin,1,1
28978,müddətdir,1,1
28979,müddətdən,1,1
28980,müddətində,1,1
28981,müddətli,1,1
28982,müdiri,1,1
28983,müdirinin,1,1
28984,müdrikdə,1,1
28985,müdǝvvǝrdir,1,1
28986,müdəlləl,1,1
28987,müdərris,1,1
28988,müdəvvəri,1,1
28989,müfsidi,1,1
28990,müfti,1,1
28991,müftiyi,1,1
28992,müftə,1,1
28993,müfərcəl,1,1
28994,müfəssir,1,1
28995,müfəttəl,1,1
28996,mühacirətdə,1,1
28997,mühafizə,1,1
28998,mühali,1,1
28999,müharibə,1,1
29000,müharibələrdən,1,1
29001,mühasini,1,1
29002,mühibbi,1,1
29003,mühibbim,1,1
29004,mühibbinə,1,1
29005,mühil,1,1
29006,mühili,1,1
29007,mühitə,1,1
29008,mühtəlifdir,1,1
29009,mühübbün,1,1
29010,mühübbə,1,1
29011,mühəddis,1,1
29012,mühəmməd,1,1
29013,mühəndis,1,1
29014,mühəqqaq,1,1
29015,mühəqqərdir,1,1
29016,mühəqqərəm,1,1
29017,mühərrir,1,1
29018,mühərrirlər,1,1
29019,mühərrərdir,1,1
29020,mühəssendir,1,1
29021,müjdanın,1,1
29022,müjdǝ,1,1
29023,müjdələrdirmi,1,1
29024,müjdəni,1,1
29025,müjdəçisi,1,1
29026,müjgandan,1,1
29027,müjgani,1,1
29028,müjganilə,1,1
29029,müjganinəm,1,1
29030,müjganların,1,1
29031,müjganımı,1,1
29032,müjganınca,1,1
29033,müjganındadır,1,1
29034,müjganını,1,1
29035,müjganının,1,1
29036,müjkanım,1,1
29037,müjələrdən,1,1
29038,müjəmdən,1,1
29039,müjəvü,1,1
29040,müjеyi,1,1
29041,mükafat,1,1
29042,mükafatlandırmaq,1,1
29043,mükafatlar,1,1
29044,mükafatın,1,1
29045,mükü,1,1
29046,mükünaz,1,1
29047,mükǝrrǝrdir,1,1
29048,mükərrərdir,1,1
29049,mül,1,1
29050,mülahizə,1,1
29051,mülazim,1,1
29052,mülbəladır,1,1
29053,mülgünü,1,1
29054,mülhəq,1,1
29055,mülkdə,1,1
29056,mülkdən,1,1
29057,mülkiəcəm,1,1
29058,mülkli,1,1
29059,mülkunün,1,1
29060,mülkümdür,1,1
29061,mülküni,1,1
29062,mülkədar,1,1
29063,mültəfit,1,1
29064,mültəməs,1,1
29065,müləvvəs,1,1
29066,mümkindir,1,1
29067,mümkündü,1,1
29068,mümkünmüdür,1,1
29069,mümkünsən,1,1
29070,mümmalı,1,1
29071,mümtazü,1,1
29072,mümtazı,1,1
29073,mümtǝnat,1,1
29074,münafiqi,1,1
29075,münaqişə,1,1
29076,münasibdir,1,1
29077,münfǝildir,1,1
29078,münfəildir,1,1
29079,münfək,1,1
29080,münhiyi,1,1
29081,münhərif,1,1
29082,münhərifdir,1,1
29083,münhəzim,1,1
29084,münimi,1,1
29085,münimin,1,1
29086,münimlərin,1,1
29087,müniri,1,1
29088,münki,1,1
29089,münkirinə,1,1
29090,münkünsə,1,1
29091,münqəte,1,1
29092,münsif,1,1
29093,münsifiər,1,1
29094,müntəfə,1,1
29095,müntəxəb,1,1
29096,müntəzi,1,1
29097,müntəzirdi,1,1
29098,müntəzirdir,1,1
29099,münzǝl,1,1
29100,münşii,1,1
29101,münşiyi,1,1
29102,münǝvvǝr,1,1
29103,münǝvvǝrdir,1,1
29104,münəccim,1,1
29105,münəccimlərdən,1,1
29106,münəzzeh,1,1
29107,münəzzəhdir,1,1
29108,müqabildə,1,1
29109,müqarindir,1,1
29110,müqimi,1,1
29111,müqtədadır,1,1
29112,müqtədai,1,1
29113,müqtədalər,1,1
29114,müqtədalərdə,1,1
29115,müqtədalərdən,1,1
29116,müqtədayi,1,1
29117,müqtədilərdə,1,1
29118,müqtəzası1,1,1
29119,müqtəzayi,1,1
29120,müqyisə,1,1
29121,müqǝrrǝr,1,1
29122,müqǝrrǝrdir,1,1
29123,müqəddər,1,1
29124,müqəddərdir,1,1
29125,müqəddəsi,1,1
29126,müqəddəsü,1,1
29127,müqəddəsə,1,1
29128,müqərrar,1,1
29129,müqərrəbin,1,1
29130,müqərrəm,1,1
29131,müqəssirdir,1,1
29132,müqəvvəs,1,1
29133,müqəşşər,1,1
29134,müraciət,1,1
29135,müraciətdə,1,1
29136,müradi,1,1
29137,müradim,1,1
29138,müradı,1,1
29139,müraqib,1,1
29140,müratinǝ,1,1
29141,mürdǝ,1,1
29142,mürdələr,1,1
29143,mürdəyi,1,1
29144,mürgünə,1,1
29145,mürgüzar,1,1
29146,müridi,1,1
29147,müridinə,1,1
29148,müridü,1,1
29149,müridəm,1,1
29150,mürtǝza,1,1
29151,mürtǝzadır,1,1
29152,mürtədliyə,1,1
29153,mürtədü,1,1
29154,mürtəfe,1,1
29155,mürtəza,1,1
29156,mürtəzadan,1,1
29157,mürtəzadır,1,1
29158,mürur,1,1
29159,mürvǝt,1,1
29160,mürvətli,1,1
29161,mürüvvǝt,1,1
29162,mürüvvәt,1,1
29163,mürğinə,1,1
29164,mürğü,1,1
29165,mürşiddən,1,1
29166,mürşidimiz,1,1
29167,mürşidsiz,1,1
29168,mürşidü,1,1
29169,mürşüd,1,1
29170,mürşüdü,1,1
29171,mürşüdümü,1,1
29172,mürəbbi,1,1
29173,mürəttib,1,1
29174,mürəvvaq,1,1
29175,müsafi,1,1
29176,müsafirlǝr,1,1
29177,müsahib,1,1
29178,müshǝf,1,1
29179,müshəfdür,1,1
29180,müshəfim,1,1
29181,müshəfimizdir,1,1
29182,müshəfindən,1,1
29183,müshəfü,1,1
29184,müsibəti,1,1
29185,müsibətlər,1,1
29186,müsibətü,1,1
29187,müsibətə,1,1
29188,müsiqar,1,1
29189,müslimi,1,1
29190,müslümü,1,1
29191,müstǝfa,1,1
29192,müstǝmǝnd,1,1
29193,müstəan,1,1
29194,müstəandır,1,1
29195,müstəar,1,1
29196,müstəarından,1,1
29197,müstəcil,1,1
29198,müstəcmii,1,1
29199,müstəfəvi,1,1
29200,müstəhkəm,1,1
29201,müstəhəq,1,1
29202,müstəhəqqəm,1,1
29203,müstəiddi,1,1
29204,müstəkam,1,1
29205,müstəndi,1,1
29206,müstəqimdə,1,1
29207,müstəqimi,1,1
29208,müstətäyə,1,1
29209,müstəvli,1,1
29210,müsǝffadǝn,1,1
29211,müsǝlmanlar,1,1
29212,müsǝlsǝl,1,1
29213,müsǝvvǝr,1,1
29214,müsǝvvǝrdir,1,1
29215,müsəffadı,1,1
29216,müsəffadən,1,1
29217,müsəffasına,1,1
29218,müsəffayi,1,1
29219,müsəlla,1,1
29220,müsəlmanam,1,1
29221,müsəlmandı,1,1
29222,müsəlmani,1,1
29223,müsəlmanlı,1,1
29224,müsəlmanlığı,1,1
29225,müsəlmanıdı,1,1
29226,müsəmma,1,1
29227,müsənna,1,1
29228,müsəvvirdir,1,1
29229,müsəvvirlər,1,1
29230,müsəvvərdir,1,1
29231,müsəvvərsən,1,1
29232,müsəxxərdir,1,1
29233,mütaləbət,1,1
29234,mütariyǝ,1,1
29235,müti,1,1
29236,mütki,1,1
29237,mütlǝqdǝn,1,1
29238,mütləqi,1,1
29239,mütləqim,1,1
29240,mütləqəm,1,1
29241,mütriba,1,1
29242,mütribi,1,1
29243,mütrübdə,1,1
29244,müttəhim,1,1
29245,müttəla,1,1
29246,müttəsilidi,1,1
29247,müttəssil,1,1
29248,mütəhhərdir,1,1
29249,mütəhhərsən,1,1
29250,mütəkkə,1,1
29251,mütəlladı,1,1
29252,mütəlləq,1,1
29253,mütənəbbih,1,1
29254,mütərraları,1,1
29255,mütəvvəl,1,1
29256,mütəvü,1,1
29257,mütəwəli,1,1
29258,mütəxəsislər,1,1
29259,mütəxəsisləri,1,1
29260,mütəğəyyir,1,1
29261,müvafiqi,1,1
29262,müvafiqəm,1,1
29263,müvalat,1,1
29264,müvəhhid,1,1
29265,müvəhhidi,1,1
29266,müvəhhidlərə,1,1
29267,müvəhhidə,1,1
29268,müxalifdir,1,1
29269,müxalifi,1,1
29270,müxalifı,1,1
29271,müxbiri,1,1
29272,müxlis,1,1
29273,müxlisin,1,1
29274,müxlislərə,1,1
29275,müxtəlifdir,1,1
29276,müxəmmərdir,1,1
29277,müxəmməsə,1,1
29278,müxənnəsdən,1,1
29279,müxənnəsin,1,1
29280,müxənnətdən,1,1
29281,müxənnəti,1,1
29282,müyyəsərdir,1,1
29283,müyǝssǝrdir,1,1
29284,müyəsser,1,1
29285,müzayiqə,1,1
29286,müzdi,1,1
29287,müzmər,1,1
29288,müzmərdir,1,1
29289,müznibina,1,1
29290,müztərdir,1,1
29291,müztərib,1,1
29292,müztəribdir,1,1
29293,müzəffər,1,1
29294,müzəffərdir,1,1
29295,müzəyyin,1,1
29296,müzəyyəndir,1,1
29297,müzәllini,1,1
29298,müğanın,1,1
29299,müğbeçə,1,1
29300,müğbəçə,1,1
29301,müğləq,1,1
29302,müğəm,1,1
29303,müğənniyü,1,1
29304,müğəyyədi,1,1
29305,müşayiət,1,1
29306,müşgiınaz,1,1
29307,müşgüldə,1,1
29308,müşgülə,1,1
29309,müşgünazdı,1,1
29310,müşgünazgilin,1,1
29311,müşgünazı,1,1
29312,müşgünazıydı,1,1
29313,müşklü,1,1
29314,müşklə,1,1
29315,müşkrəngü,1,1
29316,müşkülati,1,1
29317,müşküldü,1,1
29318,müşküli,1,1
29319,müşküllər,1,1
29320,müşkülləri,1,1
29321,müşkünazdan,1,1
29322,müşkünazın,1,1
29323,müşkəfşanmıdır,1,1
29324,müşrikdir,1,1
29325,müşrikdən,1,1
29326,müşrikimiz,1,1
29327,müşrikin,1,1
29328,müşt,1,1
29329,müştaqdır,1,1
29330,müştaqinəm,1,1
29331,müştağı,1,1
29332,müştağındadır,1,1
29333,müştǝri,1,1
29334,müştəriləri,1,1
29335,müştərilərimiz,1,1
29336,müştərimdir,1,1
29337,müştərini,1,1
29338,müştərisən,1,1
29339,müştəriyə,1,1
29340,müştəriyəm,1,1
29341,müşǝrrǝfdir,1,1
29342,müşərrəf,1,1
29343,müşəvvəşdir,1,1
29344,müşəxxəs,1,1
29345,müşəxəssdi,1,1
29346,müǝnbǝr,1,1
29347,müǝzzin,1,1
29348,müəbbir,1,1
29349,müəbbiri,1,1
29350,müəl,1,1
29351,müəllada,1,1
29352,müəllanı,1,1
29353,müəllaq,1,1
29354,müəllaqədrə,1,1
29355,müəllifi,1,1
29356,müəllimlər,1,1
29357,müəlləq,1,1
29358,müələq,1,1
29359,müəmmadı,1,1
29360,müəmmam,1,1
29361,müəmmani,1,1
29362,müənbərdir,1,1
29363,müənbərsən,1,1
29364,müərrif,1,1
29365,müəssirdir,1,1
29366,müəssirlə,1,1
29367,müəttar,1,1
29368,müəyyən,1,1
29369,müхalif,1,1
29370,mıkırdış,1,1
29371,mıqıçla,1,1
29372,mırr,1,1
29373,mırro,1,1
29374,mǝclis,1,1
29375,mǝclisdǝ,1,1
29376,mǝclisǝ,1,1
29377,mǝcnuni,1,1
29378,mǝcnunü,1,1
29379,mǝdǝndǝn,1,1
29380,mǝhfuz,1,1
29381,mǝhliqa,1,1
29382,mǝhqıran,1,1
29383,mǝhru,1,1
29384,mǝhrudur,1,1
29385,mǝhü,1,1
29386,mǝhşǝrdir,1,1
29387,mǝkani,1,1
29388,mǝkkar,1,1
29389,mǝlamǝt,1,1
29390,mǝlul,1,1
29391,mǝlǝklǝr,1,1
29392,mǝmatǝ,1,1
29393,mǝnbǝr,1,1
29394,mǝnbǝrdir,1,1
29395,mǝnimlǝn,1,1
29396,mǝnimçün,1,1
29397,mǝniyi,1,1
29398,mǝnlik,1,1
29399,mǝntiqin,1,1
29400,mǝnzilgahimiz,1,1
29401,mǝnzilin,1,1
29402,mǝqamı,1,1
29403,mǝqsudi,1,1
29404,mǝrcan,1,1
29405,mǝrdandır,1,1
29406,mǝrdanın,1,1
29407,mǝrdum,1,1
29408,mǝrifǝtdǝn,1,1
29409,mǝrvan,1,1
29410,mǝrveyi,1,1
29411,mǝryǝm,1,1
29412,mǝsaf,1,1
29413,mǝsihi,1,1
29414,mǝstanǝlǝr,1,1
29415,mǝstin,1,1
29416,mǝtai,1,1
29417,mǝvali,1,1
29418,mǝvayi,1,1
29419,mǝvayǝ,1,1
29420,mǝzhǝbi,1,1
29421,mǝzhǝbindǝn,1,1
29422,mǝzhǝrdir,1,1
29423,mǝğrur,1,1
29424,mǝşhǝr,1,1
29425,mǝşuqi,1,1
29426,məalat,1,1
29427,məarifini,1,1
29428,məaşım,1,1
29429,məaşın,1,1
29430,məbada,1,1
29431,məbahis,1,1
29432,məbdəi,1,1
29433,məbud,1,1
29434,məbuduna,1,1
29435,məbəd,1,1
29436,məbədi,1,1
29437,məbər,1,1
29438,məcalim,1,1
29439,məcalın,1,1
29440,məcazdan,1,1
29441,məcburi,1,1
29442,məcburiyyətindı,1,1
29443,məcidin,1,1
29444,məclisdəki,1,1
29445,məclisdəkilərdən,1,1
29446,məclisdəri,1,1
29447,məclisdərini,1,1
29448,məclisdərinin,1,1
29449,məclisimiz,1,1
29450,məclisimizi,1,1
29451,məclisini,1,1
29452,məclislər,1,1
29453,məclislərin,1,1
29454,məclislərində,1,1
29455,məclislərini,1,1
29456,məclislərinə,1,1
29457,məclisləə,1,1
29458,məcmueyi,1,1
29459,məcmuəsin,1,1
29460,məcmuəsindən,1,1
29461,məcməi,1,1
29462,məcməyi,1,1
29463,məcməül,1,1
29464,məcnuna,1,1
29465,məcnunam,1,1
29466,məcnunlarız,1,1
29467,məcnunluqdu,1,1
29468,məcnunnan,1,1
29469,məcnunsuz,1,1
29470,məcnuntək,1,1
29471,məcnununu,1,1
29472,məcnunü,1,1
29473,məcnunəm,1,1
29474,məcruhi,1,1
29475,məcruhü,1,1
29476,məcun,1,1
29477,mədaindən,1,1
29478,mədainin,1,1
29479,mədainə,1,1
29480,mədar,1,1
29481,mədari,1,1
29482,mədarisdə,1,1
29483,mədarım,1,1
29484,məddah,1,1
29485,məddahıdı,1,1
29486,məddahə,1,1
29487,məddi,1,1
29488,mədfun,1,1
29489,mədfən,1,1
29490,mədhinin,1,1
29491,mədhiyyə,1,1
29492,mədhlər,1,1
29493,mədhuşəsidir,1,1
29494,mədhxan,1,1
29495,mədhə,1,1
29496,mədihəxanı,1,1
29497,mədilətü,1,1
29498,mədinədə,1,1
29499,mədinədən,1,1
29500,mədinəm,1,1
29501,mədinəni,1,1
29502,mədumü,1,1
29503,mədxəl,1,1
29504,mədxəliyyəti,1,1
29505,mədyundur,1,1
29506,mədədi,1,1
29507,mədədkardı,1,1
29508,mədədkarınız,1,1
29509,mədələri,1,1
29510,mədəmin,1,1
29511,mədəndən,1,1
29512,mədənin,1,1
29513,mədənisən,1,1
29514,mədəsinə,1,1
29515,məfdud,1,1
29516,məftuh,1,1
29517,məfüli,1,1
29518,məgrib,1,1
29519,məgəsvar,1,1
29520,məhabət,1,1
29521,məhaldır,1,1
29522,məhali,1,1
29523,məhalə,1,1
29524,məhaq,1,1
29525,məhar,1,1
29526,məharəti,1,1
29527,məharətlə,1,1
29528,məhbiti,1,1
29529,məhbubin,1,1
29530,məhbublər,1,1
29531,məhbubu,1,1
29532,məhbubun,1,1
29533,məhbubə,1,1
29534,məhbus,1,1
29535,məhbəsi,1,1
29536,məhbəsin,1,1
29537,məhcur,1,1
29538,məhcəmallının,1,1
29539,məhcəmalə,1,1
29540,məhfuzun,1,1
29541,məhkumluqdan,1,1
29542,məhkumü,1,1
29543,məhlul,1,1
29544,məhlənin,1,1
29545,məhmil,1,1
29546,məhmili,1,1
29547,məhmilin,1,1
29548,məhmud,1,1
29549,məhmuddən,1,1
29550,məhmudi,1,1
29551,məhparə,1,1
29552,məhrudur,1,1
29553,məhrulərin,1,1
29554,məhrumam,1,1
29555,məhrumsan,1,1
29556,məhrumu,1,1
29557,məhruseyi,1,1
29558,məhrəmdir,1,1
29559,məhrəmim,1,1
29560,məhrəmsən,1,1
29561,məhrəmхanəsidir,1,1
29562,məhsuludur,1,1
29563,məhsulunu,1,1
29564,məhtaba,1,1
29565,məhtabi,1,1
29566,məhtabın,1,1
29567,məhvər,1,1
29568,məhvərdir,1,1
29569,məhvəri,1,1
29570,məhvəşin,1,1
29571,məhvəşlərin,1,1
29572,məhvəşə,1,1
29573,məhzi,1,1
29574,məhzundur,1,1
29575,məhzərləri,1,1
29576,məhçeyi,1,1
29577,məhşərdir,1,1
29578,məhşərim,1,1
29579,məhşərin,1,1
29580,məhşərə,1,1
29581,məhəbbətdə,1,1
29582,məhəbbətini,1,1
29583,məhəbbətiz,1,1
29584,məhəbbətlinin,1,1
29585,məhəli,1,1
29586,məhəmməda,1,1
29587,məhəmməddir,1,1
29588,məhəmmədlə,1,1
29589,məhəmmədsən,1,1
29590,məhəmmədəl,1,1
29591,məhərrəmdi,1,1
29592,məhərrəmdir,1,1
29593,məhərrəmlikdə,1,1
29594,məhətdəl,1,1
29595,məhəyə,1,1
29596,məindən,1,1
29597,məkandü,1,1
29598,məkanlar,1,1
29599,məkansız,1,1
29600,məkanında,1,1
29601,məkarihdən,1,1
29602,məkhul,1,1
29603,məkkar,1,1
29604,məkkidir,1,1
29605,məkkəm,1,1
29606,məkkəni,1,1
29607,məkkəyə,1,1
29608,məknun,1,1
29609,məknunə,1,1
29610,məkrdə,1,1
29611,məktubi,1,1
29612,məktublarım,1,1
29613,məktubu,1,1
29614,məktubun,1,1
29615,məktubunu,1,1
29616,məktəbdir,1,1
29617,məktəbdən,1,1
29618,məktəbin,1,1
29619,məktəbindən,1,1
29620,məktəbini,1,1
29621,məktəblər,1,1
29622,məktəbxanası,1,1
29623,məkəsdən,1,1
29624,məkəsləri,1,1
29625,məl,1,1
29626,məlahətlə,1,1
29627,məlahətsən,1,1
29628,məlaikxu,1,1
29629,məlaikzada,1,1
29630,məlakəsi,1,1
29631,məlaldan,1,1
29632,məlalim,1,1
29633,məlalü,1,1
29634,məlalı,1,1
29635,məlalımdan,1,1
29636,məlalın,1,1
29637,məlaləfzayə,1,1
29638,məlalətə,1,1
29639,məlamətdir,1,1
29640,məlamətdə,1,1
29641,məlaməti,1,1
29642,məlayik,1,1
29643,məlayikmənzərim,1,1
29644,məlbusеyi,1,1
29645,məlcəyi,1,1
29646,məlcəü,1,1
29647,məlhəmni,1,1
29648,məlhəmsə,1,1
29649,məlih,1,1
29650,məlihi,1,1
29651,məlikbəylərov,1,1
29652,məlikdir,1,1
29653,məliki,1,1
29654,məlikov,1,1
29655,məlikşahdır,1,1
29656,məlkaya,1,1
29657,məluləm,1,1
29658,məlumi,1,1
29659,məlunu,1,1
29660,mələdi,1,1
29661,mələkləri,1,1
29662,mələklərin,1,1
29663,mələknijad,1,1
29664,mələksimayə,1,1
29665,mələksiyrət,1,1
29666,mələkül,1,1
29667,mələkə,1,1
29668,mələx,1,1
29669,mələyin,1,1
29670,mələşmir,1,1
29671,mələşməsi,1,1
29672,mələəl,1,1
29673,məmat,1,1
29674,məmişgilə,1,1
29675,məmişə,1,1
29676,məmlu,1,1
29677,məmluk,1,1
29678,məmlüv,1,1
29679,məmləkəti,1,1
29680,məmləkətə,1,1
29681,məmmədov,1,1
29682,məmmədsöyün,1,1
29683,məmundan,1,1
29684,məmə,1,1
29685,məməli,1,1
29686,məməlim,1,1
29687,məmələrin,1,1
29688,məməndən,1,1
29689,mənal,1,1
29690,mənalar,1,1
29691,mənalardan,1,1
29692,mənaları,1,1
29693,mənalından,1,1
29694,mənalər,1,1
29695,mənasıdır,1,1
29696,mənasının,1,1
29697,mənaya,1,1
29698,mənayi,1,1
29699,mənayədir,1,1
29700,mənazil,1,1
29701,mənbeyi,1,1
29702,mənbədə,1,1
29703,mənbəi,1,1
29704,mənbələrdən,1,1
29705,mənbər,1,1
29706,mənbərdə,1,1
29707,mənbərim,1,1
29708,mənbərini,1,1
29709,mənbəyə,1,1
29710,məndəsə,1,1
29711,məne,1,1
29712,mənfəət,1,1
29713,mənidə,1,1
29714,mənijə,1,1
29715,mənimdir,1,1
29716,mənimkidir,1,1
29717,mənimkindən,1,1
29718,mənimsəmis,1,1
29719,mənin,1,1
29720,məninin,1,1
29721,məniyi,1,1
29722,mənligin,1,1
29723,mənlik,1,1
29724,mənlikdən,1,1
29725,mənliyi,1,1
29726,mənlən,1,1
29727,mənnanə,1,1
29728,mənnanəyə,1,1
29729,mənquşəsidir,1,1
29730,mənsiz,1,1
29731,mənsubdur,1,1
29732,mənsubəsindən,1,1
29733,mənsurini,1,1
29734,mənsurluq,1,1
29735,mənsuru,1,1
29736,mənsurvar,1,1
29737,mənsurü,1,1
29738,mənsux,1,1
29739,mənsəb,1,1
29740,mənsəblər,1,1
29741,mənsəbü,1,1
29742,mənsəbə,1,1
29743,məntiqi,1,1
29744,məntiqin,1,1
29745,məntiqüt,1,1
29746,məntək,1,1
29747,mənuçöhr,1,1
29748,mənuçöhrü,1,1
29749,mənzilbaşına,1,1
29750,mənzildir,1,1
29751,mənzildə,1,1
29752,mənzildən,1,1
29753,mənzilgahi,1,1
29754,mənzilgahlar,1,1
29755,mənzilgəh,1,1
29756,mənzilgəhü,1,1
29757,mənzilimiz,1,1
29758,mənzilimə,1,1
29759,mənzilini,1,1
29760,mənzillərdə,1,1
29761,mənzilu,1,1
29762,mənzilət,1,1
29763,mənzumə,1,1
29764,mənzurə,1,1
29765,mənzələti,1,1
29766,mənzəridir,1,1
29767,mənşuri,1,1
29768,mənşəi,1,1
29769,mənədir,1,1
29770,mənədək,1,1
29771,mənəvi,1,1
29772,məqalinə,1,1
29773,məqallının,1,1
29774,məqalından,1,1
29775,məqaləti,1,1
29776,məqamata,1,1
29777,məqamımız,1,1
29778,məqamımızı,1,1
29779,məqamına,1,1
29780,məqamında,1,1
29781,məqamındır,1,1
29782,məqamını,1,1
29783,məqbulu,1,1
29784,məqbulumuz,1,1
29785,məqdəmi,1,1
29786,məqdəminlə,1,1
29787,məqsudimiz,1,1
29788,məqsudinə,1,1
29789,məqsudumu,1,1
29790,məqsudumuz,1,1
29791,məqsudun,1,1
29792,məqsuduna,1,1
29793,məqsudunə,1,1
29794,məqsum,1,1
29795,məqsədilə,1,1
29796,məqsədimi,1,1
29797,məqsədin,1,1
29798,məqsədinin,1,1
29799,məqsədlə,1,1
29800,məqsədnən,1,1
29801,məqsədü,1,1
29802,məqsədə,1,1
29803,məqsədəuyğun,1,1
29804,məqtui,1,1
29805,mər,1,1
29806,məramımız,1,1
29807,mərarətdir,1,1
29808,mərcandır,1,1
29809,mərcani,1,1
29810,mərcanı,1,1
29811,mərcanımız,1,1
29812,mərcanına,1,1
29813,mərcimi,1,1
29814,mərcə,1,1
29815,mərdani,1,1
29816,mərdanədi,1,1
29817,mərdanəliyi,1,1
29818,mərdimazarlıq,1,1
29819,mərdumi,1,1
29820,mərdümazar,1,1
29821,mərdümazarlıq,1,1
29822,mərdümin,1,1
29823,mərdümküşindən,1,1
29824,mərdümləri,1,1
29825,mərdümləridir,1,1
29826,mərdümnişin,1,1
29827,mərdümzadəyəm,1,1
29828,mərdümə,1,1
29829,mərdüməki,1,1
29830,mərfətləri,1,1
29831,mərgini,1,1
29832,mərgə,1,1
29833,mərhum,1,1
29834,mərhəbalar,1,1
29835,mərhələdə,1,1
29836,mərhəmim,1,1
29837,mərhəmin,1,1
29838,mərhəmətdən,1,1
29839,mərhəmətindən,1,1
29840,mərhəmətinnən,1,1
29841,mərhəmətlinin,1,1
29842,mərhəmətsiz,1,1
29843,mərifet,1,1
29844,məriflətdi,1,1
29845,mərifətin,1,1
29846,mərifətlidir,1,1
29847,mərifətlilərini,1,1
29848,mərifətlə,1,1
29849,mərifətsiz,1,1
29850,mərk,1,1
29851,mərkəzi,1,1
29852,mərmərdi,1,1
29853,mərmərü,1,1
29854,mərmərə,1,1
29855,mərnus,1,1
29856,mərqumü,1,1
29857,mərqədi,1,1
29858,mərqədin,1,1
29859,mərqədindən,1,1
29860,mərrixü,1,1
29861,mərrixə,1,1
29862,mərrəkəsi,1,1
29863,mərsiyədə,1,1
29864,mərsiyəxan,1,1
29865,mərsiyəylə,1,1
29866,mərsumü,1,1
29867,mərt,1,1
29868,mərtəbə,1,1
29869,mərtəbəsi,1,1
29870,mərufdir,1,1
29871,mərufun,1,1
29872,mərvan,1,1
29873,mərvani,1,1
29874,mərvanil,1,1
29875,mərvin,1,1
29876,məryəmidir,1,1
29877,məryəminin,1,1
29878,məryəmsifət,1,1
29879,mərğub,1,1
29880,mərğubdir,1,1
29881,mərəkəsi,1,1
29882,mərəkəsində,1,1
29883,mərəziylə,1,1
29884,mərəzə,1,1
29885,məsakin,1,1
29886,məsan,1,1
29887,məsani,1,1
29888,məsarifini,1,1
29889,məsbahini,1,1
29890,məsciddə,1,1
29891,məscidmi,1,1
29892,məscud,1,1
29893,məscudam,1,1
29894,məsdahat,1,1
29895,məsdud,1,1
29896,məsdəri,1,1
29897,məsih,1,1
29898,məsihadəm,1,1
29899,məsihadən,1,1
29900,məsihani,1,1
29901,məsihaya,1,1
29902,məsihnəfəs,1,1
29903,məsihtək,1,1
29904,məsini,1,1
29905,məsiyətdi,1,1
29906,məsiyətdə,1,1
29907,məskunda,1,1
29908,məskunə,1,1
29909,məskənidi,1,1
29910,məskənimdi,1,1
29911,məskənimi,1,1
29912,məskənül,1,1
29913,məskənə,1,1
29914,məslahatı,1,1
29915,məsləhətdəşərdi,1,1
29916,məsləhəti,1,1
29917,məsləhətləşdilər,1,1
29918,məsləhətçin,1,1
29919,məsləhətçün,1,1
29920,məsləhətə,1,1
29921,məsnədarayi,1,1
29922,məsnədi,1,1
29923,məsnədindən,1,1
29924,məsnəvi,1,1
29925,məsoli,1,1
29926,məsqətür,1,1
29927,məsrurü,1,1
29928,məsrəfim,1,1
29929,məstanım,1,1
29930,məstanımız,1,1
29931,məstanədi,1,1
29932,məstanədir,1,1
29933,məstanədən,1,1
29934,məstanədəndir,1,1
29935,məstanəsidir,1,1
29936,məstanəsiyəm,1,1
29937,məstanəyə,1,1
29938,məstindir,1,1
29939,məstini,1,1
29940,məstinəm,1,1
29941,məstlikdir,1,1
29942,məstlikdən,1,1
29943,məstliyimi,1,1
29944,məstlərin,1,1
29945,məstsən,1,1
29946,məsturi,1,1
29947,məstəm,1,1
29948,məsuliyyətsizlik,1,1
29949,məsuliyyətsizliyi,1,1
29950,məsum,1,1
29951,məsumların,1,1
29952,məsəla,1,1
29953,məsəldə,1,1
29954,məsəli,1,1
29955,məsələdə,1,1
29956,məsələm,1,1
29957,mətah,1,1
29958,mətahi,1,1
29959,mətainin,1,1
29960,mətainə,1,1
29961,mətbuatda,1,1
29962,mətbəxinin,1,1
29963,mətbəxnəvaz,1,1
29964,mətbəxə,1,1
29965,mətim,1,1
29966,mətin,1,1
29967,mətinimdi,1,1
29968,mətinindən,1,1
29969,mətinü,1,1
29970,mətlubim,1,1
29971,mətlubuma,1,1
29972,mətlubün,1,1
29973,mətlubə,1,1
29974,mətləbdədir,1,1
29975,mətləbimi,1,1
29976,mətləbindən,1,1
29977,mətləbinə,1,1
29978,mətlələr,1,1
29979,mətnin,1,1
29980,mətnində,1,1
29981,mətran,1,1
29982,mətəldi,1,1
29983,məvacib,1,1
29984,məvali,1,1
29985,məvani,1,1
29986,məvayi,1,1
29987,məvic,1,1
29988,məxaf,1,1
29989,məxdum,1,1
29990,məxfidir,1,1
29991,məxfidə,1,1
29992,məxlesi,1,1
29993,məxluqdur,1,1
29994,məxluqdən,1,1
29995,məxmurə,1,1
29996,məxran,1,1
29997,məxrəci,1,1
29998,məxsusi,1,1
29999,məxuf,1,1
30000,məxufu,1,1
30001,məxzənində,1,1
30002,məyusdur,1,1
30003,məyəlin,1,1
30004,məzac,1,1
30005,məzaci,1,1
30006,məzaliminə,1,1
30007,məzaqın,1,1
30008,məzaqə,1,1
30009,məzarım,1,1
30010,məzarımdan,1,1
30011,məzarında,1,1
30012,məzarıstan,1,1
30013,məzbubim,1,1
30014,məzbəleyi,1,1
30015,məzhəb,1,1
30016,məzhəbdə,1,1
30017,məzhəbim,1,1
30018,məzhəbində,1,1
30019,məzhəbindən,1,1
30020,məzhəbinə,1,1
30021,məzhəbçilikdə,1,1
30022,məzhəridir,1,1
30023,məzid,1,1
30024,məziqi,1,1
30025,məzkur,1,1
30026,məzlumdu,1,1
30027,məzmundur,1,1
30028,məzmuni,1,1
30029,məzmunları,1,1
30030,məzmunun,1,1
30031,məzmununu,1,1
30032,məzmuri,1,1
30033,məzrəeyi,1,1
30034,məzrəi,1,1
30035,məzurəm,1,1
30036,məzəllətdə,1,1
30037,məzəllətdən,1,1
30038,məzəmməti,1,1
30039,məzəmmətimlə,1,1
30040,məzəmmətlə,1,1
30041,məzəsiz,1,1
30042,məçnuna,1,1
30043,məğak,1,1
30044,məğfur,1,1
30045,məğfurü,1,1
30046,məğmum,1,1
30047,məğrib,1,1
30048,məğribdə,1,1
30049,məğribdən,1,1
30050,məğribzəminə,1,1
30051,məğrubla,1,1
30052,məğrurisən,1,1
30053,məğrurlar,1,1
30054,məğrurü,1,1
30055,məğzi,1,1
30056,məğşuşdu,1,1
30057,məşhurdur,1,1
30058,məşhıırdir,1,1
30059,məşhədilərdən,1,1
30060,məşhərdə,1,1
30061,məşkuk,1,1
30062,məşo,1,1
30063,məşq,1,1
30064,məşqin,1,1
30065,məşqü,1,1
30066,məşriqdədirsə,1,1
30067,məşriqə,1,1
30068,məşruh,1,1
30069,məşruqa,1,1
30070,məşrutun,1,1
30071,məşrəbilə,1,1
30072,məşrəbin,1,1
30073,məşuqilə,1,1
30074,məşuqəni,1,1
30075,məşvərət,1,1
30076,məşədini,1,1
30077,məşəl,1,1
30078,məşəlilə,1,1
30079,məşəlində,1,1
30080,məşələdə,1,1
30081,məşəqqətdir,1,1
30082,məşəqqətə,1,1
30083,məələni,1,1
30084,məərrəmdir,1,1
30085,məəttəldi,1,1
30086,məəttəlik,1,1
30087,məəttəlsiniz,1,1
30088,məəttələm,1,1
30089,məхfi,1,1
30090,məхluqun,1,1
30091,məхmur,1,1
30092,mеhdinin,1,1
30093,mеhmanam,1,1
30094,mеhrab,1,1
30095,mеhrabda,1,1
30096,mеhrabinə,1,1
30097,mеhrabü,1,1
30098,mеhrabına,1,1
30099,mеhrabə,1,1
30100,mеhribandı,1,1
30101,mеhrin,1,1
30102,mеhriniz,1,1
30103,mеhrə,1,1
30104,mеhtər,1,1
30105,mеhtərdə,1,1
30106,mеraca,1,1
30107,mеracın,1,1
30108,mеydandan,1,1
30109,mеydanlı,1,1
30110,mеydanım,1,1
30111,mеydanında,1,1
30112,mеylin,1,1
30113,mеylləndi,1,1
30114,mеylləndirdi,1,1
30115,mеyvəcatı,1,1
30116,mеyvəli,1,1
30117,mеyvəsindən,1,1
30118,mеyü,1,1
30119,mеşədən,1,1
30120,mеşələrindən,1,1
30121,mоllayə,1,1
30122,mоvzun,1,1
30123,mәn,1,1
30124,mәrhәba,1,1
30125,mәsәli,1,1
30126,mәzәmmәt,1,1
30127,mәşğul,1,1
30128,mәәttәl,1,1
30129,naba,1,1
30130,nabat,1,1
30131,nabatü,1,1
30132,nabindən,1,1
30133,nabəkar,1,1
30134,nabəkarı,1,1
30135,nabələddim,1,1
30136,nabələdəm,1,1
30137,nabənd,1,1
30138,nacidirlər,1,1
30139,nacinslərin,1,1
30140,nacorməklik,1,1
30141,nacı,1,1
30142,nadanam,1,1
30143,nadandan,1,1
30144,nadaniyǝm,1,1
30145,nadanlar,1,1
30146,nadanlığm,1,1
30147,nadanlığım,1,1
30148,nadanlığından,1,1
30149,nadannan,1,1
30150,nadansan,1,1
30151,nadanü,1,1
30152,nadanǝ,1,1
30153,nadanə,1,1
30154,nadürüst,1,1
30155,nadır,1,1
30156,nafizdən,1,1
30157,nafǝyi,1,1
30158,nafəhmə,1,1
30159,nafərcam,1,1
30160,nafərcamü,1,1
30161,nafəsindən,1,1
30162,nagahi,1,1
30163,nagəhani,1,1
30164,nahaqdan,1,1
30165,nahaqqı,1,1
30166,naharsızdı,1,1
30167,naharı,1,1
30168,naharının,1,1
30169,nahidindir,1,1
30170,nahəmvar,1,1
30171,nahəqdən,1,1
30172,nahəqq,1,1
30173,naibəm,1,1
30174,nailac,1,1
30175,naim,1,1
30176,naimi,1,1
30177,nainsafın,1,1
30178,nakam,1,1
30179,nakəh,1,1
30180,nakəsdə,1,1
30181,nakəslərə,1,1
30182,nalalı,1,1
30183,nalana,1,1
30184,nalanü,1,1
30185,nalanını,1,1
30186,naliş,1,1
30187,nalişimdən,1,1
30188,nalı,1,1
30189,nalından,1,1
30190,nalıq,1,1
30191,nalǝlǝr,1,1
30192,nalədəndir,1,1
30193,nalələrin,1,1
30194,naləmdən,1,1
30195,nalən,1,1
30196,naləsindən,1,1
30197,naləsini,1,1
30198,naləvu,1,1
30199,naləyə,1,1
30200,nalеyi,1,1
30201,namaza,1,1
30202,namazi,1,1
30203,namazına,1,1
30204,namazəli,1,1
30205,namdir,1,1
30206,namehribanım,1,1
30207,namivər,1,1
30208,namuradə,1,1
30209,namusi,1,1
30210,namussuz,1,1
30211,namussuzun,1,1
30212,namusun,1,1
30213,namusuna,1,1
30214,namusunu,1,1
30215,namvǝrdir,1,1
30216,namötədildən,1,1
30217,namübarək,1,1
30218,namülayim,1,1
30219,namı,1,1
30220,namım,1,1
30221,namǝhrǝmǝ,1,1
30222,naməhrəmdən,1,1
30223,naməhrəmi,1,1
30224,naməhrəmnəm,1,1
30225,naməhrəmə,1,1
30226,naməlum,1,1
30227,namələr,1,1
30228,namən,1,1
30229,naməniz,1,1
30230,naməqdur,1,1
30231,namərddə,1,1
30232,namərdlikdir,1,1
30233,namərdlə,1,1
30234,naməvü,1,1
30235,naməyi,1,1
30236,nanan,1,1
30237,nandı,1,1
30238,nani,1,1
30239,nankorun,1,1
30240,nanmaz,1,1
30241,nanmazdım,1,1
30242,nannc,1,1
30243,nanıram,1,1
30244,nanəcib,1,1
30245,napak,1,1
30246,napakinə,1,1
30247,napeyda,1,1
30248,napoleon,1,1
30249,napəsənddir,1,1
30250,naqabildir,1,1
30251,naqabıl,1,1
30252,naqeyi,1,1
30253,naqisdir,1,1
30254,naqisliyindən,1,1
30255,naqisüqul,1,1
30256,naqqaş,1,1
30257,naqqaşına,1,1
30258,naqus,1,1
30259,naqənin,1,1
30260,naqəvü,1,1
30261,narahatam,1,1
30262,narahatdı,1,1
30263,narahatlıq,1,1
30264,narazıydı,1,1
30265,narda,1,1
30266,narü,1,1
30267,narıdır,1,1
30268,narımı,1,1
30269,narıncımın,1,1
30270,narıncın,1,1
30271,narının,1,1
30272,narışlar,1,1
30273,narədir,1,1
30274,nasehdən,1,1
30275,nasehlər,1,1
30276,nasirəddin,1,1
30277,nasutun,1,1
30278,nasüftə,1,1
30279,nasıl,1,1
30280,nasəza,1,1
30281,natevan,1,1
30282,natiqin,1,1
30283,natəvana,1,1
30284,natəvani,1,1
30285,natəvanı,1,1
30286,natəvanə,1,1
30287,natəvanəm,1,1
30288,navüki,1,1
30289,navəklərindən,1,1
30290,navəklərinlə,1,1
30291,naxoşdu,1,1
30292,naxoşluqları,1,1
30293,naxuda,1,1
30294,naxçivanı,1,1
30295,naxırçı,1,1
30296,naxışdarı,1,1
30297,naxışdı,1,1
30298,naxışlar,1,1
30299,naxışın,1,1
30300,naxələf,1,1
30301,nay,1,1
30302,nayibi,1,1
30303,nayǝ,1,1
30304,nayǝt,1,1
30305,nayə,1,1
30306,nazdı,1,1
30307,nazfi,1,1
30308,nazikbədənü,1,1
30309,naziklik,1,1
30310,nazikliyi,1,1
30311,nazilü,1,1
30312,nazilə,1,1
30313,nazim,1,1
30314,nazirsǝn,1,1
30315,nazla,1,1
30316,nazlanır,1,1
30317,nazlıca,1,1
30318,nazpərvər,1,1
30319,nazǝ,1,1
30320,nazəninimdir,1,1
30321,nazəninlər,1,1
30322,naçaq,1,1
30323,naçara,1,1
30324,naçardır,1,1
30325,nağara,1,1
30326,nağıllamağa,1,1
30327,nağıllarına,1,1
30328,nağıllaşmayacaqdı,1,1
30329,nağılı,1,1
30330,nağılın,1,1
30331,nağılının,1,1
30332,nağıyı,1,1
30333,naşad,1,1
30334,naşadı,1,1
30335,naşadımı,1,1
30336,naşüküftə,1,1
30337,naşükür,1,1
30338,naəhlin,1,1
30339,naəhlə,1,1
30340,ncidifsən,1,1
30341,ncidir,1,1
30342,ncidənnər,1,1
30343,ncidərsən,1,1
30344,ncif,1,1
30345,ncimiş,1,1
30346,ncimə,1,1
30347,ncimən,1,1
30348,nciməsin,1,1
30349,ncinar,1,1
30350,nciyibdir,1,1
30351,ncınarlıq,1,1
30352,ncəvara,1,1
30353,ndiki,1,1
30354,ndilik,1,1
30355,ndisə,1,1
30356,ndiyə,1,1
30357,necun,1,1
30358,necəsi,1,1
30359,necəsən,1,1
30360,necә,1,1
30361,nedir,1,1
30362,nedirsǝn,1,1
30363,nedirsən,1,1
30364,nedərsən,1,1
30365,nedəvüz,1,1
30366,nedəyin,1,1
30367,neftdən,1,1
30368,nehzət,1,1
30369,nejə,1,1
30370,nemantək,1,1
30371,nemeti,1,1
30372,nemetimdəndir,1,1
30373,nemətidi,1,1
30374,nemətimdəndir,1,1
30375,nemətindən,1,1
30376,nemətləri,1,1
30377,nemətlərin,1,1
30378,nemətü,1,1
30379,nemәt,1,1
30380,nemәti,1,1
30381,nenirsən,1,1
30382,nerdə,1,1
30383,netdi,1,1
30384,netdin,1,1
30385,netmişəm,1,1
30386,neydə,1,1
30387,neyimi,1,1
30388,neyin,1,1
30389,neyindir,1,1
30390,neylir,1,1
30391,neyliyək,1,1
30392,neylufər,1,1
30393,neylǝr,1,1
30394,neylə,1,1
30395,neylədim,1,1
30396,neyləmişdik,1,1
30397,neyləmışəm,1,1
30398,neyləmək,1,1
30399,neylərsə,1,1
30400,neyləsəm,1,1
30401,neyləyir,1,1
30402,neyləyirsən,1,1
30403,neymanü,1,1
30404,neynəmək,1,1
30405,neynərsən,1,1
30406,neyran,1,1
30407,neyşəkər,1,1
30408,neyşəkərdir,1,1
30409,neyə,1,1
30410,neçe,1,1
30411,neçük,1,1
30412,neçǝlǝr,1,1
30413,neçədi,1,1
30414,neçəsini,1,1
30415,neştərdir,1,1
30416,neştərdən,1,1
30417,neştərsən,1,1
30418,neşv,1,1
30419,neşǝ,1,1
30420,ngiltərədə,1,1
30421,nicatına,1,1
30422,nicatə,1,1
30423,nidayə,1,1
30424,nidəndir,1,1
30425,nifaqdan,1,1
30426,nifrəti,1,1
30427,nifrətini,1,1
30428,nigahbanı,1,1
30429,nigahın,1,1
30430,nigahına,1,1
30431,nigarı,1,1
30432,nigarımı,1,1
30433,nigarımın,1,1
30434,nigarından,1,1
30435,nigarını,1,1
30436,nigun,1,1
30437,nigunumdur,1,1
30438,nigəhban,1,1
30439,nigəhbanım,1,1
30440,nigəran,1,1
30441,nihadından,1,1
30442,nihal,1,1
30443,nihalim,1,1
30444,nihalə,1,1
30445,nihandan,1,1
30446,nihanımız,1,1
30447,nihanə,1,1
30448,nihayət,1,1
30449,nik,1,1
30450,nikahinə,1,1
30451,nikahı,1,1
30452,nikahından,1,1
30453,nikhǝti,1,1
30454,nikolaya,1,1
30455,niksifat,1,1
30456,nikufal,1,1
30457,nikuyin,1,1
30458,niligunu,1,1
30459,nilufər,1,1
30460,nilər,1,1
30461,nimtənəsi,1,1
30462,nimçə,1,1
30463,nini,1,1
30464,niqabda,1,1
30465,niqabin,1,1
30466,niqabə,1,1
30467,niqalay,1,1
30468,niqalaydan,1,1
30469,niqtə,1,1
30470,nirati,1,1
30471,nirsən,1,1
30472,nisaba,1,1
30473,nisan,1,1
30474,nisandan,1,1
30475,nisarın,1,1
30476,nisbi,1,1
30477,nisbətim,1,1
30478,nisbətli,1,1
30479,nisbətə,1,1
30480,nisbətən,1,1
30481,nisf,1,1
30482,nisfdən,1,1
30483,nisfı,1,1
30484,nisi,1,1
30485,nist,1,1
30486,nisyan,1,1
30487,nisyani,1,1
30488,nisyələrinin,1,1
30489,nisyənin,1,1
30490,nitqdəndir,1,1
30491,nitqidir,1,1
30492,nitqimiz,1,1
30493,nitqini,1,1
30494,nitqiylə,1,1
30495,nitqli,1,1
30496,niyar,1,1
30497,niyazmənd,1,1
30498,niyazım,1,1
30499,niyazımız,1,1
30500,niyazından,1,1
30501,niylgun,1,1
30502,niyran,1,1
30503,niyrani,1,1
30504,niysandan,1,1
30505,niyyətdü,1,1
30506,niyyəti,1,1
30507,niyyətlər,1,1
30508,niyyətüvüz,1,1
30509,niyşə,1,1
30510,nizal,1,1
30511,nizamdir,1,1
30512,nizamiçün,1,1
30513,nizamlanandan,1,1
30514,nizamlayırdı,1,1
30515,nizamsızdır,1,1
30516,nizamü,1,1
30517,nizamına,1,1
30518,nizamə,1,1
30519,nizədə,1,1
30520,nizələr,1,1
30521,nizələri,1,1
30522,nizəni,1,1
30523,nizəsilə,1,1
30524,nizəvü,1,1
30525,nizəyə,1,1
30526,niçin,1,1
30527,nişanla,1,1
30528,nişanlar,1,1
30529,nişanlıyam,1,1
30530,nişanlıymış,1,1
30531,nişansız,1,1
30532,nişanımız,1,1
30533,nişanımızdır,1,1
30534,nişanədir,1,1
30535,nişanəsi,1,1
30536,nişatdən,1,1
30537,nişati,1,1
30538,nişatinə,1,1
30539,nişatı,1,1
30540,nişiməni,1,1
30541,nişimənim,1,1
30542,nişini,1,1
30543,nişsiz,1,1
30544,nişǝ,1,1
30545,njgəhban,1,1
30546,nkisar,1,1
30547,nnab,1,1
30548,nnabi,1,1
30549,nnə,1,1
30550,nnəlləhə,1,1
30551,nobahardan,1,1
30552,noh,1,1
30553,nohura,1,1
30554,nolacaqdır,1,1
30555,nolardı,1,1
30556,nolaydı,1,1
30557,nolisər,1,1
30558,nolurdu,1,1
30559,normal,1,1
30560,novbarı,1,1
30561,novcəvanə,1,1
30562,novdandan,1,1
30563,novgüli,1,1
30564,novki,1,1
30565,novkin,1,1
30566,novruzdən,1,1
30567,novrəs,1,1
30568,novrəsideyi,1,1
30569,novşüküftə,1,1
30570,noxtanı,1,1
30571,noxtasını,1,1
30572,noyruz,1,1
30573,noğalanızı,1,1
30574,noğul,1,1
30575,noğula,1,1
30576,noğuldan,1,1
30577,nqilabi,1,1
30578,nsafü,1,1
30579,nsafı,1,1
30580,nsana,1,1
30581,nsanlıq,1,1
30582,nsanlığa,1,1
30583,nsanü,1,1
30584,nsanı,1,1
30585,nstitutunda,1,1
30586,ntixab,1,1
30587,ntizar,1,1
30588,ntizarǝm,1,1
30589,nubarı,1,1
30590,nuna,1,1
30591,nundyr,1,1
30592,nuni,1,1
30593,nunəm,1,1
30594,nuranı,1,1
30595,nurdan,1,1
30596,nurdu,1,1
30597,nurdur,1,1
30598,nurefşan,1,1
30599,nuridir,1,1
30600,nurilə,1,1
30601,nurim,1,1
30602,nurimiş,1,1
30603,nurindǝ,1,1
30604,nurindən,1,1
30605,nurla,1,1
30606,nurlandır,1,1
30607,nurlandırır,1,1
30608,nursaçan,1,1
30609,nurum,1,1
30610,nurumsan,1,1
30611,nurumu,1,1
30612,nurumü,1,1
30613,nurundadı,1,1
30614,nurundan,1,1
30615,nurǝfşan,1,1
30616,nurəfşan,1,1
30617,nurəvü,1,1
30618,nuşanuş,1,1
30619,nuşhallıq,1,1
30620,nuşi,1,1
30621,nuşirəvandan,1,1
30622,nuşirəvanın,1,1
30623,nuşləb,1,1
30624,nuşu,1,1
30625,nuşxənd,1,1
30626,nuşə,1,1
30627,när,1,1
30628,nökərinə,1,1
30629,nökərlərimdir,1,1
30630,nökərçəniz,1,1
30631,nömid,1,1
30632,nömrəli,1,1
30633,nöqsandır,1,1
30634,nöqsanımı,1,1
30635,nöqtebenöqte,1,1
30636,nöqtədir,1,1
30637,nöqtədəhan,1,1
30638,nöqtələr,1,1
30639,nöqtəni,1,1
30640,nöqtənin,1,1
30641,nöqtəsin,1,1
30642,nöqtəsiz,1,1
30643,növayin,1,1
30644,növbahanmı,1,1
30645,növbahardə,1,1
30646,növbə,1,1
30647,növbəhar,1,1
30648,növbəni,1,1
30649,növbəyə,1,1
30650,növdür,1,1
30651,növheyi,1,1
30652,növilə,1,1
30653,növki,1,1
30654,növmid,1,1
30655,növrağı,1,1
30656,növrağını,1,1
30657,növruzi,1,1
30658,növrəs,1,1
30659,növrəsi,1,1
30660,növrəsideyi,1,1
30661,növrəsiə,1,1
30662,növxiz,1,1
30663,növünən,1,1
30664,nöşün,1,1
30665,nü,1,1
30666,nübüvvətdir,1,1
30667,nübüvvətdə,1,1
30668,nübüvvətə,1,1
30669,nücum,1,1
30670,nüdrətən,1,1
30671,nüfusinǝ,1,1
30672,nüh,1,1
30673,nühandır,1,1
30674,nüktəni,1,1
30675,nüktəsəra,1,1
30676,nüktəyab,1,1
30677,nümanı,1,1
30678,nümunə,1,1
30679,nümunədir,1,1
30680,nümunələri,1,1
30681,nümüvv,1,1
30682,nünəvvər,1,1
30683,nüql,1,1
30684,nüqlüm,1,1
30685,nüqtədir,1,1
30686,nüqtəsi,1,1
30687,nüquşin,1,1
30688,nürnəm,1,1
30689,nüsrətin,1,1
30690,nüsrətlər,1,1
30691,nüsxeyi,1,1
30692,nüsxǝlǝrindǝ,1,1
30693,nüsxədədir,1,1
30694,nüsxəsindən,1,1
30695,nüsxеyi,1,1
30696,nüsxәdә,1,1
30697,nütfə,1,1
30698,nütfəsi,1,1
30699,nütfəsindən,1,1
30700,nütfəvü,1,1
30701,nüzhətgahi,1,1
30702,nüzhəti,1,1
30703,nüzul,1,1
30704,nüzyar,1,1
30705,nırxi,1,1
30706,nıs,1,1
30707,nıxar,1,1
30708,nışanasıdı,1,1
30709,nşirahi,1,1
30710,nǝbidir,1,1
30711,nǝdǝn,1,1
30712,nǝdǝnsǝn,1,1
30713,nǝfǝs,1,1
30714,nǝmizdir,1,1
30715,nǝqdi,1,1
30716,nǝqdinǝ,1,1
30717,nǝqşini,1,1
30718,nǝrgizlǝri,1,1
30719,nǝrkisi,1,1
30720,nǝrradı,1,1
30721,nǝsihǝt,1,1
30722,nǝsnǝ,1,1
30723,nǝssi,1,1
30724,nǝvadır,1,1
30725,nǝzarü,1,1
30726,nǝzmi,1,1
30727,nǝzmim,1,1
30728,nǝzmü,1,1
30729,nəbati,1,1
30730,nəbatü,1,1
30731,nəbid,1,1
30732,nəbidir,1,1
30733,nəbilərin,1,1
30734,nəbimərac,1,1
30735,nəbzim,1,1
30736,nəbzimə,1,1
30737,nəbzini,1,1
30738,nəbəvi,1,1
30739,nəcab,1,1
30740,nəcabət,1,1
30741,nəcabətdən,1,1
30742,nəcabəti,1,1
30743,nəcabətli,1,1
30744,nəcari,1,1
30745,nəcatəm,1,1
30746,nəccardır,1,1
30747,nəccini,1,1
30748,nəchül,1,1
30749,nəcibsən,1,1
30750,nəcibü,1,1
30751,nəcisdir,1,1
30752,nəciyəm,1,1
30753,nəcəfgil,1,1
30754,nəcəfi,1,1
30755,nəcəfin,1,1
30756,nəcəfzadə,1,1
30757,nədamət,1,1
30758,nədamətdı,1,1
30759,nədamətdən,1,1
30760,nədaməti,1,1
30761,nəder,1,1
30762,nədim,1,1
30763,nədimü,1,1
30764,nədirsə,1,1
30765,nəfil,1,1
30766,nəfir,1,1
30767,nəfiri,1,1
30768,nəfisini,1,1
30769,nəfsdə,1,1
30770,nəfsilə,1,1
30771,nəfsimin,1,1
30772,nəfsimə,1,1
30773,nəfur,1,1
30774,nəfxeyi,1,1
30775,nəfə,1,1
30776,nəfərə,1,1
30777,nəfəsdə,1,1
30778,nəfəsidir,1,1
30779,nəfəsində,1,1
30780,nəfəsindən,1,1
30781,nəfəsitək,1,1
30782,nəfəsli,1,1
30783,nəfəslənən,1,1
30784,nəhak,1,1
30785,nəhanım,1,1
30786,nəhavəndü,1,1
30787,nəhayəti,1,1
30788,nəhim,1,1
30789,nəhlət,1,1
30790,nəhslik,1,1
30791,nəhsə,1,1
30792,nəhv,1,1
30793,nəhvü,1,1
30794,nəhydir,1,1
30795,nəhyində,1,1
30796,nəhyə,1,1
30797,nəhəngdir,1,1
30798,nəhəngi,1,1
30799,nəhəngin,1,1
30800,nəhəngiylə,1,1
30801,nəhəngləri,1,1
30802,nəhəngəm,1,1
30803,nəim,1,1
30804,nəimim,1,1
30805,nəiminə,1,1
30806,nəimü,1,1
30807,nəisə,1,1
30808,nəkir,1,1
30809,nəklər,1,1
30810,nəklərə,1,1
30811,nəkrеyin,1,1
30812,nəkrеyinə,1,1
30813,nəkrеyn,1,1
30814,nəlbəkinin,1,1
30815,nəlbəkisi,1,1
30816,nələrə,1,1
30817,nəlеynin,1,1
30818,nəma,1,1
30819,nəmazdır,1,1
30820,nəmazını,1,1
30821,nəmrudi,1,1
30822,nəmrudun,1,1
30823,nəmrudü,1,1
30824,nəmədpuş,1,1
30825,nəmək,1,1
30826,nəməkdanı,1,1
30827,nəməkdəndir,1,1
30828,nəməri,1,1
30829,nəng,1,1
30830,nəngi,1,1
30831,nənmim,1,1
30832,nənmisində,1,1
30833,nənəpəri,1,1
30834,nənəş,1,1
30835,nəqdinə,1,1
30836,nəqi,1,1
30837,nəqizi,1,1
30838,nəqli,1,1
30839,nəqlin,1,1
30840,nəqlü,1,1
30841,nəqqaşinə,1,1
30842,nəqqaşlar,1,1
30843,nəqqaşımış,1,1
30844,nəqqaşını,1,1
30845,nəqqaşınız,1,1
30846,nəqsi,1,1
30847,nəqsü,1,1
30848,nəqzə,1,1
30849,nəqşbəndi,1,1
30850,nəqşidürür,1,1
30851,nəqşindən,1,1
30852,nəqşli,1,1
30853,nəqşə,1,1
30854,nəqşəsində,1,1
30855,nərdbaz,1,1
30856,nərddə,1,1
30857,nərdivanda,1,1
30858,nərdü,1,1
30859,nərgi,1,1
30860,nərgisinlə,1,1
30861,nərgisnəzərdən,1,1
30862,nərgisü,1,1
30863,nərgizinlə,1,1
30864,nərgizlərə,1,1
30865,nərm,1,1
30866,nərmi,1,1
30867,nərmilə,1,1
30868,nərmü,1,1
30869,nərradin,1,1
30870,nərrəşir,1,1
30871,nərəvü,1,1
30872,nərəyi,1,1
30873,nəsaralar,1,1
30874,nəsb,1,1
30875,nəsi,1,1
30876,nəsibim,1,1
30877,nəsibimi,1,1
30878,nəsidir,1,1
30879,nəsihətdir,1,1
30880,nəsihətdürür,1,1
30881,nəsihətdən,1,1
30882,nəsihətli,1,1
30883,nəsihətləri,1,1
30884,nəsihətnamə,1,1
30885,nəsihətə,1,1
30886,nəsil,1,1
30887,nəsildən,1,1
30888,nəsim,1,1
30889,nəsiman,1,1
30890,nəsimidən,1,1
30891,nəsimim,1,1
30892,nəsimindən,1,1
30893,nəsimini,1,1
30894,nəsimiya,1,1
30895,nəsimlə,1,1
30896,nəsindən,1,1
30897,nəsir,1,1
30898,nəsirdi,1,1
30899,nəsirdir,1,1
30900,nəsirəddin,1,1
30901,nəsiyət,1,1
30902,nəsiyətdi,1,1
30903,nəsl,1,1
30904,nəslidir,1,1
30905,nəslim,1,1
30906,nəslin,1,1
30907,nəslə,1,1
30908,nəsmin,1,1
30909,nəsnədə,1,1
30910,nəsnələrin,1,1
30911,nəsnəyi,1,1
30912,nəsnəyə,1,1
30913,nəsr,1,1
30914,nəsreyn,1,1
30915,nəsri,1,1
30916,nəsrim,1,1
30917,nəsrimin,1,1
30918,nəsrinim,1,1
30919,nəsrinin,1,1
30920,nəsriydi,1,1
30921,nəsrün,1,1
30922,nəsrən,1,1
30923,nəstur,1,1
30924,nəsuh,1,1
30925,nəsəbim,1,1
30926,nəsəbin,1,1
30927,nəsəbü,1,1
30928,nəsəbəm,1,1
30929,nəsəqi,1,1
30930,nəticeyi,1,1
30931,nəticə,1,1
30932,nəticədə,1,1
30933,nəticəsidir,1,1
30934,nəticəyi,1,1
30935,nətin,1,1
30936,nətində,1,1
30937,nətindən,1,1
30938,nəvadən,1,1
30939,nəvaiyi,1,1
30940,nəvalə,1,1
30941,nəvanı,1,1
30942,nəvasx,1,1
30943,nəvaxan,1,1
30944,nəvayə,1,1
30945,nəvaz,1,1
30946,nəvazişi,1,1
30947,nəvvab,1,1
30948,nəvvadeyi,1,1
30949,nəvvnəsifət,1,1
30950,nəvvər,1,1
30951,nəvələri,1,1
30952,nəxl,1,1
30953,nəxlin,1,1
30954,nəxt,1,1
30955,nəydi,1,1
30956,nəyiniz,1,1
30957,nəyinə,1,1
30958,nəynən,1,1
30959,nəysə,1,1
30960,nəzi,1,1
30961,nəzikbədən,1,1
30962,nəziri,1,1
30963,nəziyindən,1,1
30964,nəzmdə,1,1
30965,nəzmdən,1,1
30966,nəzmim,1,1
30967,nəzmimin,1,1
30968,nəzmimlə,1,1
30969,nəzmiydi,1,1
30970,nəzrim,1,1
30971,nəzrini,1,1
30972,nəzərdir,1,1
30973,nəzəre,1,1
30974,nəzərgahlərə,1,1
30975,nəzərgahım,1,1
30976,nəzərgəhi,1,1
30977,nəzərimdə,1,1
30978,nəzərimdən,1,1
30979,nəzərimə,1,1
30980,nəzərinnən,1,1
30981,nəzərlinin,1,1
30982,nəzərlər,1,1
30983,nəçün,1,1
30984,nəğmədə,1,1
30985,nəğmədən,1,1
30986,nəğmələrimçin,1,1
30987,nəğmələrini,1,1
30988,nəğməsi,1,1
30989,nəğməsindən,1,1
30990,nəğməsəra,1,1
30991,nəğməvü,1,1
30992,nəğməyi,1,1
30993,nəşeyi,1,1
30994,nəşi,1,1
30995,nəşimi,1,1
30996,nəşin,1,1
30997,nəşini,1,1
30998,nəşrində,1,1
30999,nəşriyyatında,1,1
31000,nəştərini,1,1
31001,nəşv,1,1
31002,nəşələrindən,1,1
31003,nəşəsin,1,1
31004,nəşəsindən,1,1
31005,nəşəyi,1,1
31006,nе,1,1
31007,nеcədi,1,1
31008,nеcədir,1,1
31009,nеdim,1,1
31010,nеdirsən,1,1
31011,nеnirsən,1,1
31012,nеylim,1,1
31013,nеylədim,1,1
31014,nеylədisə,1,1
31015,nеyləmişəm,1,1
31016,nеyləsin,1,1
31017,nеyləsəm,1,1
31018,nеysana,1,1
31019,nеyçün,1,1
31020,nеçədi,1,1
31021,nеçənin,1,1
31022,nеçəsi,1,1
31023,nеçəsini,1,1
31024,nеştər,1,1
31025,nоla,1,1
31026,nәcasәt,1,1
31027,nәdir,1,1
31028,nәhv,1,1
31029,nәinki,1,1
31030,nәvalә,1,1
31031,nәyә,1,1
31032,oayğ,1,1
31033,obadakı,1,1
31034,obanı,1,1
31035,obaya,1,1
31036,ocaq,1,1
31037,ocaqda,1,1
31038,ocaqları,1,1
31039,ocaqlarına,1,1
31040,ocaqlarından,1,1
31041,ocağında,1,1
31042,ocağını,1,1
31043,oddadı,1,1
31044,oddamaxnan,1,1
31045,odduyajax,1,1
31046,odduyajıyıx,1,1
31047,odlan,1,1
31048,odlana,1,1
31049,odlanar,1,1
31050,odlanmasın,1,1
31051,odlanna,1,1
31052,odlayırlar,1,1
31053,odlaşdı,1,1
31054,odludur,1,1
31055,odluydu,1,1
31056,odnan,1,1
31057,odnanavaz,1,1
31058,odumdan,1,1
31059,odundu,1,1
31060,odundur,1,1
31061,odunla,1,1
31062,odunlux,1,1
31063,odunnan,1,1
31064,odunun,1,1
31065,odü,1,1
31066,ofsunçu,1,1
31067,oglan,1,1
31068,oglana,1,1
31069,oglanla,1,1
31070,oglanın,1,1
31071,oha,1,1
31072,oia,1,1
31073,oiur,1,1
31074,oksidir,1,1
31075,olacaqlar,1,1
31076,olacaqmı,1,1
31077,olacaqsan,1,1
31078,olacağın,1,1
31079,olacağını,1,1
31080,olacağıq,1,1
31081,olalım,1,1
31082,olaman,1,1
31083,olammazdı,1,1
31084,olamı,1,1
31085,olandı,1,1
31086,olanla,1,1
31087,olanlarda,1,1
31088,olannarın,1,1
31089,olanı,1,1
31090,olanını,1,1
31091,olara,1,1
31092,olardıq,1,1
31093,olari,1,1
31094,olarla,1,1
31095,olarmış,1,1
31096,olarıq,1,1
31097,olası,1,1
31098,olasıdı,1,1
31099,olcağın,1,1
31100,oldi,1,1
31101,oldunsa,1,1
31102,olduqdan,1,1
31103,olduqсa,1,1
31104,oldurun,1,1
31105,olduğuma,1,1
31106,olduğundan,1,1
31107,olduğundandır,1,1
31108,olisər,1,1
31109,ollammı,1,1
31110,olmadıq,1,1
31111,olmadıvü,1,1
31112,olmadığı,1,1
31113,olmadığına,1,1
31114,olmagil,1,1
31115,olmaginən,1,1
31116,olmalıydı,1,1
31117,olmalıyıq,1,1
31118,olmam,1,1
31119,olmamalıdır,1,1
31120,olmamısan,1,1
31121,olmamışdır,1,1
31122,olmaqdır,1,1
31123,olmaqçın,1,1
31124,olmaran,1,1
31125,olmasm,1,1
31126,olmasından,1,1
31127,olmasınmı,1,1
31128,olmaxnan,1,1
31129,olmayanda,1,1
31130,olmayanların,1,1
31131,olmayanın,1,1
31132,olmayaraq,1,1
31133,olmayaydılar,1,1
31134,olmayıblar,1,1
31135,olmayımmı,1,1
31136,olmayın,1,1
31137,olmayır,1,1
31138,olmazdım,1,1
31139,olmağım,1,1
31140,olmağını,1,1
31141,olmurlar,1,1
31142,olmusuz,1,1
31143,olmuyanda,1,1
31144,olmuyub,1,1
31145,olmuşamsa,1,1
31146,olmuşdum,1,1
31147,olmuşdusa,1,1
31148,olmuşmu,1,1
31149,olmuşsa,1,1
31150,olmuşuz,1,1
31151,olsanız,1,1
31152,olsaydım,1,1
31153,olsutı,1,1
31154,olubdular,1,1
31155,olubla,1,1
31156,olubsa,1,1
31157,olulla,1,1
31158,oluma,1,1
31159,olumu,1,1
31160,olunacaq,1,1
31161,olunan,1,1
31162,olunandan,1,1
31163,olundular,1,1
31164,olunmaz,1,1
31165,olunmuşdu,1,1
31166,olunursan,1,1
31167,olurdum,1,1
31168,olurdusa,1,1
31169,olurkən,1,1
31170,olurmuşsa,1,1
31171,olurmǝn,1,1
31172,olursunuz,1,1
31173,olän,1,1
31174,olğu,1,1
31175,olımaz,1,1
31176,olıır,1,1
31177,olə,1,1
31178,omiros,1,1
31179,onalmaz,1,1
31180,onaltıdı,1,1
31181,onatılan,1,1
31182,onca,1,1
31183,ondakı,1,1
31184,ondakından,1,1
31185,ondanam,1,1
31186,oni,1,1
31187,onlan,1,1
31188,onlardakı,1,1
31189,onlardır,1,1
31190,onlarsız,1,1
31191,onnarnan,1,1
31192,onunkunnan,1,1
31193,onunsa,1,1
31194,onunçundur,1,1
31195,onunçündür,1,1
31196,onçu,1,1
31197,opponentlərimdən,1,1
31198,oradaca,1,1
31199,oradakılar,1,1
31200,oranın,1,1
31201,ordakıların,1,1
31202,orduda,1,1
31203,ordugah,1,1
31204,ordunu,1,1
31205,orijinal,1,1
31206,ort,1,1
31207,ortadakı,1,1
31208,ortasına,1,1
31209,ortasını,1,1
31210,ortuya,1,1
31211,orucam,1,1
31212,orucum,1,1
31213,orucun,1,1
31214,orucuna,1,1
31215,osa,1,1
31216,osmandan,1,1
31217,osmani,1,1
31218,osmanü,1,1
31219,ota,1,1
31220,otaq,1,1
31221,otaqda,1,1
31222,otaqdan,1,1
31223,otar,1,1
31224,otaran,1,1
31225,otarmaq,1,1
31226,otaxda,1,1
31227,otağ,1,1
31228,otağmda,1,1
31229,otağıdır,1,1
31230,otağına,1,1
31231,otağında,1,1
31232,otlaqda,1,1
31233,otlaqlara,1,1
31234,otlardan,1,1
31235,otlayırlardı,1,1
31236,otluyur,1,1
31237,otunıb,1,1
31238,oturar,1,1
31239,oturaydım,1,1
31240,oturdum,1,1
31241,oturdun,1,1
31242,oturdunsa,1,1
31243,oturmadan,1,1
31244,oturmaz,1,1
31245,oturmuşam,1,1
31246,oturmuşdu,1,1
31247,oturmuşsa,1,1
31248,otursa,1,1
31249,oturun,1,1
31250,otururam,1,1
31251,otuzda,1,1
31252,otərəfə,1,1
31253,ovand,1,1
31254,ovayə,1,1
31255,ovbaş,1,1
31256,ovbaşı,1,1
31257,ovci,1,1
31258,ovcu,1,1
31259,ovcum,1,1
31260,ovcunda,1,1
31261,ovcə,1,1
31262,ovlamaq,1,1
31263,ovlamaqdan,1,1
31264,ovlamaz,1,1
31265,ovlaqdakı,1,1
31266,ovlayan,1,1
31267,ovlayar,1,1
31268,ovlayasan,1,1
31269,ovlağımdı,1,1
31270,ovqata,1,1
31271,ovraqi,1,1
31272,ovsafini,1,1
31273,ovsafını,1,1
31274,ovsun,1,1
31275,ovsuna,1,1
31276,ovsunçu,1,1
31277,ovsunçular,1,1
31278,ovsunçuyam,1,1
31279,ovu,1,1
31280,ovuntu,1,1
31281,ovxaladı,1,1
31282,ovçi,1,1
31283,ovçular,1,1
31284,ovçulardan,1,1
31285,ovçunu,1,1
31286,ovçusu,1,1
31287,ovçusundan,1,1
31288,ovçuyam,1,1
31289,oxdan,1,1
31290,oxilə,1,1
31291,oxla,1,1
31292,oxlara,1,1
31293,oxlarım,1,1
31294,oxlasan,1,1
31295,oxlayıbsan,1,1
31296,oxucuların,1,1
31297,oxudan,1,1
31298,oxuduq,1,1
31299,oxuduqca,1,1
31300,oxuduqdan,1,1
31301,oxuduqları,1,1
31302,oxudurdu,1,1
31303,oxudurdular,1,1
31304,oxuduğunu,1,1
31305,oxuma,1,1
31306,oxumadığı,1,1
31307,oxumamışam,1,1
31308,oxumaq,1,1
31309,oxumaqdan,1,1
31310,oxumaram,1,1
31311,oxumasan,1,1
31312,oxumayan,1,1
31313,oxumağımı,1,1
31314,oxumağına,1,1
31315,oxumla,1,1
31316,oxumuşdular,1,1
31317,oxumuşlarının,1,1
31318,oxuna,1,1
31319,oxunan,1,1
31320,oxunmaz,1,1
31321,oxunmuş,1,1
31322,oxurdu,1,1
31323,oxurdum,1,1
31324,oxursan,1,1
31325,oxuruz,1,1
31326,oxusa,1,1
31327,oxusam,1,1
31328,oxusunlar,1,1
31329,oxutdular,1,1
31330,oxutduracaq,1,1
31331,oxutmaq,1,1
31332,oxuyacam,1,1
31333,oxuyacağam,1,1
31334,oxuyaqmı,1,1
31335,oxuyar,1,1
31336,oxuyla,1,1
31337,oxuyubsan,1,1
31338,oxuyubsanmı,1,1
31339,oxuyum,1,1
31340,oxuyun,1,1
31341,oxuyunca,1,1
31342,oxuyurdular,1,1
31343,oxuyursan,1,1
31344,oxuyǝ,1,1
31345,oxşadan,1,1
31346,oxşamadı,1,1
31347,oxşamadım,1,1
31348,oxşamaram,1,1
31349,oxşamaz,1,1
31350,oxşarlar,1,1
31351,oxşarlıq,1,1
31352,oxşarsan,1,1
31353,oxşatdım,1,1
31354,oxşatma,1,1
31355,oxşatmısan,1,1
31356,oxşaya,1,1
31357,oxşayıbdır,1,1
31358,oxşayırlar,1,1
31359,oxşayırsan,1,1
31360,oyandım,1,1
31361,oyanmaz,1,1
31362,oyanıb,1,1
31363,oyaq,1,1
31364,oyar,1,1
31365,oyardı,1,1
31366,oyat,1,1
31367,oyatdı,1,1
31368,oyla,1,1
31369,oylağı,1,1
31370,oylə,1,1
31371,oymağı,1,1
31372,oyna,1,1
31373,oynadan,1,1
31374,oynadar,1,1
31375,oynadı,1,1
31376,oynadılar,1,1
31377,oynadır,1,1
31378,oynamaq,1,1
31379,oynamış,1,1
31380,oynat,1,1
31381,oynatdı,1,1
31382,oynatdılar,1,1
31383,oynatma,1,1
31384,oynayanda,1,1
31385,oynayar,1,1
31386,oynayasan,1,1
31387,oynayıcı,1,1
31388,oynağan,1,1
31389,oynaşar,1,1
31390,oysanma,1,1
31391,oyubdu,1,1
31392,oyuna,1,1
31393,oyunbazlıq,1,1
31394,oyunda,1,1
31395,oyununda,1,1
31396,oyunçu,1,1
31397,oz,1,1
31398,ozbər,1,1
31399,ozü,1,1
31400,oövmi,1,1
31401,oğlanla,1,1
31402,oğlanlardır,1,1
31403,oğlanları,1,1
31404,oğlanlarını,1,1
31405,oğlannardan,1,1
31406,oğlannarını,1,1
31407,oğluma,1,1
31408,oğlumdu,1,1
31409,oğlumuz,1,1
31410,oğlunda,1,1
31411,oğlundan,1,1
31412,oğluvü,1,1
31413,oğlü,1,1
31414,oğmya,1,1
31415,oğnin,1,1
31416,oğraşısan,1,1
31417,oğruda,1,1
31418,oğrumu,1,1
31419,oğrunu,1,1
31420,oğula,1,1
31421,oğulam,1,1
31422,oğuldan,1,1
31423,oğulu,1,1
31424,oğurladığıçün,1,1
31425,oğurlamışdı,1,1
31426,oğurlanıb,1,1
31427,oğurluqdur,1,1
31428,oğurluğa,1,1
31429,oğılani,1,1
31430,oхur,1,1
31431,oхuram,1,1
31432,p,1,1
31433,pabus,1,1
31434,pabəndə,1,1
31435,pabəstə,1,1
31436,pabəstədir,1,1
31437,padihaşım,1,1
31438,padişahidir,1,1
31439,padişahlardan,1,1
31440,padişalərdən,1,1
31441,padişəh,1,1
31442,padişəhdir,1,1
31443,padişəhin,1,1
31444,padoş,1,1
31445,padır,1,1
31446,padşaha,1,1
31447,padşahdir,1,1
31448,padşahlar,1,1
31449,padşahlarda,1,1
31450,padşahsan,1,1
31451,padən,1,1
31452,padəndir,1,1
31453,pakbaz,1,1
31454,pakbinimdir,1,1
31455,pakdamanü,1,1
31456,pakdil,1,1
31457,pakdır,1,1
31458,pakdən,1,1
31459,pakini,1,1
31460,pakiylə,1,1
31461,pakizeyi,1,1
31462,pakizədir,1,1
31463,pakizəmənzur,1,1
31464,pakizəsi,1,1
31465,paklığına,1,1
31466,paklığını,1,1
31467,paksən,1,1
31468,pakü,1,1
31469,pakımda,1,1
31470,pakında,1,1
31471,pakəm,1,1
31472,pakеtin,1,1
31473,pakеtə,1,1
31474,palani,1,1
31475,palanlardı,1,1
31476,palas,1,1
31477,palazdır,1,1
31478,palazla,1,1
31479,palazı,1,1
31480,palazını,1,1
31481,paltarlarımı,1,1
31482,paltarlarını,1,1
31483,paltarının,1,1
31484,paltarıtek,1,1
31485,paltarə,1,1
31486,palçıqda,1,1
31487,palçıqdan,1,1
31488,palıo,1,1
31489,palıq,1,1
31490,pamalin,1,1
31491,pambıqdır,1,1
31492,pamuk,1,1
31493,pamuku,1,1
31494,papadan,1,1
31495,papaqdan,1,1
31496,papaqdır,1,1
31497,papaqla,1,1
31498,papaqları,1,1
31499,papaqlı,1,1
31500,papası,1,1
31501,papax,1,1
31502,papağımdır,1,1
31503,paprosunu,1,1
31504,parababı,1,1
31505,paralelimdə,1,1
31506,pardaqlananda,1,1
31507,parladı,1,1
31508,parlamaqdır,1,1
31509,parlaqsan,1,1
31510,parlasam,1,1
31511,parlayan,1,1
31512,parsa,1,1
31513,parsanı,1,1
31514,parsayə,1,1
31515,partdamışdı,1,1
31516,partiyalar,1,1
31517,partiyasını,1,1
31518,partlayınca,1,1
31519,partlayışlar,1,1
31520,parçadan,1,1
31521,parçadır,1,1
31522,parçalamaqda,1,1
31523,parçalanmaya,1,1
31524,parçalar,1,1
31525,parçasından,1,1
31526,parçasısan,1,1
31527,parıldadı,1,1
31528,parıltısını,1,1
31529,parədir,1,1
31530,parələri,1,1
31531,parələrin,1,1
31532,parəsin,1,1
31533,pasbanım,1,1
31534,pasdan,1,1
31535,pasibani,1,1
31536,paslanarsa,1,1
31537,paslanıbdı,1,1
31538,paslı,1,1
31539,patron,1,1
31540,paxrı,1,1
31541,paxıllar,1,1
31542,paxıllıqdır,1,1
31543,paxıllığından,1,1
31544,paxılı,1,1
31545,payandır,1,1
31546,payanına,1,1
31547,payanə,1,1
31548,paybusi,1,1
31549,paybənd,1,1
31550,paybəst,1,1
31551,payeyi,1,1
31552,payibusindən,1,1
31553,payibənd,1,1
31554,payimali,1,1
31555,payimalımdır,1,1
31556,payindir,1,1
31557,payindən,1,1
31558,payinә,1,1
31559,payisǝrdir,1,1
31560,paylandı,1,1
31561,paylayıb,1,1
31562,payım,1,1
31563,payını,1,1
31564,payıza,1,1
31565,payə,1,1
31566,payəndə,1,1
31567,pazənd,1,1
31568,paşanın,1,1
31569,paşayi,1,1
31570,paşayə,1,1
31571,paşıya,1,1
31572,paşıyı,1,1
31573,pekəri,1,1
31574,pencər,1,1
31575,pendiri,1,1
31576,pergar,1,1
31577,perişan,1,1
31578,persoy,1,1
31579,pervanedi,1,1
31580,pesər,1,1
31581,pey,1,1
31582,peydən,1,1
31583,peydəri,1,1
31584,peyin,1,1
31585,peyinini,1,1
31586,peykana,1,1
31587,peykandan,1,1
31588,peykandı,1,1
31589,peykandır,1,1
31590,peykani,1,1
31591,peykanla,1,1
31592,peykanladım,1,1
31593,peykanları,1,1
31594,peykanların,1,1
31595,peykanlarındır,1,1
31596,peykanlarınla,1,1
31597,peykanlarını,1,1
31598,peykanı,1,1
31599,peykanım,1,1
31600,peykanınla,1,1
31601,peykardır,1,1
31602,peykinə,1,1
31603,peykiyəm,1,1
31604,peykǝri,1,1
31605,peykər,1,1
31606,peykəri,1,1
31607,peykərçə,1,1
31608,peylərəm,1,1
31609,peymani,1,1
31610,peymanlər,1,1
31611,peymansızlara,1,1
31612,peymanımız,1,1
31613,peymanın,1,1
31614,peymanından,1,1
31615,peymanǝlǝr,1,1
31616,peymanǝmizdir,1,1
31617,peymanədir,1,1
31618,peymanələr,1,1
31619,peymanələri,1,1
31620,peymanəmi,1,1
31621,peymanəni,1,1
31622,peymanəsin,1,1
31623,peyqǝmbǝr,1,1
31624,peyrəmbəri,1,1
31625,peyrəvi,1,1
31626,peyrəviyani,1,1
31627,peyvəndi,1,1
31628,peyğǝmbǝr,1,1
31629,peyğəmbərlər,1,1
31630,peyəmbər,1,1
31631,peçinə,1,1
31632,peşgaşdı,1,1
31633,peşimani,1,1
31634,peşimanlıq,1,1
31635,peşimanı,1,1
31636,peşin,1,1
31637,peşmandır,1,1
31638,peşədi,1,1
31639,peşədən,1,1
31640,peşəngə,1,1
31641,peşəııə,1,1
31642,piirkamal,1,1
31643,pillədən,1,1
31644,pilov,1,1
31645,piloy,1,1
31646,pilə,1,1
31647,piləyir,1,1
31648,pinhanım,1,1
31649,pirahən,1,1
31650,pirahəni,1,1
31651,pirahənin,1,1
31652,pirahənini,1,1
31653,pirahənə,1,1
31654,pirandı,1,1
31655,piranəsər,1,1
31656,piranəsərlikdə,1,1
31657,pirdir,1,1
31658,piridir,1,1
31659,pirimin,1,1
31660,pirin,1,1
31661,pirinə,1,1
31662,pirlər,1,1
31663,piruz,1,1
31664,pirü,1,1
31665,pirəfsunu,1,1
31666,pirəhəni,1,1
31667,pirəhənim,1,1
31668,pirəhənin,1,1
31669,pirəhəııdə,1,1
31670,pirəzən,1,1
31671,pisdi,1,1
31672,pisdən,1,1
31673,pisidir,1,1
31674,pisikdir,1,1
31675,pisikdirməsi,1,1
31676,pisikdirməyə,1,1
31677,pisikmiş,1,1
31678,pisliyim,1,1
31679,pisliyimə,1,1
31680,pisləməsi,1,1
31681,pislər,1,1
31682,pislərdən,1,1
31683,pislərindən,1,1
31684,pisləyir,1,1
31685,piston,1,1
31686,piyadaca,1,1
31687,piyadasan,1,1
31688,piyadə,1,1
31689,piyadələr,1,1
31690,piyalǝyǝ,1,1
31691,piyalədən,1,1
31692,piyalələr,1,1
31693,piyaləmi,1,1
31694,piyaz,1,1
31695,piyazi,1,1
31696,piça,1,1
31697,piçan,1,1
31698,piçanım,1,1
31699,piçi,1,1
31700,piçü,1,1
31701,pişi,1,1
31702,pişikdi,1,1
31703,pişikdə,1,1
31704,pişiklərin,1,1
31705,pişiyiniz,1,1
31706,pişiyinizi,1,1
31707,pişnəhad,1,1
31708,pişnəmaz,1,1
31709,pişvadır,1,1
31710,pişvaz,1,1
31711,pişvazına,1,1
31712,pişxənd,1,1
31713,pişǝ,1,1
31714,pişə,1,1
31715,platformada,1,1
31716,plovun,1,1
31717,poladdan,1,1
31718,polis,1,1
31719,polisləri,1,1
31720,polisə,1,1
31721,porsumadım,1,1
31722,poxеs,1,1
31723,poza,1,1
31724,pozduğun,1,1
31725,pozmadı,1,1
31726,pozmaqdır,1,1
31727,pozmasın,1,1
31728,pozmayıram,1,1
31729,pozmaz,1,1
31730,pozmuş,1,1
31731,pozubsan,1,1
31732,pozulmadan,1,1
31733,pozulmuş,1,1
31734,pozulsun,1,1
31735,pozulub,1,1
31736,pozuluf,1,1
31737,pozursan,1,1
31738,pozğun,1,1
31739,pozğunlar,1,1
31740,poçt,1,1
31741,poçta,1,1
31742,poğun,1,1
31743,prezidentinin,1,1
31744,prinsipi,1,1
31745,prinsipini,1,1
31746,problemi,1,1
31747,problemə,1,1
31748,professor,1,1
31749,proqramı,1,1
31750,prosesdir,1,1
31751,proseslər,1,1
31752,pullar,1,1
31753,pullardır,1,1
31754,pulların,1,1
31755,pulovdan,1,1
31756,pulumuz,1,1
31757,pulunuzu,1,1
31758,puluyam,1,1
31759,purasib,1,1
31760,purmöhnət,1,1
31761,pusitini,1,1
31762,pusqu,1,1
31763,pusqudan,1,1
31764,pustumu,1,1
31765,pusuram,1,1
31766,puxça,1,1
31767,puçin,1,1
31768,püfləmək,1,1
31769,püfunə,1,1
31770,pül,1,1
31771,pülların,1,1
31772,pünham,1,1
31773,pünhandı,1,1
31774,pünhanü,1,1
31775,pünhanı,1,1
31776,pünhanım,1,1
31777,pünhanın,1,1
31778,pürabım,1,1
31779,pürdil,1,1
31780,pürdərdü,1,1
31781,pürfəm,1,1
31782,pürfəni,1,1
31783,pürfәnin,1,1
31784,pürgünahdir,1,1
31785,pürgünahǝm,1,1
31786,pürhünəri,1,1
31787,pürixtilahını,1,1
31788,püriztirabü,1,1
31789,pürkaləsindən,1,1
31790,pürkamal,1,1
31791,pürkamalı,1,1
31792,pürkamalıdır,1,1
31793,pürkǝrǝm,1,1
31794,pürkəvakibdən,1,1
31795,pürmayə,1,1
31796,pürmeyi,1,1
31797,pürmu,1,1
31798,pürnazü,1,1
31799,pürnəmdə,1,1
31800,pürnəqşü,1,1
31801,pürpiç,1,1
31802,pürqürur,1,1
31803,pürtab,1,1
31804,pürtabın,1,1
31805,pürtabına,1,1
31806,pürtəşvişü,1,1
31807,pürxundur,1,1
31808,pürxuni,1,1
31809,pürxunimə,1,1
31810,pürxütut,1,1
31811,pürxətər,1,1
31812,pürzinətü,1,1
31813,pürğürur,1,1
31814,pürşur,1,1
31815,pürşər,1,1
31816,pürşərər,1,1
31817,pürənvar,1,1
31818,pürənvarın,1,1
31819,pürənvarının,1,1
31820,pürхab,1,1
31821,püskürür,1,1
31822,püstani,1,1
31823,püstanı,1,1
31824,püstanın,1,1
31825,püstədir,1,1
31826,püstədəhanın,1,1
31827,püstә,1,1
31828,püsər,1,1
31829,püş,1,1
31830,püşak,1,1
31831,püşdü,1,1
31832,püştüm,1,1
31833,püşü,1,1
31834,pıspısa,1,1
31835,pıçıldadı,1,1
31836,pıçıldayırsa,1,1
31837,pǝhlǝvanlar,1,1
31838,pǝnahdir,1,1
31839,pǝnahim,1,1
31840,pǝnd,1,1
31841,pǝrdǝsiz,1,1
31842,pǝridir,1,1
31843,pǝrinin,1,1
31844,pǝriru,1,1
31845,pǝrişan,1,1
31846,pǝrri,1,1
31847,pǝrtövi,1,1
31848,pǝrvanǝmizdir,1,1
31849,pǝrvanǝtǝk,1,1
31850,pǝrvǝrdigar,1,1
31851,pǝsǝnd,1,1
31852,pədərdən,1,1
31853,pədərim,1,1
31854,pədərə,1,1
31855,pəhlivan,1,1
31856,pəhlivanam,1,1
31857,pəhlivandır,1,1
31858,pəhlulərinin,1,1
31859,pəhluyi,1,1
31860,pəhləvanı,1,1
31861,pəhriz,1,1
31862,pəlasi,1,1
31863,pəlid,1,1
31864,pələnginin,1,1
31865,pələnk,1,1
31866,pəmbəçə,1,1
31867,pəmpəçə,1,1
31868,pənahi,1,1
31869,pənahim,1,1
31870,pənahində,1,1
31871,pənahlanıb,1,1
31872,pənahımda,1,1
31873,pənahımdır,1,1
31874,pənahın,1,1
31875,pənc,1,1
31876,pənceyi,1,1
31877,pənci,1,1
31878,pəncu,1,1
31879,pəncü,1,1
31880,pəncə,1,1
31881,pəncədən,1,1
31882,pəncələri,1,1
31883,pəncərədi,1,1
31884,pəncəsi,1,1
31885,pənddən,1,1
31886,pəndim,1,1
31887,pəndini,1,1
31888,pəndinə,1,1
31889,pəndü,1,1
31890,pənirə,1,1
31891,pərakəndə,1,1
31892,pərdədari,1,1
31893,pərdədir,1,1
31894,pərdələndi,1,1
31895,pərdələrində,1,1
31896,pərdəm,1,1
31897,pərdən,1,1
31898,pərdəndə,1,1
31899,pərdənişin,1,1
31900,pərdənişinsən,1,1
31901,pərdəsində,1,1
31902,pərdəsinə,1,1
31903,pərdəyi,1,1
31904,pərdеyi,1,1
31905,pərgardır,1,1
31906,pərgarı,1,1
31907,pərhiz,1,1
31908,pəridimi,1,1
31909,pəridir,1,1
31910,pəridirmi,1,1
31911,pərilərdən,1,1
31912,pərimi,1,1
31913,pərin,1,1
31914,pərinindir,1,1
31915,pəripeykər,1,1
31916,pəripeykərü,1,1
31917,pərirulər,1,1
31918,pəriruyim,1,1
31919,pərisima,1,1
31920,pərisinə,1,1
31921,pəritələtlərə,1,1
31922,pəriçöhrələri,1,1
31923,pəriüzlüyə,1,1
31924,pərişanam,1,1
31925,pərişandı,1,1
31926,pərişanlıqda,1,1
31927,pərişanlıqdan,1,1
31928,pərişanlığı,1,1
31929,pərişanımdan,1,1
31930,pərişanınca,1,1
31931,pərişanındadır,1,1
31932,pərişanını,1,1
31933,pərkaləsində,1,1
31934,pərniyani,1,1
31935,pərquni,1,1
31936,pərrü,1,1
31937,pərsəng,1,1
31938,pərsəngi,1,1
31939,pərtöv,1,1
31940,pərtövünün,1,1
31941,pərvana,1,1
31942,pərvanədi,1,1
31943,pərvanədən,1,1
31944,pərvanədəndir,1,1
31945,pərvanəsi,1,1
31946,pərvanəsidir,1,1
31947,pərvanəyə,1,1
31948,pərvasın,1,1
31949,pərvasız,1,1
31950,pərvayi,1,1
31951,pərvazdən,1,1
31952,pərvazlanıb,1,1
31953,pərvinin,1,1
31954,pərvinə,1,1
31955,pərvizi,1,1
31956,pərvizin,1,1
31957,pərvizəsi,1,1
31958,pərvərdigar,1,1
31959,pərvərdigari,1,1
31960,pərxaş,1,1
31961,pərçəmsə,1,1
31962,pərəklər,1,1
31963,pərən,1,1
31964,pərəstiş,1,1
31965,pəsinmədi,1,1
31966,pəsti,1,1
31967,pəstü,1,1
31968,pəsəndidə,1,1
31969,pətək,1,1
31970,pətəklər,1,1
31971,pəyami,1,1
31972,pəyamilə,1,1
31973,pəyamı,1,1
31974,pəyiyə,1,1
31975,pəyə,1,1
31976,pəyədən,1,1
31977,pеncərimizi,1,1
31978,pеndir,1,1
31979,pеnər,1,1
31980,pеrsoy,1,1
31981,pеrsoylara,1,1
31982,pеykandan,1,1
31983,pеykandı,1,1
31984,pеykanı,1,1
31985,pеymana,1,1
31986,pеymanasıdı,1,1
31987,pеymanı,1,1
31988,pеymanım,1,1
31989,pеyvənd,1,1
31990,pеyvəndinə,1,1
31991,pеyvəstə,1,1
31992,pеyğəmbəri,1,1
31993,pеyğəmbərimiz,1,1
31994,pеşkaşın,1,1
31995,pеşmanladı,1,1
31996,pеşədir,1,1
31997,pәrvәrdә,1,1
31998,qaba,1,1
31999,qabaqca,1,1
32000,qabaqdadı,1,1
32001,qabaqdakı,1,1
32002,qabaqkını,1,1
32003,qabaqkının,1,1
32004,qabaqlar,1,1
32005,qabaqlarını,1,1
32006,qabaqlaya,1,1
32007,qabaqlaşdı,1,1
32008,qabardini,1,1
32009,qabardıb,1,1
32010,qabardır,1,1
32011,qabarmadı,1,1
32012,qabağda,1,1
32013,qabağinə,1,1
32014,qabağı,1,1
32015,qabağımda,1,1
32016,qabağımdan,1,1
32017,qabağə,1,1
32018,qabda,1,1
32019,qabildir,1,1
32020,qabildürür,1,1
32021,qabiliyyətdə,1,1
32022,qabiliyyətsiz,1,1
32023,qabiə,1,1
32024,qablarını,1,1
32025,qabliyyətdə,1,1
32026,qabü,1,1
32027,qabındakı,1,1
32028,qabını,1,1
32029,qabıqdan,1,1
32030,qabırğa,1,1
32031,qabırğalarını,1,1
32032,qacaq,1,1
32033,qacar,1,1
32034,qacarların,1,1
32035,qacdın,1,1
32036,qadası,1,1
32037,qadağa,1,1
32038,qadağası,1,1
32039,qaddin,1,1
32040,qadirdir,1,1
32041,qadirəm,1,1
32042,qadınlar,1,1
32043,qadınlara,1,1
32044,qadınlardan,1,1
32045,qadının,1,1
32046,qafdan,1,1
32047,qafdən,1,1
32048,qafe,1,1
32049,qafili,1,1
32050,qafilləri,1,1
32051,qafilmisən,1,1
32052,qafilsən,1,1
32053,qafilə,1,1
32054,qafilədə,1,1
32055,qafiləsalar,1,1
32056,qafiyəsi,1,1
32057,qafiyəsində,1,1
32058,qafqaz,1,1
32059,qafqazyanı,1,1
32060,qafu,1,1
32061,qafü,1,1
32062,qafıl,1,1
32063,qafılsan,1,1
32064,qafıyəpərdazları,1,1
32065,qaib,1,1
32066,qaibden,1,1
32067,qaibdir,1,1
32068,qaidı,1,1
32069,qaidә,1,1
32070,qaildir,1,1
32071,qailəm,1,1
32072,qalacaqdı,1,1
32073,qalacaqdırmı,1,1
32074,qalad,1,1
32075,qalalı,1,1
32076,qalanan,1,1
32077,qalanda,1,1
32078,qalandım,1,1
32079,qalanlarla,1,1
32080,qalanmaq,1,1
32081,qalannarın,1,1
32082,qalanımdır,1,1
32083,qalaq,1,1
32084,qalarkən,1,1
32085,qalarlar,1,1
32086,qalarmı,1,1
32087,qalası,1,1
32088,qalasın,1,1
32089,qalasından,1,1
32090,qalasının,1,1
32091,qalaya,1,1
32092,qalağına,1,1
32093,qaldağan,1,1
32094,qaldi,1,1
32095,qaldıdı,1,1
32096,qaldıqca,1,1
32097,qaldıqda,1,1
32098,qaldıran,1,1
32099,qaldıranda,1,1
32100,qaldırdım,1,1
32101,qaldırdığı,1,1
32102,qaldırmadı,1,1
32103,qaldırmaq,1,1
32104,qaldırmaz,1,1
32105,qaldırmısan,1,1
32106,qaldırsın,1,1
32107,qaldırılıb,1,1
32108,qaldırım,1,1
32109,qaldırırıq,1,1
32110,qaldığı,1,1
32111,qaldığım,1,1
32112,qaldığını,1,1
32113,qalibi,1,1
32114,qalibim,1,1
32115,qalibə,1,1
32116,qaliyəbu,1,1
32117,qallam,1,1
32118,qalların,1,1
32119,qalmadılar,1,1
32120,qalmadım,1,1
32121,qalmadıq,1,1
32122,qalmamışdu,1,1
32123,qalmamışkən,1,1
32124,qalmaqallı,1,1
32125,qalmaqalı,1,1
32126,qalmaqdan,1,1
32127,qalmaqdansa,1,1
32128,qalmaram,1,1
32129,qalmasa,1,1
32130,qalmayacaq,1,1
32131,qalmayırdın,1,1
32132,qalmazam,1,1
32133,qalmağalı,1,1
32134,qalmağalın,1,1
32135,qalmıqlara,1,1
32136,qalmıram,1,1
32137,qalmısan,1,1
32138,qalmısınız,1,1
32139,qalmıyajaxsan,1,1
32140,qalmışıq,1,1
32141,qalqan,1,1
32142,qalsan,1,1
32143,qalsaydı,1,1
32144,qalsmnar,1,1
32145,qalxanda,1,1
32146,qalxani,1,1
32147,qalxanım,1,1
32148,qalxardı,1,1
32149,qalxarsa,1,1
32150,qalxmadım,1,1
32151,qalxmayır,1,1
32152,qalxmışdı,1,1
32153,qalxsa,1,1
32154,qalxım,1,1
32155,qalü,1,1
32156,qalğanı,1,1
32157,qalıbdı,1,1
32158,qalıbsan,1,1
32159,qalırmı,1,1
32160,qalırsa,1,1
32161,qalırsan,1,1
32162,qalıyıb,1,1
32163,qalхdıqda,1,1
32164,qamaşar,1,1
32165,qamaşdırır,1,1
32166,qamusu,1,1
32167,qamusun,1,1
32168,qamusuna,1,1
32169,qamçı,1,1
32170,qamçıda,1,1
32171,qamışlar,1,1
32172,qamışlının,1,1
32173,qamǝtindǝn,1,1
32174,qamǝtinin,1,1
32175,qamətdir,1,1
32176,qamətimdən,1,1
32177,qamətindi,1,1
32178,qamətindir,1,1
32179,qamətində,1,1
32180,qamətintək,1,1
32181,qamətli,1,1
32182,qamətü,1,1
32183,qamətə,1,1
32184,qanacaqla,1,1
32185,qanacaqlı,1,1
32186,qanacaqlımərifətli,1,1
32187,qanadlı,1,1
32188,qanadsız,1,1
32189,qanadım,1,1
32190,qanadın,1,1
32191,qanadına,1,1
32192,qanadının,1,1
32193,qanana,1,1
32194,qananlar,1,1
32195,qanbəhasız,1,1
32196,qandadır,1,1
32197,qandandır,1,1
32198,qandırdı,1,1
32199,qandırsa,1,1
32200,qandırıb,1,1
32201,qandırıram,1,1
32202,qandığı,1,1
32203,qaneyəm,1,1
32204,qaneəm,1,1
32205,qanim,1,1
32206,qanimi,1,1
32207,qaniçəntək,1,1
32208,qanları,1,1
32209,qanlu,1,1
32210,qanlıkəndə,1,1
32211,qanlını,1,1
32212,qanm,1,1
32213,qanmadan,1,1
32214,qanmadım,1,1
32215,qanmaqla,1,1
32216,qanmayanlara,1,1
32217,qanmayıbsan,1,1
32218,qanmazı,1,1
32219,qanmıram,1,1
32220,qanmırlar,1,1
32221,qanmırsan,1,1
32222,qanmırıq,1,1
32223,qanna,1,1
32224,qannan,1,1
32225,qannı,1,1
32226,qannıkənddi,1,1
32227,qannıkənddə,1,1
32228,qannıkəndnən,1,1
32229,qannıkəndə,1,1
32230,qansıdır,1,1
32231,qantəpər,1,1
32232,qanunsəyaq,1,1
32233,qanunun,1,1
32234,qanunə,1,1
32235,qanıb,1,1
32236,qanımnı,1,1
32237,qanıram,1,1
32238,qanıyam,1,1
32239,qanşqa,1,1
32240,qanǝ,1,1
32241,qanе,1,1
32242,qapam,1,1
32243,qapanda,1,1
32244,qapandan,1,1
32245,qapaqsız,1,1
32246,qapar,1,1
32247,qapasan,1,1
32248,qapayar,1,1
32249,qapağı,1,1
32250,qapdım,1,1
32251,qapmış,1,1
32252,qapqaradır,1,1
32253,qapu,1,1
32254,qapub,1,1
32255,qapuludur,1,1
32256,qapıdakı,1,1
32257,qapıları,1,1
32258,qapımı,1,1
32259,qapır,1,1
32260,qapısıdır,1,1
32261,qapıçı,1,1
32262,qaqqıldayar,1,1
32263,qaqqıltı,1,1
32264,qarabağə,1,1
32265,qaradağın,1,1
32266,qaradaş,1,1
32267,qaragillə,1,1
32268,qaragöz,1,1
32269,qaragün,1,1
32270,qarala,1,1
32271,qaralar,1,1
32272,qaraltdı,1,1
32273,qaralıb,1,1
32274,qaralıbdır,1,1
32275,qaralıqda,1,1
32276,qaralır,1,1
32277,qarama,1,1
32278,qaranlıqda,1,1
32279,qaranlıqları,1,1
32280,qaranlıqsa,1,1
32281,qaranlığı,1,1
32282,qaranqudan,1,1
32283,qaranquştək,1,1
32284,qaraqabaq,1,1
32285,qaraqaş,1,1
32286,qaraqoyunludanam,1,1
32287,qaraqoyunluya,1,1
32288,qarardı,1,1
32289,qararxaçın,1,1
32290,qarasuçuda,1,1
32291,qarasın,1,1
32292,qaratmış,1,1
32293,qaraulu,1,1
32294,qaravaşı,1,1
32295,qaravula,1,1
32296,qaraxaç,1,1
32297,qaraya,1,1
32298,qarayanızdır,1,1
32299,qarayazıya,1,1
32300,qarayǝ,1,1
32301,qardalı,1,1
32302,qardaşdan,1,1
32303,qardaşdı,1,1
32304,qardaşdığı,1,1
32305,qardaşdığım,1,1
32306,qardaşlarım,1,1
32307,qardaşlarına,1,1
32308,qardaşlıqda,1,1
32309,qardaşlıqdan,1,1
32310,qardaşlığı,1,1
32311,qardaşıdır,1,1
32312,qardaşıma,1,1
32313,qardaşıq,1,1
32314,qardaşıyam,1,1
32315,qareyi,1,1
32316,qari,1,1
32317,qaridə,1,1
32318,qarldı,1,1
32319,qarlı,1,1
32320,qarnuvu,1,1
32321,qarnıboğaz,1,1
32322,qarnın,1,1
32323,qarpiz,1,1
32324,qarpıza,1,1
32325,qarpızdı,1,1
32326,qart,1,1
32327,qartop,1,1
32328,qarunu,1,1
32329,qarunə,1,1
32330,qaruşur,1,1
32331,qarğabazarı,1,1
32332,qarğadır,1,1
32333,qarğamaq,1,1
32334,qarğamaqda,1,1
32335,qarğani,1,1
32336,qarğanı,1,1
32337,qarğasın,1,1
32338,qarğavü,1,1
32339,qarğayardım,1,1
32340,qarğayla,1,1
32341,qarğaynan,1,1
32342,qarğu,1,1
32343,qarğıların,1,1
32344,qarğımaq,1,1
32345,qarğıya,1,1
32346,qarğıyıf,1,1
32347,qarğışçımız,1,1
32348,qarıları,1,1
32349,qarımız,1,1
32350,qarınlar,1,1
32351,qarınqulu,1,1
32352,qarısından,1,1
32353,qarıçqay,1,1
32354,qarışacaq,1,1
32355,qarışaq,1,1
32356,qarışar,1,1
32357,qarışardılar,1,1
32358,qarışdırarlar,1,1
32359,qarışdırmışam,1,1
32360,qarışdırıb,1,1
32361,qarışmasalar,1,1
32362,qarışqada,1,1
32363,qarışqadan,1,1
32364,qarışıqdır,1,1
32365,qarşubəqarşu,1,1
32366,qarşuda,1,1
32367,qarşıladılar,1,1
32368,qarşıladım,1,1
32369,qarşılamaq,1,1
32370,qarşılanmadı,1,1
32371,qarşılar,1,1
32372,qarşılayıram,1,1
32373,qarşımdan,1,1
32374,qarşımıza,1,1
32375,qarşıyam,1,1
32376,qarǝ,1,1
32377,qarǝlǝr,1,1
32378,qarədir,1,1
32379,qarətgər,1,1
32380,qarətgəri,1,1
32381,qarеyi,1,1
32382,qasidin,1,1
32383,qasidinəm,1,1
32384,qasidiyəm,1,1
32385,qasidü,1,1
32386,qasir,1,1
32387,qasirin,1,1
32388,qaspax,1,1
32389,qasıma,1,1
32390,qasımbəy,1,1
32391,qasımdı,1,1
32392,qasımı,1,1
32393,qasımım,1,1
32394,qatardir,1,1
32395,qatarsam,1,1
32396,qatdaşırdı,1,1
32397,qatdım,1,1
32398,qatili,1,1
32399,qatilin,1,1
32400,qatinǝ,1,1
32401,qatirə,1,1
32402,qatla,1,1
32403,qatlanmadı,1,1
32404,qatlanmaz,1,1
32405,qatlı,1,1
32406,qatmaq,1,1
32407,qatmaqurşaq,1,1
32408,qatmış,1,1
32409,qatmışdır,1,1
32410,qatna,1,1
32411,qatsalar,1,1
32412,qatsan,1,1
32413,qatılmaz,1,1
32414,qatımdan,1,1
32415,qatına,1,1
32416,qatından,1,1
32417,qatırçın,1,1
32418,qatırçının,1,1
32419,qatırı,1,1
32420,qatırını,1,1
32421,qatışma,1,1
32422,qavağında,1,1
32423,qavmuşdu,1,1
32424,qavrar,1,1
32425,qavraya,1,1
32426,qavun,1,1
32427,qaxınc,1,1
32428,qay,1,1
32429,qayadakı,1,1
32430,qayadakılar,1,1
32431,qayalardan,1,1
32432,qayaların,1,1
32433,qayanı,1,1
32434,qayanın,1,1
32435,qaydadı,1,1
32436,qayib,1,1
32437,qayimməqam,1,1
32438,qaymaqdan,1,1
32439,qaymaqçiçəyi,1,1
32440,qaymağa,1,1
32441,qaymağın,1,1
32442,qayna,1,1
32443,qaynadı,1,1
32444,qaynadırlar,1,1
32445,qaynamaqda,1,1
32446,qaynamır,1,1
32447,qaynaq,1,1
32448,qaynaqlıdı,1,1
32449,qaynata,1,1
32450,qaynatamın,1,1
32451,qaynı,1,1
32452,qaytaramu,1,1
32453,qaytaran,1,1
32454,qaytarasan,1,1
32455,qaytarmalı,1,1
32456,qaytarmalıyıq,1,1
32457,qaytarmaq,1,1
32458,qaytarmaqdan,1,1
32459,qaytarmasaydı,1,1
32460,qaytarırdı,1,1
32461,qayçı,1,1
32462,qayğanağın,1,1
32463,qayğuda,1,1
32464,qayğudan,1,1
32465,qayğuludur,1,1
32466,qayğıdan,1,1
32467,qayğısı,1,1
32468,qayğısına,1,1
32469,qayıdacam,1,1
32470,qayıdacaq,1,1
32471,qayıdacaqsan,1,1
32472,qayıdalar,1,1
32473,qayıdam,1,1
32474,qayıdana,1,1
32475,qayıdanlar,1,1
32476,qayıdaq,1,1
32477,qayıdası,1,1
32478,qayıdıf,1,1
32479,qayıdır,1,1
32480,qayıdırdı,1,1
32481,qayıdırıq,1,1
32482,qayıl,1,1
32483,qayımağa,1,1
32484,qayınanası,1,1
32485,qayınata,1,1
32486,qayınatası,1,1
32487,qayınatasının,1,1
32488,qayınmadı,1,1
32489,qayır,1,1
32490,qayıranda,1,1
32491,qayırarlar,1,1
32492,qayırdılar,1,1
32493,qayırma,1,1
32494,qayırıb,1,1
32495,qayırıflar,1,1
32496,qayırıram,1,1
32497,qayıt,1,1
32498,qayıtdın,1,1
32499,qayıtdıqlarını,1,1
32500,qayıtdısa,1,1
32501,qayıtma,1,1
32502,qayıtmadı,1,1
32503,qayıtmamaq,1,1
32504,qayıtmaq,1,1
32505,qayıtmasan,1,1
32506,qayıtması,1,1
32507,qayıtmasını,1,1
32508,qayıtmaya,1,1
32509,qayıtmayam,1,1
32510,qayıtmağımızı,1,1
32511,qayıtmışdı,1,1
32512,qayıtsa,1,1
32513,qayıtsınlar,1,1
32514,qayığım,1,1
32515,qayış,1,1
32516,qayətə,1,1
32517,qazana,1,1
32518,qazanar,1,1
32519,qazanca,1,1
32520,qazancı,1,1
32521,qazancından,1,1
32522,qazancını,1,1
32523,qazancının,1,1
32524,qazanda,1,1
32525,qazandan,1,1
32526,qazandı,1,1
32527,qazandıqca,1,1
32528,qazandıqları,1,1
32529,qazandırar,1,1
32530,qazanları,1,1
32531,qazanmaq,1,1
32532,qazanmaqçün,1,1
32533,qazanmazsan,1,1
32534,qazanmağa,1,1
32535,qazanmış,1,1
32536,qazanmışdı,1,1
32537,qazanmışdır,1,1
32538,qazansın,1,1
32539,qazançaya,1,1
32540,qazanıb,1,1
32541,qazanına,1,1
32542,qazanır,1,1
32543,qazanırlar,1,1
32544,qazaxdan,1,1
32545,qazidir,1,1
32546,qazilər,1,1
32547,qazinin,1,1
32548,qaziyül,1,1
32549,qaziyə,1,1
32550,qazlar,1,1
32551,qazmadıqca,1,1
32552,qazmalı,1,1
32553,qazqani,1,1
32554,qazını,1,1
32555,qaçanların,1,1
32556,qaçansamnı,1,1
32557,qaçaqlardan,1,1
32558,qaçaqların,1,1
32559,qaçaqquldura,1,1
32560,qaçağı,1,1
32561,qaçdılar,1,1
32562,qaçdın,1,1
32563,qaçmaqda,1,1
32564,qaçmaram,1,1
32565,qaçmağın,1,1
32566,qaçmır,1,1
32567,qaçmış,1,1
32568,qaçmışdım,1,1
32569,qaçsınlar,1,1
32570,qaçıban,1,1
32571,qaçıbdır,1,1
32572,qaçıram,1,1
32573,qaçırsan,1,1
32574,qaçırtdı,1,1
32575,qaçışır,1,1
32576,qağamdan,1,1
32577,qaşdarın,1,1
32578,qaşdın,1,1
32579,qaşin,1,1
32580,qaşlan,1,1
32581,qaşlarındır,1,1
32582,qaşlını,1,1
32583,qaşqabaq,1,1
32584,qaşqabaqlı,1,1
32585,qaşqınnarın,1,1
32586,qaşqınnıx,1,1
32587,qaşıdır,1,1
32588,qaşımamış,1,1
32589,qaşından,1,1
32590,qaşındır,1,1
32591,qaşınmı,1,1
32592,qaşınızdan,1,1
32593,qbal,1,1
32594,qbalları,1,1
32595,qbalı,1,1
32596,qbalım,1,1
32597,qbalın,1,1
32598,qedimin,1,1
32599,qemü,1,1
32600,qerarım,1,1
32601,qeyb,1,1
32602,qeybdandır,1,1
32603,qeybin,1,1
32604,qeybətdə,1,1
32605,qeybətdən,1,1
32606,qeyddən,1,1
32607,qeydində,1,1
32608,qeydindən,1,1
32609,qeydinǝ,1,1
32610,qeydinə,1,1
32611,qeydlər,1,1
32612,qeylu,1,1
32613,qeyni,1,1
32614,qeyridən,1,1
32615,qeyrilərin,1,1
32616,qeyrilərə,1,1
32617,qeyrindən,1,1
32618,qeyrinə,1,1
32619,qeyrlər,1,1
32620,qeyrətü,1,1
32621,qeyrәtini,1,1
32622,qeysidən,1,1
32623,qeyslə,1,1
32624,qeysunu,1,1
32625,qeysəri,1,1
32626,qeysərlərin,1,1
32627,qeytan,1,1
32628,qeyzlə,1,1
32629,qi,1,1
32630,qibleyi,1,1
32631,qibli,1,1
32632,qiblǝgahım,1,1
32633,qiblǝn,1,1
32634,qiblədir,1,1
32635,qiblədən,1,1
32636,qibləgah,1,1
32637,qibləgahım,1,1
32638,qibləmiz,1,1
32639,qiblən,1,1
32640,qibləni,1,1
32641,qiblənin,1,1
32642,qiblənüma,1,1
32643,qibləsidir,1,1
32644,qibləsin,1,1
32645,qibləvü,1,1
32646,qibtə,1,1
32647,qibtədən,1,1
32648,qidalandı,1,1
32649,qidaları,1,1
32650,qidam,1,1
32651,qidamdır,1,1
32652,qidanı,1,1
32653,qifli,1,1
32654,qila,1,1
32655,qilafi,1,1
32656,qilmanı,1,1
32657,qinadən,1,1
32658,qir,1,1
32659,qiri,1,1
32660,qirimiz,1,1
32661,qirü,1,1
32662,qirılmayan,1,1
32663,qisasını,1,1
32664,qism,1,1
32665,qisminə,1,1
32666,qisməti,1,1
32667,qismətimi,1,1
32668,qismətimə,1,1
32669,qissə,1,1
32670,qissəni,1,1
32671,qissəvü,1,1
32672,qissəхanın,1,1
32673,qiya,1,1
32674,qiyafənin,1,1
32675,qiyamat,1,1
32676,qiyamata,1,1
32677,qiyamatı,1,1
32678,qiyamatın,1,1
32679,qiyamə,1,1
32680,qiyamətdi,1,1
32681,qiyamətimdir,1,1
32682,qiyamətimiz,1,1
32683,qiyamәt,1,1
32684,qiyası,1,1
32685,qiybata,1,1
32686,qiylü,1,1
32687,qiymat,1,1
32688,qiymatı,1,1
32689,qiymatın,1,1
32690,qiyməli,1,1
32691,qiyməlidir,1,1
32692,qiymətdi,1,1
32693,qiymətdidi,1,1
32694,qiymətdən,1,1
32695,qiymətimi,1,1
32696,qiymətləndirmişdi,1,1
32697,qiymətsizdir,1,1
32698,qlava,1,1
32699,qlavanı,1,1
32700,qlimləri,1,1
32701,qmamasın,1,1
32702,qo,1,1
32703,qocadı,1,1
32704,qocalanda,1,1
32705,qocalar,1,1
32706,qocaldın,1,1
32707,qocaldıqca,1,1
32708,qocaldır,1,1
32709,qocalmısan,1,1
32710,qocalmışam,1,1
32711,qocalmışsa,1,1
32712,qocalmışsan,1,1
32713,qocalıbdır,1,1
32714,qocalıqdır,1,1
32715,qocalıqın,1,1
32716,qocalır,1,1
32717,qocalığın,1,1
32718,qocalığına,1,1
32719,qocam,1,1
32720,qocanın,1,1
32721,qocaqarıları,1,1
32722,qohumlardan,1,1
32723,qohumlarından,1,1
32724,qohumlarının,1,1
32725,qohumluğa,1,1
32726,qohumqardaş,1,1
32727,qojuyu,1,1
32728,qolbaqlar,1,1
32729,qolbağ,1,1
32730,qolbağı,1,1
32731,qoldan,1,1
32732,qollari,1,1
32733,qollarına,1,1
32734,qollarını,1,1
32735,qollunun,1,1
32736,qoltuğuna,1,1
32737,qolubağlı,1,1
32738,qoluma,1,1
32739,qolumdan,1,1
32740,qoluna,1,1
32741,qolunda,1,1
32742,qomaz,1,1
32743,qomuş,1,1
32744,qonaqdan,1,1
32745,qonaqla,1,1
32746,qonaqlarla,1,1
32747,qonaqlarını,1,1
32748,qonaqlıq,1,1
32749,qonaqlıqdan,1,1
32750,qonaqsevər,1,1
32751,qonaqçın,1,1
32752,qonaqçısı,1,1
32753,qonarmı,1,1
32754,qonax,1,1
32755,qonaxlar,1,1
32756,qonaxnan,1,1
32757,qonağam,1,1
32758,qonağım,1,1
32759,qonağımıza,1,1
32760,qonceyi,1,1
32761,qondaracaqsan,1,1
32762,qondurdu,1,1
32763,qondurdum,1,1
32764,qonmuşdur,1,1
32765,qonub,1,1
32766,qonum,1,1
32767,qonuqonşudan,1,1
32768,qonuqonşuları,1,1
32769,qonuşmadıq,1,1
32770,qonşuda,1,1
32771,qonşudakı,1,1
32772,qonşular,1,1
32773,qonşulara,1,1
32774,qonşuların,1,1
32775,qonşuluğundakı,1,1
32776,qonşun,1,1
32777,qonşundan,1,1
32778,qonşunun,1,1
32779,qonşusu,1,1
32780,qonşusuna,1,1
32781,qonşusundan,1,1
32782,qonşuyla,1,1
32783,qonşuynan,1,1
32784,qopa,1,1
32785,qopanadək,1,1
32786,qopara,1,1
32787,qoparaq,1,1
32788,qoparar,1,1
32789,qopardasan,1,1
32790,qopardılar,1,1
32791,qopardırsan,1,1
32792,qoparmaz,1,1
32793,qopartdım,1,1
32794,qoparır,1,1
32795,qopmamış,1,1
32796,qopmaya,1,1
32797,qopmayan,1,1
32798,qopurdusa,1,1
32799,qoramdan,1,1
32800,qorlar,1,1
32801,qorumax,1,1
32802,qorun,1,1
32803,qorunur,1,1
32804,qoruq,1,1
32805,qoruyan,1,1
32806,qoruyaram,1,1
32807,qoruyasan,1,1
32808,qorxa,1,1
32809,qorxar,1,1
32810,qorxaram,1,1
32811,qorxaraq,1,1
32812,qorxmadan,1,1
32813,qorxmam,1,1
32814,qorxmasın,1,1
32815,qorxmavü,1,1
32816,qorxmağın,1,1
32817,qorxmur,1,1
32818,qorxmuram,1,1
32819,qorxmuşuq,1,1
32820,qorxsa,1,1
32821,qorxuda,1,1
32822,qorxudar,1,1
32823,qorxuluqdur,1,1
32824,qorxuncdur,1,1
32825,qorxursan,1,1
32826,qorxusu,1,1
32827,qorхu,1,1
32828,qovacaq,1,1
32829,qovan,1,1
32830,qovanları,1,1
32831,qovaq,1,1
32832,qovdu,1,1
32833,qovlardan,1,1
32834,qovlayırdı,1,1
32835,qovli,1,1
32836,qovma,1,1
32837,qovmağa,1,1
32838,qovmuşdur,1,1
32839,qovr,1,1
32840,qovsun,1,1
32841,qovulmadan,1,1
32842,qovulmuş,1,1
32843,qovulmuşdu,1,1
32844,qovuq,1,1
32845,qovurdu,1,1
32846,qovurmaları,1,1
32847,qovuşan,1,1
32848,qovuşdu,1,1
32849,qovuşmaz,1,1
32850,qovuşmağa,1,1
32851,qovuşub,1,1
32852,qovuşubdur,1,1
32853,qovzadı,1,1
32854,qovğadır,1,1
32855,qovğadən,1,1
32856,qovğayı,1,1
32857,qoxar,1,1
32858,qoxmaz,1,1
32859,qoxun,1,1
32860,qoxusu,1,1
32861,qoxusundan,1,1
32862,qoxusunun,1,1
32863,qoxuya,1,1
32864,qoxuşar,1,1
32865,qoyacaqlar,1,1
32866,qoyalım,1,1
32867,qoyanın,1,1
32868,qoyaram,1,1
32869,qoyardı,1,1
32870,qoyarlar,1,1
32871,qoyax,1,1
32872,qoyaydı,1,1
32873,qoydan,1,1
32874,qoyduq,1,1
32875,qoyduvü,1,1
32876,qoyduz,1,1
32877,qoygilən,1,1
32878,qoymadısa,1,1
32879,qoymagil,1,1
32880,qoymamışam,1,1
32881,qoymamışdır,1,1
32882,qoyman,1,1
32883,qoymaq,1,1
32884,qoymaqda,1,1
32885,qoymaqdır,1,1
32886,qoymaram,1,1
32887,qoymarıq,1,1
32888,qoymax,1,1
32889,qoymaya,1,1
32890,qoymayacaqdır,1,1
32891,qoymayacaqsan,1,1
32892,qoymayan,1,1
32893,qoymayanlar,1,1
32894,qoymayırsa,1,1
32895,qoymurdu,1,1
32896,qoymursan,1,1
32897,qoymusan,1,1
32898,qoymusuz,1,1
32899,qoymuşlar,1,1
32900,qoynuma,1,1
32901,qoynunnan,1,1
32902,qoynunu,1,1
32903,qoysam,1,1
32904,qoysunlar,1,1
32905,qoyula,1,1
32906,qoyulan,1,1
32907,qoyuldu,1,1
32908,qoyulmuşdu,1,1
32909,qoyum,1,1
32910,qoyuna,1,1
32911,qoyunca,1,1
32912,qoyunları,1,1
32913,qoyunların,1,1
32914,qoyununuz,1,1
32915,qoyurdu,1,1
32916,qoyurlar,1,1
32917,qoç,1,1
32918,qoçaqdır,1,1
32919,qoçaqlıq,1,1
32920,qoçaqlıqda,1,1
32921,qoçaqlıqlarından,1,1
32922,qoçaqlığına,1,1
32923,qoçaqsan,1,1
32924,qoçağı,1,1
32925,qoçdur,1,1
32926,qoçular,1,1
32927,qoşaağız,1,1
32928,qoşabulaq,1,1
32929,qoşadı,1,1
32930,qoşarkən,1,1
32931,qoşma,1,1
32932,qoşu,1,1
32933,qoşulduğu,1,1
32934,qoşulsa,1,1
32935,qoşulur,1,1
32936,qoşunuyla,1,1
32937,qoşurlar,1,1
32938,qtida,1,1
32939,quba,1,1
32940,qubad,1,1
32941,qubari,1,1
32942,qubarlanmamışdı,1,1
32943,qubarı,1,1
32944,qubarıdır,1,1
32945,qubarədir,1,1
32946,qubernata,1,1
32947,qubi,1,1
32948,qubеrnat,1,1
32949,qubеrnata,1,1
32950,qucağa,1,1
32951,qucağlardı,1,1
32952,qucağım,1,1
32953,qucağına,1,1
32954,qucağındakı,1,1
32955,qucağından,1,1
32956,qucmaq,1,1
32957,qucsa,1,1
32958,qucuram,1,1
32959,quduran,1,1
32960,qudurmuş,1,1
32961,qudurmuşdur,1,1
32962,qudurtsa,1,1
32963,quduru,1,1
32964,qulaclar,1,1
32965,qulama,1,1
32966,qulamlərim,1,1
32967,qulampara,1,1
32968,qulamın,1,1
32969,qulaqla,1,1
32970,qulaqları,1,1
32971,qulaqlarım,1,1
32972,qulara,1,1
32973,qulağinə,1,1
32974,qulağımdan,1,1
32975,qulağından,1,1
32976,qulağını,1,1
32977,qulağə,1,1
32978,qulda,1,1
32979,quldadır,1,1
32980,quldan,1,1
32981,quldurlar,1,1
32982,quldurluğun,1,1
32983,quldurun,1,1
32984,quldürür,1,1
32985,qulhüvəllah,1,1
32986,quliyevin,1,1
32987,qullabi,1,1
32988,qulları,1,1
32989,qulların,1,1
32990,qullarına,1,1
32991,qullarının,1,1
32992,qullarıyüz,1,1
32993,qulluqlarda,1,1
32994,qulluqçu,1,1
32995,qulluqçularımdır,1,1
32996,qulluğa,1,1
32997,qulluğun,1,1
32998,qulunu,1,1
32999,qulunuz,1,1
33000,qulə,1,1
33001,qumaş,1,1
33002,qumaşin,1,1
33003,qumaşu,1,1
33004,qumaşı,1,1
33005,qumaşın,1,1
33006,qumaşınan,1,1
33007,qummsaq,1,1
33008,qumrovları,1,1
33009,qunduz,1,1
33010,qunun,1,1
33011,quracaq,1,1
33012,quranca,1,1
33013,quranü,1,1
33014,quranın,1,1
33015,quranında,1,1
33016,quranǝ,1,1
33017,quranə,1,1
33018,quraraq,1,1
33019,qurax,1,1
33020,quraşdırıb,1,1
33021,qurbanbəyov,1,1
33022,qurbanbəyova,1,1
33023,qurbangahimiz,1,1
33024,qurbaninəm,1,1
33025,qurbaniyə,1,1
33026,qurbanlar,1,1
33027,qurbanım,1,1
33028,qurbanımızdır,1,1
33029,qurbanına,1,1
33030,qurbanınam,1,1
33031,qurbanıq,1,1
33032,qurbanǝ,1,1
33033,qurbağanın,1,1
33034,qurdalanaram,1,1
33035,qurdla,1,1
33036,qurdlara,1,1
33037,qurdnan,1,1
33038,qurdun,1,1
33039,qurdurdular,1,1
33040,qurduyam,1,1
33041,qurduğu,1,1
33042,qureyşiyəm,1,1
33043,qurlar,1,1
33044,qurmusan,1,1
33045,qurmuşam,1,1
33046,qurmuşdu,1,1
33047,qurmuşsan,1,1
33048,qurmuşuz,1,1
33049,qurquf,1,1
33050,qursa,1,1
33051,qursağında,1,1
33052,qurtaracağına,1,1
33053,qurtaranadək,1,1
33054,qurtaranda,1,1
33055,qurtaranlar,1,1
33056,qurtarannan,1,1
33057,qurtararsan,1,1
33058,qurtararıq,1,1
33059,qurtarası,1,1
33060,qurtarmadı,1,1
33061,qurtarmamışdı,1,1
33062,qurtarmayıb,1,1
33063,qurtarmışdı,1,1
33064,qurtarsam,1,1
33065,qurtarsınlar,1,1
33066,qurtarıbdı,1,1
33067,qurtarım,1,1
33068,qurtatsın,1,1
33069,qurtulacaqsan,1,1
33070,qurtulasan,1,1
33071,qurtuldu,1,1
33072,qurtulmaq,1,1
33073,qurtulmaz,1,1
33074,qurtulur,1,1
33075,qurtum,1,1
33076,qurubdu,1,1
33077,qurublar,1,1
33078,qurubsan,1,1
33079,qurudu,1,1
33080,quruf,1,1
33081,qurufsan,1,1
33082,qurulacaqdır,1,1
33083,qurulcaq,1,1
33084,quruldı,1,1
33085,qurultay,1,1
33086,qurulub,1,1
33087,qurulur,1,1
33088,qurumsaq,1,1
33089,quruq,1,1
33090,qururdu,1,1
33091,qurursan,1,1
33092,qurutdi,1,1
33093,qurutmuşdu,1,1
33094,qurutsa,1,1
33095,qurutsalar,1,1
33096,quruvü,1,1
33097,quruyacaq,1,1
33098,quruyar,1,1
33099,quruyarsa,1,1
33100,quruyaydın,1,1
33101,quruş,1,1
33102,qurğuna,1,1
33103,qurğusuna,1,1
33104,qurğuya,1,1
33105,qurşaq,1,1
33106,qurşaqdan,1,1
33107,qurşayır,1,1
33108,qurşağı,1,1
33109,qurşağıtək,1,1
33110,qusmağa,1,1
33111,qutarıb,1,1
33112,quti,1,1
33113,qutun,1,1
33114,qutusundan,1,1
33115,qutuyla,1,1
33116,qutə,1,1
33117,quyruq,1,1
33118,quyruqdan,1,1
33119,quyruğunu,1,1
33120,quyucaq,1,1
33121,quyuda,1,1
33122,quyudan,1,1
33123,quyulara,1,1
33124,quyusundan,1,1
33125,quzey,1,1
33126,quzum,1,1
33127,quzunu,1,1
33128,quzusuna,1,1
33129,quzğun,1,1
33130,quşan,1,1
33131,quşanǝ,1,1
33132,quşaq,1,1
33133,quşdan,1,1
33134,quşdu,1,1
33135,quşinǝ,1,1
33136,quşla,1,1
33137,quşlara,1,1
33138,quşlariçün,1,1
33139,quşlarına,1,1
33140,quşmu,1,1
33141,quşnarov,1,1
33142,quşsan,1,1
33143,quştək,1,1
33144,quşudur,1,1
33145,quşumu,1,1
33146,quşuna,1,1
33147,quşusa,1,1
33148,quşuyam,1,1
33149,quşçu,1,1
33150,qönc,1,1
33151,qönçǝ,1,1
33152,qönçədi,1,1
33153,qönçədəhan,1,1
33154,qönçədəhanım,1,1
33155,qönçədəhən,1,1
33156,qönçələbü,1,1
33157,qönçələnib,1,1
33158,qönçələrim,1,1
33159,qönçələrin,1,1
33160,qönçəm,1,1
33161,qönçəni,1,1
33162,qönçəsi,1,1
33163,qönçəsifət,1,1
33164,qönçəsin,1,1
33165,qövlilə,1,1
33166,qövlinə,1,1
33167,qövlivü,1,1
33168,qövlündə,1,1
33169,qövmü,1,1
33170,qövseyndir,1,1
33171,qövsilə,1,1
33172,qövsü,1,1
33173,qövsеynin,1,1
33174,qövğayi,1,1
33175,qübanmı,1,1
33176,qübar,1,1
33177,qübarilə,1,1
33178,qübarində,1,1
33179,qübarini,1,1
33180,qübarımdan,1,1
33181,qübarın,1,1
33182,qübarından,1,1
33183,qüdrǝti,1,1
33184,qüdrǝtinǝ,1,1
33185,qüdrətdi,1,1
33186,qüdrətimin,1,1
33187,qüdrətimiz,1,1
33188,qüdrətimlə,1,1
33189,qüdrətincə,1,1
33190,qüdrətinə,1,1
33191,qüdrətünden,1,1
33192,qüdrətə,1,1
33193,qüdrətəm,1,1
33194,qüdsidir,1,1
33195,qüdsü,1,1
33196,qüdsün,1,1
33197,qüdsə,1,1
33198,qüfranə,1,1
33199,qüli,1,1
33200,qüllab,1,1
33201,qüllaba,1,1
33202,qüllabı,1,1
33203,qüllabın,1,1
33204,qüllabə,1,1
33205,qüllabəsin,1,1
33206,qülleyi,1,1
33207,qüllədəki,1,1
33208,qülləsində,1,1
33209,qülqülün,1,1
33210,qülqülə,1,1
33211,qülzüm,1,1
33212,qülzümi,1,1
33213,qülğülə,1,1
33214,qümaşi,1,1
33215,qümri,1,1
33216,qümriyi,1,1
33217,qünut,1,1
33218,qürbdə,1,1
33219,qürbilə,1,1
33220,qürbü,1,1
33221,qürbətdən,1,1
33222,qürbətdəndir,1,1
33223,qürbətindən,1,1
33224,qürbətiz,1,1
33225,qüreyş,1,1
33226,qüreyşilər,1,1
33227,qürfən,1,1
33228,qürrətül,1,1
33229,qürsi,1,1
33230,qürsü,1,1
33231,qüruri,1,1
33232,qüruru,1,1
33233,qürurü,1,1
33234,qürə,1,1
33235,qüslü,1,1
33236,qüssədə,1,1
33237,qüssəli,1,1
33238,qüssələr,1,1
33239,qüssəmi,1,1
33240,qüssəsin,1,1
33241,qüssəsindən,1,1
33242,qüssəsiz,1,1
33243,qüssəvü,1,1
33244,qüssəyi,1,1
33245,qüstəntinə,1,1
33246,qüsurlara,1,1
33247,qüsurlarıma,1,1
33248,qüsuru,1,1
33249,qütbdə,1,1
33250,qütbdən,1,1
33251,qütbi,1,1
33252,qütbtək,1,1
33253,qütbündə,1,1
33254,qüttəüttəriqin,1,1
33255,qüvvə,1,1
33256,qüvvən,1,1
33257,qüvvənə,1,1
33258,qüvvətidir,1,1
33259,qüvvətilə,1,1
33260,qüvvətim,1,1
33261,qüvvətli,1,1
33262,qüvvətmi,1,1
33263,qüzehdir,1,1
33264,qüzəh,1,1
33265,qüzеy,1,1
33266,qıcqırmış,1,1
33267,qıfilını,1,1
33268,qıfl,1,1
33269,qıflı,1,1
33270,qıfılbəndlə,1,1
33271,qıfılladı,1,1
33272,qıfılını,1,1
33273,qıhr,1,1
33274,qıjı,1,1
33275,qılafından,1,1
33276,qılalı,1,1
33277,qılalım,1,1
33278,qılanda,1,1
33279,qılanlar,1,1
33280,qılaq,1,1
33281,qılaram,1,1
33282,qılarsa,1,1
33283,qılasən,1,1
33284,qılavası,1,1
33285,qılavasıdır,1,1
33286,qılaydı,1,1
33287,qıldımsa,1,1
33288,qıldıqların,1,1
33289,qıldız,1,1
33290,qıldığunca,1,1
33291,qıldığın,1,1
33292,qıldıın,1,1
33293,qıllam,1,1
33294,qılmadan,1,1
33295,qılmagil,1,1
33296,qılmandır,1,1
33297,qılmani,1,1
33298,qılmanlar,1,1
33299,qılmanım,1,1
33300,qılmanə,1,1
33301,qılmasan,1,1
33302,qılmaya,1,1
33303,qılmazlar,1,1
33304,qılmazmı,1,1
33305,qılmazsa,1,1
33306,qılmağı,1,1
33307,qılsalar,1,1
33308,qılsun,1,1
33309,qılü,1,1
33310,qılğaс,1,1
33311,qılıban,1,1
33312,qılıcı,1,1
33313,qılına,1,1
33314,qılınca,1,1
33315,qılınclardır,1,1
33316,qılıncında,1,1
33317,qılıncını,1,1
33318,qılıncının,1,1
33319,qılıq,1,1
33320,qılırdı,1,1
33321,qılırdım,1,1
33322,qılırsız,1,1
33323,qılıçına,1,1
33324,qıləsən,1,1
33325,qımaz,1,1
33326,qın,1,1
33327,qına,1,1
33328,qınadılar,1,1
33329,qınama,1,1
33330,qınamalı,1,1
33331,qınamayın,1,1
33332,qında,1,1
33333,qından,1,1
33334,qınında,1,1
33335,qıpar,1,1
33336,qır,1,1
33337,qıra,1,1
33338,qıraqdan,1,1
33339,qıraqlarından,1,1
33340,qırar,1,1
33341,qıratın,1,1
33342,qırağa,1,1
33343,qırağinә,1,1
33344,qırağmda,1,1
33345,qırağındadır,1,1
33346,qırdılar,1,1
33347,qırdın,1,1
33348,qırlaquşlar,1,1
33349,qırma,1,1
33350,qırmaqlıq,1,1
33351,qırmasaydılar,1,1
33352,qırmağınnan,1,1
33353,qırmızıdır,1,1
33354,qırmış,1,1
33355,qırmışdı,1,1
33356,qırpımında,1,1
33357,qırqovul,1,1
33358,qırsa,1,1
33359,qırsan,1,1
33360,qırsınnar,1,1
33361,qırxa,1,1
33362,qırxbuğum,1,1
33363,qırxdı,1,1
33364,qırxmaq,1,1
33365,qırxqız,1,1
33366,qırxsın,1,1
33367,qırxı,1,1
33368,qırxını,1,1
33369,qırxıx,1,1
33370,qırğına,1,1
33371,qırğınını,1,1
33372,qırıflar,1,1
33373,qırılajax,1,1
33374,qırılannarın,1,1
33375,qırılar,1,1
33376,qırılcımdan,1,1
33377,qırıldıxları,1,1
33378,qırılmasını,1,1
33379,qırılmağı,1,1
33380,qırılmağından,1,1
33381,qırılmağını,1,1
33382,qırımı,1,1
33383,qırığı,1,1
33384,qısa,1,1
33385,qısqanaraq,1,1
33386,qısılar,1,1
33387,qısılmışdır,1,1
33388,qıtlıq,1,1
33389,qıvla,1,1
33390,qıvlıya,1,1
33391,qıvraqsan,1,1
33392,qıvrılar,1,1
33393,qıvrılmış,1,1
33394,qıvrılıb,1,1
33395,qıyamat,1,1
33396,qıyarlar,1,1
33397,qıymadın,1,1
33398,qıymamışdı,1,1
33399,qıymanam,1,1
33400,qıymat,1,1
33401,qıymatın,1,1
33402,qıymır,1,1
33403,qıyqac,1,1
33404,qıysan,1,1
33405,qıyğac,1,1
33406,qıyıb,1,1
33407,qıyıtdılar,1,1
33408,qızanda,1,1
33409,qızararaq,1,1
33410,qızardasan,1,1
33411,qızarmaq,1,1
33412,qızartdı,1,1
33413,qızartsın,1,1
33414,qızarıb,1,1
33415,qızarır,1,1
33416,qızdarıynan,1,1
33417,qızdrrmalıdır,1,1
33418,qızdrrmamı,1,1
33419,qızdıran,1,1
33420,qızdıranda,1,1
33421,qızdırmanı,1,1
33422,qızdırmanın,1,1
33423,qızgəlinlərə,1,1
33424,qızlarla,1,1
33425,qızmadan,1,1
33426,qızqaytaran,1,1
33427,qızıdı,1,1
33428,qızılbaş,1,1
33429,qızıldandır,1,1
33430,qızıldı,1,1
33431,qızılgüldən,1,1
33432,qızılgüllər,1,1
33433,qızılgülüm,1,1
33434,qızılgülün,1,1
33435,qızıllara,1,1
33436,qızılquş,1,1
33437,qızılvəndin,1,1
33438,qızılvəngin,1,1
33439,qızılım,1,1
33440,qızıma,1,1
33441,qızımı,1,1
33442,qızımız,1,1
33443,qızınaq,1,1
33444,qızınarıq,1,1
33445,qızından,1,1
33446,qızısan,1,1
33447,qızıydı,1,1
33448,qızışır,1,1
33449,qıçasındakından,1,1
33450,qıçlarım,1,1
33451,qıçlarımı,1,1
33452,qıçlarını,1,1
33453,qıçıqlanmış,1,1
33454,qığılcım,1,1
33455,qışdır,1,1
33456,qışmı,1,1
33457,qışqırdı,1,1
33458,qışqırıq,1,1
33459,qışından,1,1
33460,qışə,1,1
33461,qǝ,1,1
33462,qǝbai,1,1
33463,qǝbrinǝ,1,1
33464,qǝddindǝ,1,1
33465,qǝddir,1,1
33466,qǝdim,1,1
33467,qǝdrini,1,1
33468,qǝdǝh,1,1
33469,qǝdǝr,1,1
33470,qǝhrin,1,1
33471,qǝhrinin,1,1
33472,qǝllaş,1,1
33473,qǝlǝndǝrdir,1,1
33474,qǝmindǝn,1,1
33475,qǝmişdǝn,1,1
33476,qǝmzǝlǝrdǝn,1,1
33477,qǝmzǝn,1,1
33478,qǝmzǝsi,1,1
33479,qǝnbǝr,1,1
33480,qǝnbǝrdir,1,1
33481,qǝnbǝri,1,1
33482,qǝnbǝrinǝ,1,1
33483,qǝndi,1,1
33484,qǝnim,1,1
33485,qǝran,1,1
33486,qǝrari,1,1
33487,qǝrarı,1,1
33488,qǝrarım,1,1
33489,qǝrayǝ,1,1
33490,qǝreyi,1,1
33491,qǝribi,1,1
33492,qǝrq,1,1
33493,qǝsdin,1,1
33494,qǝtl,1,1
33495,qəbahətdən,1,1
33496,qəbahətini,1,1
33497,qəbaildir,1,1
33498,qəbayi,1,1
33499,qəbağına,1,1
33500,qəbirdən,1,1
33501,qəbiristanlıq,1,1
33502,qəbiristanlığın,1,1
33503,qəbiristanlığında,1,1
33504,qəbləl,1,1
33505,qəbqəbi,1,1
33506,qəbqəbin,1,1
33507,qəbrimdə,1,1
33508,qəbrimdən,1,1
33509,qəbrimi,1,1
33510,qəbristan,1,1
33511,qəbuldursa,1,1
33512,qəbuluna,1,1
33513,qəbulə,1,1
33514,qəddarlıq,1,1
33515,qəddimin,1,1
33516,qəddimə,1,1
33517,qəddindir,1,1
33518,qəddindən,1,1
33519,qəddini,1,1
33520,qəddinmi,1,1
33521,qəder,1,1
33522,qədid,1,1
33523,qədilə,1,1
33524,qədimilər,1,1
33525,qədimin,1,1
33526,qədimiz,1,1
33527,qədimü,1,1
33528,qədimə,1,1
33529,qədinilə,1,1
33530,qədirdən,1,1
33531,qədiri,1,1
33532,qədrdürür,1,1
33533,qədrilə,1,1
33534,qədrimə,1,1
33535,qədrincə,1,1
33536,qədrincədir,1,1
33537,qədrinə,1,1
33538,qədrəm,1,1
33539,qədə,1,1
33540,qədəhdir,1,1
33541,qədəhdə,1,1
33542,qədəhin,1,1
33543,qədəhindən,1,1
33544,qədəhlə,1,1
33545,qədəmində,1,1
33546,qədəmindən,1,1
33547,qədəminin,1,1
33548,qədəmlərin,1,1
33549,qədərlər,1,1
33550,qədərxan,1,1
33551,qədərxanı,1,1
33552,qədəyə,1,1
33553,qəfa,1,1
33554,qəfasinə,1,1
33555,qəffar,1,1
33556,qəffardır,1,1
33557,qəffarə,1,1
33558,qəfləsin,1,1
33559,qəflətdəsən,1,1
33560,qəflətlə,1,1
33561,qəftə,1,1
33562,qəfur,1,1
33563,qəfərdi,1,1
33564,qəfərgildədi,1,1
33565,qəfəsin,1,1
33566,qəfəsinə,1,1
33567,qəhbə,1,1
33568,qəhdə,1,1
33569,qəhharə,1,1
33570,qəhrdən,1,1
33571,qəhrindir,1,1
33572,qəhrinədir,1,1
33573,qəhrə,1,1
33574,qəhrəmanlıqda,1,1
33575,qəhrəmanının,1,1
33576,qəht,1,1
33577,qəhtlik,1,1
33578,qəhər,1,1
33579,qəhərlə,1,1
33580,qəhərləndi,1,1
33581,qəhət,1,1
33582,qəhətdir,1,1
33583,qəhətdiyi,1,1
33584,qəl,1,1
33585,qəlbdir,1,1
33586,qəlbimiz,1,1
33587,qəlbimizi,1,1
33588,qəlbindədir,1,1
33589,qəlbindəkini,1,1
33590,qəlbindən,1,1
33591,qəlbindəsə,1,1
33592,qəlbitək,1,1
33593,qəlbli,1,1
33594,qəlblə,1,1
33595,qəlbləri,1,1
33596,qəlbu,1,1
33597,qəlbü,1,1
33598,qəllaş,1,1
33599,qəllaşı,1,1
33600,qəllaşını,1,1
33601,qəllaşınız,1,1
33602,qəllaşəm,1,1
33603,qəllə,1,1
33604,qəltanü,1,1
33605,qəlyanaltına,1,1
33606,qəlyanı,1,1
33607,qəlü,1,1
33608,qələbazar,1,1
33609,qələbəsi,1,1
33610,qələbəyi,1,1
33611,qələmdanım,1,1
33612,qələmdən,1,1
33613,qələmidir,1,1
33614,qələmim,1,1
33615,qələmimdir,1,1
33616,qələmimdə,1,1
33617,qələmimin,1,1
33618,qələmindir,1,1
33619,qələminin,1,1
33620,qələmiylə,1,1
33621,qələmundur,1,1
33622,qələmə,1,1
33623,qələndərin,1,1
33624,qələsinə,1,1
33625,qələtdi,1,1
33626,qələyə,1,1
33627,qəmamə,1,1
33628,qəmar,1,1
33629,qəmfərsayə,1,1
33630,qəmgindir,1,1
33631,qəmgüsar,1,1
33632,qəmgüsarım,1,1
33633,qəmilə,1,1
33634,qəmimdən,1,1
33635,qəmindir,1,1
33636,qəmiylə,1,1
33637,qəmişini,1,1
33638,qəmlənəndə,1,1
33639,qəmlənərəm,1,1
33640,qəmlərimi,1,1
33641,qəmlərə,1,1
33642,qəmmaz,1,1
33643,qəmpərvərd,1,1
33644,qəmpərvərə,1,1
33645,qəmrəsidə,1,1
33646,qəmsaz,1,1
33647,qəmsiz,1,1
33648,qəmtərir,1,1
33649,qəmtəriri,1,1
33650,qəmxan,1,1
33651,qəmxaram,1,1
33652,qəmxarlıq,1,1
33653,qəmxarı,1,1
33654,qəmzədir,1,1
33655,qəmzədəlikdən,1,1
33656,qəmzədəyəm,1,1
33657,qəmzələri,1,1
33658,qəmzəndəki,1,1
33659,qəmzəndən,1,1
33660,qəmzənin,1,1
33661,qəmzənlə,1,1
33662,qəmzənə,1,1
33663,qəmzəsində,1,1
33664,qəmzəvu,1,1
33665,qəməlim,1,1
33666,qəməndən,1,1
33667,qəmərdə,1,1
33668,qəmərdən,1,1
33669,qəməri,1,1
33670,qəmərtəl,1,1
33671,qəmərçöhrəm,1,1
33672,qəmхar,1,1
33673,qənarədə,1,1
33674,qənaətdədi,1,1
33675,qənaətin,1,1
33676,qənaətə,1,1
33677,qənbər,1,1
33678,qəncər,1,1
33679,qənddi,1,1
33680,qəndilim,1,1
33681,qəndilindən,1,1
33682,qəndilitək,1,1
33683,qəndilə,1,1
33684,qəndiləm,1,1
33685,qəndim,1,1
33686,qəndin,1,1
33687,qəndindən,1,1
33688,qəndini,1,1
33689,qəndinə,1,1
33690,qəndlim,1,1
33691,qəndlər,1,1
33692,qəng,1,1
33693,qənidi,1,1
33694,qənim,1,1
33695,qənimətdir,1,1
33696,qəniməti,1,1
33697,qəniyü,1,1
33698,qənnadiyə,1,1
33699,qənşərindəki,1,1
33700,qəpiyə,1,1
33701,qəra,1,1
33702,qəradəndir,1,1
33703,qəralı,1,1
33704,qərardad,1,1
33705,qəraru,1,1
33706,qərarın,1,1
33707,qərarə,1,1
33708,qərasi,1,1
33709,qərasinə,1,1
33710,qərasənmiş,1,1
33711,qərayə,1,1
33712,qərazeyi,1,1
33713,qərazəvü,1,1
33714,qərbdən,1,1
33715,qəribdir,1,1
33716,qəribdən,1,1
33717,qəribiz,1,1
33718,qəriblik,1,1
33719,qəribü,1,1
33720,qərineyi,1,1
33721,qərini,1,1
33722,qəriği,1,1
33723,qərqsən,1,1
33724,qərqə,1,1
33725,qərqəyəm,1,1
33726,qərra,1,1
33727,qərvənd,1,1
33728,qərvənddə,1,1
33729,qərğə,1,1
33730,qərəni,1,1
33731,qərəzim,1,1
33732,qərəzli,1,1
33733,qəsabe,1,1
33734,qəsabə,1,1
33735,qəsabənin,1,1
33736,qəsdim,1,1
33737,qəsdimi,1,1
33738,qəsdimə,1,1
33739,qəsdindən,1,1
33740,qəsdə,1,1
33741,qəsidəni,1,1
33742,qəsidəsin,1,1
33743,qəsrdə,1,1
33744,qəsrdən,1,1
33745,qəsrin,1,1
33746,qəsrini,1,1
33747,qəss,1,1
33748,qəssabdan,1,1
33749,qəssalimə,1,1
33750,qəsta,1,1
33751,qəsəmnada,1,1
33752,qətarı,1,1
33753,qətil,1,1
33754,qətirə,1,1
33755,qətiyyən,1,1
33756,qətlgahə,1,1
33757,qətlimdə,1,1
33758,qətlimi,1,1
33759,qətlinçün,1,1
33760,qətmirimiz,1,1
33761,qətrani,1,1
33762,qətrədə,1,1
33763,qətrədən,1,1
33764,qətrələr,1,1
33765,qətrələri,1,1
33766,qətrəvü,1,1
33767,qətrеyi,1,1
33768,qəttalini,1,1
33769,qətü,1,1
33770,qəvanini,1,1
33771,qəviheykəl,1,1
33772,qəviəndam,1,1
33773,qəvvasam,1,1
33774,qəvvasdır,1,1
33775,qəvvası,1,1
33776,qəzadır,1,1
33777,qəzahökm,1,1
33778,qəzal,1,1
33779,qəzalə,1,1
33780,qəzalərdə,1,1
33781,qəzban,1,1
33782,qəzet,1,1
33783,qəziyyədə,1,1
33784,qəziyə,1,1
33785,qəznədə,1,1
33786,qəzəbdən,1,1
33787,qəzəbin,1,1
33788,qəzəbini,1,1
33789,qəzəbli,1,1
33790,qəzəblənmiş,1,1
33791,qəzəblənsin,1,1
33792,qəzəbnak,1,1
33793,qəzəbü,1,1
33794,qəzəldir,1,1
33795,qəzəlxan,1,1
33796,qəzеtə,1,1
33797,qəşidir,1,1
33798,qеyrini,1,1
33799,qеyrə,1,1
33800,qеyrən,1,1
33801,qеyrət,1,1
33802,qеyrəti,1,1
33803,qеyrətiniz,1,1
33804,qеyrətli,1,1
33805,qеysəri,1,1
33806,qеyz,1,1
33807,qеyzə,1,1
33808,qоcaydı,1,1
33809,qоl,1,1
33810,qоllarımı,1,1
33811,qоllarına,1,1
33812,qоllum,1,1
33813,qоnar,1,1
33814,qоnaraq,1,1
33815,qоndu,1,1
33816,qоpar,1,1
33817,qоparar,1,1
33818,qоpardı,1,1
33819,qоpmuş,1,1
33820,qоrxu,1,1
33821,qоrхan,1,1
33822,qоrхaq,1,1
33823,qоrхma,1,1
33824,qоrхmaz,1,1
33825,qоrхmuram,1,1
33826,qоvrularaq,1,1
33827,qоyacaqlar,1,1
33828,qоydu,1,1
33829,qоymanam,1,1
33830,qоynundakı,1,1
33831,qоyub,1,1
33832,qохulu,1,1
33833,qәbahәt,1,1
33834,qәdәr,1,1
33835,qәflәt,1,1
33836,qәrәzin,1,1
33837,qәza,1,1
33838,qәzadan,1,1
33839,rabiteyi,1,1
33840,racinə,1,1
33841,racü,1,1
33842,racı,1,1
33843,racə,1,1
33844,radə,1,1
33845,radən,1,1
33846,rafizilər,1,1
33847,rahatlığa,1,1
33848,rahatlığın,1,1
33849,rahbər,1,1
33850,rahbəri,1,1
33851,rahbərin,1,1
33852,rahib,1,1
33853,rahibi,1,1
33854,rahiblərin,1,1
33855,rahibtək,1,1
33856,rahimiz,1,1
33857,rahində,1,1
33858,rahindən,1,1
33859,rahini,1,1
33860,rahzən,1,1
33861,rahzənə,1,1
33862,rahıdır,1,1
33863,rahım,1,1
33864,rahında,1,1
33865,rahǝtü,1,1
33866,rahətdən,1,1
33867,rahətin,1,1
33868,rahətlik,1,1
33869,rahətəfzadır,1,1
33870,rahətəfzayi,1,1
33871,rameh,1,1
33872,ramidehi,1,1
33873,randan,1,1
33874,ranzəmindən,1,1
33875,raqdə,1,1
33876,raqə,1,1
33877,rastlaşdılar,1,1
33878,raviyani,1,1
33879,raxtından,1,1
33880,raxtınnan,1,1
33881,ray,1,1
33882,rayati,1,1
33883,raygan,1,1
33884,rayigana,1,1
33885,rayigandır,1,1
33886,rayiheyi,1,1
33887,rayihəli,1,1
33888,rayikani,1,1
33889,razin,1,1
33890,razılaşdığını,1,1
33891,razılaşmadı,1,1
33892,razılaşmadın,1,1
33893,razılaşmaq,1,1
33894,razılaşmayıb,1,1
33895,razılaşmayıbsan,1,1
33896,razılaşmıram,1,1
33897,razılıqlarını,1,1
33898,razılığın,1,1
33899,razılığını,1,1
33900,razımü,1,1
33901,razımı,1,1
33902,razısan,1,1
33903,razıyam,1,1
33904,rağ,1,1
33905,rağibdir,1,1
33906,raən,1,1
33907,reallığı,1,1
33908,red,1,1
33909,redaktorlar,1,1
33910,rehlətdən,1,1
33911,remzi,1,1
33912,reydədir,1,1
33913,reyhandürür,1,1
33914,reyhandır,1,1
33915,reyhanlar,1,1
33916,reyhanların,1,1
33917,reyhanı,1,1
33918,reyhanıdır,1,1
33919,reyhanǝ,1,1
33920,reyhanə,1,1
33921,reyi,1,1
33922,reylə,1,1
33923,reysə,1,1
33924,reyə,1,1
33925,ric,1,1
33926,rica,1,1
33927,ricam,1,1
33928,ricasını,1,1
33929,ridanı,1,1
33930,rif,1,1
33931,rifətdən,1,1
33932,rifətin,1,1
33933,rifətsən,1,1
33934,rikabındadır,1,1
33935,rikabından,1,1
33936,rindin,1,1
33937,rindlərin,1,1
33938,rindəm,1,1
33939,rini,1,1
33940,risalə,1,1
33941,risaləmi,1,1
33942,risalәt,1,1
33943,risimandır,1,1
33944,risimanimdə,1,1
33945,rismani,1,1
33946,risva,1,1
33947,risvasinə,1,1
33948,ritorik,1,1
33949,riyadan,1,1
33950,riyadəndir,1,1
33951,riyahin,1,1
33952,riyakarlar,1,1
33953,riyakarlıq,1,1
33954,riyanı,1,1
33955,riyavü,1,1
33956,rizadan,1,1
33957,rizadən,1,1
33958,rizasilə,1,1
33959,rizası,1,1
33960,rizvanü,1,1
33961,rizvanın,1,1
33962,rizəsi,1,1
33963,riş,1,1
33964,rişdi,1,1
33965,rişin,1,1
33966,riştə,1,1
33967,riştədir,1,1
33968,riştədən,1,1
33969,riştəyi,1,1
33970,riştəyə,1,1
33971,rişxənd,1,1
33972,rişə,1,1
33973,rişədən,1,1
33974,rişəsi,1,1
33975,rişеyi,1,1
33976,rmiş,1,1
33977,rolu,1,1
33978,roma,1,1
33979,rovzeyi,1,1
33980,rovzǝ,1,1
33981,rovzən,1,1
33982,rozeyi,1,1
33983,roğənəm,1,1
33984,rpuşan,1,1
33985,rubahi,1,1
33986,rubi,1,1
33987,rubəh,1,1
33988,rubəru,1,1
33989,rubәhi,1,1
33990,rudi,1,1
33991,rudəki,1,1
33992,rugərdan,1,1
33993,ruha,1,1
33994,ruhan,1,1
33995,ruhaniyəm,1,1
33996,ruhbəxşi,1,1
33997,ruhdən,1,1
33998,ruhimi,1,1
33999,ruhin,1,1
34000,ruhlardır,1,1
34001,ruhlular,1,1
34002,ruhlər,1,1
34003,ruhpərvərdir,1,1
34004,ruhsan,1,1
34005,ruhsuz,1,1
34006,ruhsən,1,1
34007,ruhuna,1,1
34008,ruhül,1,1
34009,ruhüllahi,1,1
34010,ruhüllahü,1,1
34011,ruhülqüdüs,1,1
34012,ruhǝfza,1,1
34013,ruhəfzasinə,1,1
34014,ruhən,1,1
34015,ruma,1,1
34016,rumi,1,1
34017,rumlu,1,1
34018,rumluların,1,1
34019,rumuzi,1,1
34020,rumü,1,1
34021,rusa,1,1
34022,rusiyaya,1,1
34023,rusiyyədə,1,1
34024,rustayə,1,1
34025,rusun,1,1
34026,rusva,1,1
34027,rusvayi,1,1
34028,ruxsarilə,1,1
34029,ruxsarə,1,1
34030,ruxə,1,1
34031,ruy,1,1
34032,ruyisiyah,1,1
34033,ruyü,1,1
34034,ruyün,1,1
34035,ruzgara,1,1
34036,ruzidən,1,1
34037,ruzigarda,1,1
34038,ruzigarimi,1,1
34039,ruziyi,1,1
34040,ruzumuz,1,1
34041,ruzun,1,1
34042,ruzunuz,1,1
34043,ruzənin,1,1
34044,ruşinas,1,1
34045,rvahamdan,1,1
34046,rvahamı,1,1
34047,rzadır,1,1
34048,rzaya,1,1
34049,rövnağıdır,1,1
34050,rövnəqdə,1,1
34051,rövnəqin,1,1
34052,rövnəqisən,1,1
34053,rövzǝdǝn,1,1
34054,rövzədə,1,1
34055,rövzən,1,1
34056,rövzənindən,1,1
34057,rövzəsi,1,1
34058,rövşǝn,1,1
34059,rövşǝndir,1,1
34060,rövşǝnliyi,1,1
34061,rövşəni,1,1
34062,rövşənim,1,1
34063,rübabə,1,1
34064,rübah,1,1
34065,rübahi,1,1
34066,rübi,1,1
34067,rübənd,1,1
34068,rübəndlidir,1,1
34069,rübəru,1,1
34070,rüfǝtindǝn,1,1
34071,rüfəqadən,1,1
34072,rüfətim,1,1
34073,rühi,1,1
34074,rühsari,1,1
34075,rükn,1,1
34076,rüknunə,1,1
34077,rüknəddini,1,1
34078,rükum,1,1
34079,rümuzat,1,1
34080,rüstam,1,1
34081,rüstǝmi,1,1
34082,rüstəmdən,1,1
34083,rüsvadır,1,1
34084,rüsvalarında,1,1
34085,rüsvalıq,1,1
34086,rüsvalıqdan,1,1
34087,rüsvalığı,1,1
34088,rüsvalığımdan,1,1
34089,rüsvalığımı,1,1
34090,rüsvalərindən,1,1
34091,rüsvasən,1,1
34092,rüsvayçılıq,1,1
34093,rüsvayəm,1,1
34094,rüsvə,1,1
34095,rütbəmi,1,1
34096,rütbən,1,1
34097,rütbəsi,1,1
34098,rütbəsin,1,1
34099,rütbəsindən,1,1
34100,rütbəyə,1,1
34101,rütubət,1,1
34102,rüxlǝrindǝn,1,1
34103,rüxsandır,1,1
34104,rüxsardir,1,1
34105,rüxsaridir,1,1
34106,rüxsarini,1,1
34107,rüxsarinlə,1,1
34108,rüxsarinə,1,1
34109,rüxsarü,1,1
34110,rüxsarüvi,1,1
34111,rüxsarımız,1,1
34112,rüxsarındadır,1,1
34113,rüxsarından,1,1
34114,rüxsarının,1,1
34115,rüzgari,1,1
34116,rüzgarı,1,1
34117,rüzigarın,1,1
34118,rüşvətimi,1,1
34119,rüşvətimiz,1,1
34120,rüşvətüvüz,1,1
34121,rüхmüdür,1,1
34122,rüхsari,1,1
34123,rüхsarın,1,1
34124,rüхsarına,1,1
34125,rǝf,1,1
34126,rǝfiqim,1,1
34127,rǝhman,1,1
34128,rǝhmandır,1,1
34129,rǝhmanǝ,1,1
34130,rǝhmǝt,1,1
34131,rǝhmǝti,1,1
34132,rǝhnümadır,1,1
34133,rǝhnümasız,1,1
34134,rǝna,1,1
34135,rǝnayi,1,1
34136,rǝnayǝ,1,1
34137,rǝncidǝ,1,1
34138,rǝngidir,1,1
34139,rǝqs,1,1
34140,rǝsmi,1,1
34141,rǝvanım,1,1
34142,rǝxti,1,1
34143,rǝxşan,1,1
34144,rǝxşǝndǝ,1,1
34145,rǝzm,1,1
34146,rəayətimi,1,1
34147,rəbbanı,1,1
34148,rəbbihüm,1,1
34149,rəbbindir,1,1
34150,rəbbini,1,1
34151,rəbbinə,1,1
34152,rəbbühüm,1,1
34153,rəbbəna,1,1
34154,rəcfətül,1,1
34155,rədifınə,1,1
34156,rəfahəti,1,1
34157,rəfi,1,1
34158,rəfiqdən,1,1
34159,rəfiqin,1,1
34160,rəfiqən,1,1
34161,rəflərdə,1,1
34162,rəftardır,1,1
34163,rəftari,1,1
34164,rəftarı,1,1
34165,rəfıq,1,1
34166,rəfə,1,1
34167,rəfəti,1,1
34168,rəhavi,1,1
34169,rəhbani,1,1
34170,rəhbanım,1,1
34171,rəhbanımdır,1,1
34172,rəhbanımü,1,1
34173,rəhbərdi,1,1
34174,rəhbərdir,1,1
34175,rəhbərdən,1,1
34176,rəhbərim,1,1
34177,rəhbərsiz,1,1
34178,rəhbərə,1,1
34179,rəhdə,1,1
34180,rəhguzərdə,1,1
34181,rəhgüzarındır,1,1
34182,rəhgüzərim,1,1
34183,rəhgüzərimdən,1,1
34184,rəhimsən,1,1
34185,rəhinə,1,1
34186,rəhiq,1,1
34187,rəhmana,1,1
34188,rəhmandurur,1,1
34189,rəhmanımızdır,1,1
34190,rəhmanın,1,1
34191,rəhmsiz,1,1
34192,rəhmü,1,1
34193,rəhmətdi,1,1
34194,rəhmətdən,1,1
34195,rəhmətidir,1,1
34196,rəhmətin,1,1
34197,rəhmətlik,1,1
34198,rəhmətü,1,1
34199,rəhnümun,1,1
34200,rəhnümunumdur,1,1
34201,rəhrövi,1,1
34202,rəhvar,1,1
34203,rəhü,1,1
34204,rəhəm,1,1
34205,rəisani,1,1
34206,rəiyyərin,1,1
34207,rəiyyətim,1,1
34208,rəkat,1,1
34209,rəkik,1,1
34210,rəkimdir,1,1
34211,rəkətdi,1,1
34212,rəli,1,1
34213,rəmidə,1,1
34214,rəmimü,1,1
34215,rəmmal,1,1
34216,rəmzidir,1,1
34217,rənadır,1,1
34218,rənaları,1,1
34219,rənasən,1,1
34220,rənc,1,1
34221,rəncbərdi,1,1
34222,rəncinə,1,1
34223,rəncur,1,1
34224,rəncə,1,1
34225,rəngdir,1,1
34226,rəngdədirsə,1,1
34227,rəngdən,1,1
34228,rəngimiş,1,1
34229,rəngimə,1,1
34230,rəngini,1,1
34231,rənginin,1,1
34232,rənginmu,1,1
34233,rənglidən,1,1
34234,rənglə,1,1
34235,rənglədi,1,1
34236,rənglər,1,1
34237,rəngləri,1,1
34238,rəngsiz,1,1
34239,rəqibdən,1,1
34240,rəqibim,1,1
34241,rəqibimdir,1,1
34242,rəqiblərin,1,1
34243,rəqibə,1,1
34244,rəqqas,1,1
34245,rəqsə,1,1
34246,rəqəmi,1,1
34247,rəqəmsal,1,1
34248,rəsi,1,1
34249,rəsidəcavan,1,1
34250,rəsindən,1,1
34251,rəsmdi,1,1
34252,rəsmidir,1,1
34253,rəsmlər,1,1
34254,rəsmlərlə,1,1
34255,rəsmə,1,1
34256,rəsula,1,1
34257,rəsulu,1,1
34258,rəsulumuz,1,1
34259,rəsuluna,1,1
34260,rəsulzadə,1,1
34261,rəsulüllah,1,1
34262,rəsəd,1,1
34263,rəvaci,1,1
34264,rəvacı,1,1
34265,rəvacın,1,1
34266,rəvadı,1,1
34267,rəvamı,1,1
34268,rəvanbəxşin,1,1
34269,rəvanda,1,1
34270,rəvanimə,1,1
34271,rəvansan,1,1
34272,rəvanü,1,1
34273,rəvanı,1,1
34274,rəvanın,1,1
34275,rəvayətdir,1,1
34276,rəvayəti,1,1
34277,rəvayətlər,1,1
34278,rəvişdə,1,1
34279,rəvişin,1,1
34280,rəvişü,1,1
34281,rəxnəsin,1,1
34282,rəxtin,1,1
34283,rəxtxabi,1,1
34284,rəxtxabə,1,1
34285,rəxtü,1,1
34286,rəxşandır,1,1
34287,rəxşani,1,1
34288,rəxşanə,1,1
34289,rəxşəndə,1,1
34290,rəyahindən,1,1
34291,rəyilə,1,1
34292,rəyin,1,1
34293,rəyindir,1,1
34294,rəyli,1,1
34295,rəğbəti,1,1
34296,rəğıbətin,1,1
34297,rəşkindən,1,1
34298,rе,1,1
34299,rеyhani,1,1
34300,rеyhanmıdır,1,1
34301,rеyhanü,1,1
34302,rәsmi,1,1
34303,rәva,1,1
34304,rәvani,1,1
34305,rәğbәt,1,1
34306,saatlığına,1,1
34307,saatın,1,1
34308,saba,1,1
34309,sabahdan,1,1
34310,sabahı,1,1
34311,sabahına,1,1
34312,sabati,1,1
34313,sabax,1,1
34314,sabiqa,1,1
34315,sabiqdən,1,1
34316,sabiqdә,1,1
34317,sabiqlər,1,1
34318,sabir,1,1
34319,sabitdi,1,1
34320,sabitqədəm,1,1
34321,sacidü,1,1
34322,sacı,1,1
34323,sadaga,1,1
34324,sadakı,1,1
34325,sadat,1,1
34326,sadiqanə,1,1
34327,sadiqdən,1,1
34328,sadiqin,1,1
34329,sadiqlik,1,1
34330,sadiqmisən,1,1
34331,sadiqül,1,1
34332,sadiqə,1,1
34333,sadir,1,1
34334,sadəcə,1,1
34335,sadədir,1,1
34336,sadədirsə,1,1
34337,sadəlövh,1,1
34338,sadəlövhü,1,1
34339,sadəyəm,1,1
34340,sadəzəmir,1,1
34341,safadan,1,1
34342,safam,1,1
34343,safdır,1,1
34344,safidir,1,1
34345,safində,1,1
34346,saflıq,1,1
34347,saflığına,1,1
34348,safın,1,1
34349,sagollaşıb,1,1
34350,sahabı,1,1
34351,sahabısan,1,1
34352,sahi,1,1
34353,sahibcamalımız,1,1
34354,sahibcəmalın,1,1
34355,sahibdil,1,1
34356,sahibhuş,1,1
34357,sahibhünərə,1,1
34358,sahibictihad,1,1
34359,sahibin,1,1
34360,sahibindən,1,1
34361,sahibisən,1,1
34362,sahibixtiyar,1,1
34363,sahibkamal,1,1
34364,sahibkəşf,1,1
34365,sahibmal,1,1
34366,sahibnǝzǝrdir,1,1
34367,sahibqiran,1,1
34368,sahibxuş,1,1
34369,sahibxərac,1,1
34370,sahibzər,1,1
34371,sahibül,1,1
34372,sahibəm,1,1
34373,sahibəz,1,1
34374,sahildir,1,1
34375,sahildədir,1,1
34376,sahilnişin,1,1
34377,sahiri,1,1
34378,sahirlər,1,1
34379,sahmanı,1,1
34380,sahə,1,1
34381,sahəm,1,1
34382,sai,1,1
34383,saib,1,1
34384,said,1,1
34385,saidətül,1,1
34386,sailə,1,1
34387,sailəm,1,1
34388,sairsən,1,1
34389,sairəm,1,1
34390,sakinani,1,1
34391,sakinim,1,1
34392,sakinəmsə,1,1
34393,sakitdiyiydi,1,1
34394,sakitdəşəndə,1,1
34395,sakitləşdi,1,1
34396,sakitləşdirdi,1,1
34397,sakın,1,1
34398,salacaqdırmı,1,1
34399,salahgilə,1,1
34400,salahla,1,1
34401,salahı,1,1
34402,salamatdaşıf,1,1
34403,salamatdımı,1,1
34404,salamatlıqdırmı,1,1
34405,salamatsan,1,1
34406,salamatçılıq,1,1
34407,salamlaşdı,1,1
34408,salamlaşıb,1,1
34409,salamlaşırlar,1,1
34410,salamnan,1,1
34411,salamsız,1,1
34412,salamın,1,1
34413,salamələyküm,1,1
34414,salandan,1,1
34415,salaraq,1,1
34416,salardan,1,1
34417,salardımı,1,1
34418,salarlar,1,1
34419,salarsam,1,1
34420,salarsız,1,1
34421,salasan,1,1
34422,salatına,1,1
34423,salavatla,1,1
34424,saldadır,1,1
34425,saldi,1,1
34426,saldıla,1,1
34427,saldıqları,1,1
34428,saldıra,1,1
34429,saldığım,1,1
34430,saleh,1,1
34431,salehin,1,1
34432,sali,1,1
34433,salik,1,1
34434,salikü,1,1
34435,salikə,1,1
34436,salirsan,1,1
34437,salis,1,1
34438,sallah,1,1
34439,sallan,1,1
34440,sallananda,1,1
34441,sallandı,1,1
34442,sallanub,1,1
34443,sallanıb,1,1
34444,sallanıban,1,1
34445,salların,1,1
34446,sallaxlar,1,1
34447,sallağı,1,1
34448,salmadıq,1,1
34449,salmamışdı,1,1
34450,salman,1,1
34451,salmanı,1,1
34452,salmasam,1,1
34453,salmasaydım,1,1
34454,salmax,1,1
34455,salmaya,1,1
34456,salmazlar,1,1
34457,salmazmı,1,1
34458,salmazsa,1,1
34459,salmağımnan,1,1
34460,salmmış,1,1
34461,salmırsa,1,1
34462,salmışsan,1,1
34463,salsala,1,1
34464,salsalar,1,1
34465,salsan,1,1
34466,salxımda,1,1
34467,salxımı,1,1
34468,salxımıdır,1,1
34469,salxır,1,1
34470,salyanda,1,1
34471,salıban,1,1
34472,salıblar,1,1
34473,salıbsınız,1,1
34474,salınan,1,1
34475,salındı,1,1
34476,salınmış,1,1
34477,salınsa,1,1
34478,salınız,1,1
34479,salırdılar,1,1
34480,salırsa,1,1
34481,salǝrin,1,1
34482,salə,1,1
34483,samana,1,1
34484,samanda,1,1
34485,samanın,1,1
34486,samavara,1,1
34487,samavardı,1,1
34488,samavat,1,1
34489,samavəri,1,1
34490,samballı,1,1
34491,samuel,1,1
34492,samuxun,1,1
34493,samuğun,1,1
34494,samısan,1,1
34495,samıxda,1,1
34496,sanan,1,1
34497,sanardım,1,1
34498,sanarsa,1,1
34499,sanarsan,1,1
34500,sanaya,1,1
34501,sanayıb,1,1
34502,sanayırdı,1,1
34503,sanballı,1,1
34504,sanballıdır,1,1
34505,sancağıdır,1,1
34506,sancdın,1,1
34507,sancıla,1,1
34508,sancılan,1,1
34509,sancılmır,1,1
34510,sancılmışdır,1,1
34511,sancılsa,1,1
34512,sancılı,1,1
34513,sancılıbdır,1,1
34514,sancır,1,1
34515,sancırsan,1,1
34516,sandın,1,1
34517,sandıqdan,1,1
34518,sandıqla,1,1
34519,sandığ6,1,1
34520,sandığm,1,1
34521,sane,1,1
34522,sangi,1,1
34523,sanidə,1,1
34524,saniyə,1,1
34525,sanlar,1,1
34526,sanlısı,1,1
34527,sanmagil,1,1
34528,sanman,1,1
34529,sanmanız,1,1
34530,sanmsaq,1,1
34531,sanmınız,1,1
34532,sanmısan,1,1
34533,sanmış,1,1
34534,sanmışdır,1,1
34535,sannam,1,1
34536,sannar,1,1
34537,sannı,1,1
34538,sanur,1,1
34539,sanımı,1,1
34540,sanına,1,1
34541,sanını,1,1
34542,sanırdım,1,1
34543,sanǝ,1,1
34544,sanǝsǝn,1,1
34545,sapa,1,1
34546,sapana,1,1
34547,sapasağ,1,1
34548,sapdı,1,1
34549,sapla,1,1
34550,saplar,1,1
34551,sapoq,1,1
34552,sapoğumu,1,1
34553,sapoğunu,1,1
34554,sapsan,1,1
34555,sapsarı,1,1
34556,sapından,1,1
34557,saq,1,1
34558,saqib,1,1
34559,saqidir,1,1
34560,saqilǝr,1,1
34561,saqilə,1,1
34562,saqilər,1,1
34563,saqiləri,1,1
34564,saqilərin,1,1
34565,saqinin,1,1
34566,saqisi,1,1
34567,saqisinə,1,1
34568,saqisiyəm,1,1
34569,saqivü,1,1
34570,saqiylə,1,1
34571,saqiyyi,1,1
34572,saqiyü,1,1
34573,saqiyəm,1,1
34574,saqqalına,1,1
34575,saqqalının,1,1
34576,saqınma,1,1
34577,saqınıram,1,1
34578,saralar,1,1
34579,saraldıb,1,1
34580,saralmalıdır,1,1
34581,saraltma,1,1
34582,saralıbdır,1,1
34583,saralıbsan,1,1
34584,saralım,1,1
34585,saralır,1,1
34586,sarar,1,1
34587,sararlar,1,1
34588,saray,1,1
34589,sarayda,1,1
34590,saraydan,1,1
34591,sarayinə,1,1
34592,saraymdan,1,1
34593,sarayı,1,1
34594,sarayında,1,1
34595,sarayıykən,1,1
34596,sarbanı,1,1
34597,sarbanın,1,1
34598,sardan,1,1
34599,sari,1,1
34600,sariban,1,1
34601,sarmaşaq,1,1
34602,sarmaşmağın,1,1
34603,sarsıldı,1,1
34604,sarsılmadım,1,1
34605,sarsılmaz,1,1
34606,sarsıtdı,1,1
34607,sarsıyarmı,1,1
34608,sarıb,1,1
34609,sarıdaşın,1,1
34610,sarıdı,1,1
34611,sarılmış,1,1
34612,sarımağıdı,1,1
34613,sarınmışdır,1,1
34614,sarınsa,1,1
34615,sarınsın,1,1
34616,sarınıb,1,1
34617,sarınərdən,1,1
34618,sarıqlıdır,1,1
34619,sarısan,1,1
34620,sarısaqqallı,1,1
34621,sarıya,1,1
34622,sarıyıbdır,1,1
34623,sarıyır,1,1
34624,sarışa,1,1
34625,sarışdım,1,1
34626,sarışmadıq,1,1
34627,satacaq,1,1
34628,satacaqsan,1,1
34629,satalar,1,1
34630,satanq,1,1
34631,sataq,1,1
34632,sataram,1,1
34633,satardı,1,1
34634,satarsa,1,1
34635,sataşdım,1,1
34636,sataşdıqca,1,1
34637,sataşdırmış,1,1
34638,sataşmağa,1,1
34639,sataşmağın,1,1
34640,sataşmışdı,1,1
34641,sataşır,1,1
34642,satdığı,1,1
34643,satdığını,1,1
34644,satmalı,1,1
34645,satmasa,1,1
34646,satmasın,1,1
34647,satmaynan,1,1
34648,satmırsan,1,1
34649,satmışdılar,1,1
34650,satmışdım,1,1
34651,satsan,1,1
34652,satıbdır,1,1
34653,satıbsan,1,1
34654,satılmaz,1,1
34655,satılı,1,1
34656,satılır,1,1
34657,satırdılar,1,1
34658,satırlar,1,1
34659,satırsan,1,1
34660,sav,1,1
34661,savabım,1,1
34662,savaddan,1,1
34663,savadi,1,1
34664,savadı,1,1
34665,savadım,1,1
34666,savahdan,1,1
34667,savalan,1,1
34668,savaşdı,1,1
34669,savaşına,1,1
34670,savurdum,1,1
34671,savılmaz,1,1
34672,savılıb,1,1
34673,saxladım,1,1
34674,saxladığın,1,1
34675,saxlama,1,1
34676,saxlamasan,1,1
34677,saxlamlar,1,1
34678,saxlamıram,1,1
34679,saxlamış,1,1
34680,saxlamışdı,1,1
34681,saxlardım,1,1
34682,saxlarıq,1,1
34683,saxlasınlar,1,1
34684,saxlayacam,1,1
34685,saxlayamı,1,1
34686,saxlayan,1,1
34687,saxlayanam,1,1
34688,saxlayaq,1,1
34689,saxlayım,1,1
34690,saxlayıram,1,1
34691,saxlayırdı,1,1
34692,saxlıyaq,1,1
34693,saxlıyıbsan,1,1
34694,saxlıyırdı,1,1
34695,saxtakarlar,1,1
34696,saxına,1,1
34697,sayağı,1,1
34698,sayağında,1,1
34699,sayca,1,1
34700,saydı,1,1
34701,saydılar,1,1
34702,saydığım,1,1
34703,saydığını,1,1
34704,sayibani,1,1
34705,sayir,1,1
34706,saymadı,1,1
34707,saymağa,1,1
34708,saymış,1,1
34709,sayur,1,1
34710,sayyida,1,1
34711,sayıldı,1,1
34712,sayılı,1,1
34713,sayına,1,1
34714,sayında,1,1
34715,sayıram,1,1
34716,sayıruz,1,1
34717,sayǝ,1,1
34718,sayǝsi,1,1
34719,sayəmdən,1,1
34720,sayən,1,1
34721,sayəndə,1,1
34722,sayəndəsə,1,1
34723,sayənə,1,1
34724,sayənəm,1,1
34725,sayər,1,1
34726,sayəsin,1,1
34727,sayəsindən,1,1
34728,sayəsinə,1,1
34729,sayəsiz,1,1
34730,sayəvəş,1,1
34731,sayəyi,1,1
34732,sazdı,1,1
34733,sazigar,1,1
34734,saziş,1,1
34735,sazişi,1,1
34736,sazlamış,1,1
34737,sazları,1,1
34738,sazlarınızı,1,1
34739,sazlayarlar,1,1
34740,sazm,1,1
34741,sazıdı,1,1
34742,sazımın,1,1
34743,sazından,1,1
34744,saçacaqdu,1,1
34745,saçam,1,1
34746,saçandır,1,1
34747,saçaqlar,1,1
34748,saçardı,1,1
34749,saçlıyam,1,1
34750,saçma,1,1
34751,saçılan,1,1
34752,saçıma,1,1
34753,saçımı,1,1
34754,saçımın,1,1
34755,saçında,1,1
34756,saçıntǝk,1,1
34757,saçınızdan,1,1
34758,sağalda,1,1
34759,sağaldan,1,1
34760,sağaldar,1,1
34761,sağaldıcı,1,1
34762,sağaldıram,1,1
34763,sağalmağına,1,1
34764,sağaltmaz,1,1
34765,sağaltmışdı,1,1
34766,sağalı,1,1
34767,sağalıb,1,1
34768,sağalıbdır,1,1
34769,sağar,1,1
34770,sağda,1,1
34771,sağdan,1,1
34772,sağdır,1,1
34773,sağdışı,1,1
34774,sağinə,1,1
34775,sağişi,1,1
34776,sağlam,1,1
34777,sağlığın,1,1
34778,sağlığına,1,1
34779,sağrısında,1,1
34780,sağuva,1,1
34781,sağü,1,1
34782,sağıdan,1,1
34783,sağılmaz,1,1
34784,sağımda,1,1
34785,sağımız,1,1
34786,sağına,1,1
34787,sağında,1,1
34788,sağınmanız,1,1
34789,sağınmasun,1,1
34790,sağınur,1,1
34791,sağır,1,1
34792,sağıydısa,1,1
34793,sağə,1,1
34794,sağərdə,1,1
34795,sağərindən,1,1
34796,sağərü,1,1
34797,sağərə,1,1
34798,saşqı,1,1
34799,saǝtbǝ,1,1
34800,saətbəsaət,1,1
34801,saətdir,1,1
34802,saətimiz,1,1
34803,saхlama,1,1
34804,saхlamaz,1,1
34805,saһibi,1,1
34806,sbat,1,1
34807,segban,1,1
34808,sehrikar,1,1
34809,sehrli,1,1
34810,sehrə,1,1
34811,sehər,1,1
34812,selikovgilin,1,1
34813,selində,1,1
34814,selistçi,1,1
34815,sellərin,1,1
34816,semyoni,1,1
34817,seməndər,1,1
34818,sene,1,1
34819,senə,1,1
34820,setar,1,1
34821,setarın,1,1
34822,settarəm,1,1
34823,sev,1,1
34824,sevdada,1,1
34825,sevdadır,1,1
34826,sevdadə,1,1
34827,sevdalar,1,1
34828,sevdaları,1,1
34829,sevdalǝri,1,1
34830,sevdasın,1,1
34831,sevdasına,1,1
34832,sevdasını,1,1
34833,sevdasının,1,1
34834,sevdayilərin,1,1
34835,sevdigin,1,1
34836,sevdik,1,1
34837,sevdiyimi,1,1
34838,sevdiyin,1,1
34839,sevdiyindəndir,1,1
34840,sevgilimdən,1,1
34841,sevgilimin,1,1
34842,sevgilisiyəm,1,1
34843,sevgisindən,1,1
34844,sevgisinin,1,1
34845,sevgisinə,1,1
34846,sevil,1,1
34847,sevimlilərin,1,1
34848,sevinclərlə,1,1
34849,sevindirdin,1,1
34850,sevindiyindən,1,1
34851,sevinnəm,1,1
34852,sevinər,1,1
34853,sevirlərmi,1,1
34854,sevişənin,1,1
34855,sevmirlər,1,1
34856,sevmǝ,1,1
34857,sevmǝn,1,1
34858,sevmǝsǝ,1,1
34859,sevmə,1,1
34860,sevmədi,1,1
34861,sevmək,1,1
34862,sevməmişəm,1,1
34863,sevməyində,1,1
34864,sevməyən,1,1
34865,sevməzlər,1,1
34866,sevməzsən,1,1
34867,sevsinlər,1,1
34868,sevsə,1,1
34869,sevsəm,1,1
34870,sevsən,1,1
34871,sevǝr,1,1
34872,sevǝrdi,1,1
34873,sevǝrsǝ,1,1
34874,sevəm,1,1
34875,sevənlərin,1,1
34876,sevərsiz,1,1
34877,sevərsən,1,1
34878,sevəydin,1,1
34879,seyddə,1,1
34880,seydgahə,1,1
34881,seydinǝ,1,1
34882,seydü,1,1
34883,seyhə,1,1
34884,seylabilə,1,1
34885,seylilə,1,1
34886,seylin,1,1
34887,seylə,1,1
34888,seyqəli,1,1
34889,seyran,1,1
34890,seyrana,1,1
34891,seyrangahı,1,1
34892,seyrangahın,1,1
34893,seyrangahısan,1,1
34894,seyranǝ,1,1
34895,seyranə,1,1
34896,seyraqub,1,1
34897,seyraqubla,1,1
34898,seyraqublar,1,1
34899,seyrində,1,1
34900,seyrindən,1,1
34901,seyrini,1,1
34902,seyrinin,1,1
34903,seyrü,1,1
34904,seyrəkləşdi,1,1
34905,seyrəngahın,1,1
34906,seyti,1,1
34907,seyyidin,1,1
34908,seyyidü,1,1
34909,seyğəl,1,1
34910,sezar,1,1
34911,seçib,1,1
34912,seçilib,1,1
34913,seçilmiş,1,1
34914,seçilən,1,1
34915,seçilər,1,1
34916,seçkilərdə,1,1
34917,seçmişəm,1,1
34918,seçməz,1,1
34919,seşənbə,1,1
34920,sfahanda,1,1
34921,sfahanlı,1,1
34922,sfəhan,1,1
34923,sfəhanda,1,1
34924,sfəhandır,1,1
34925,sfəhanə,1,1
34926,sfəndiyaramı,1,1
34927,sg,1,1
34928,sgəndərdi,1,1
34929,sgəndərgil,1,1
34930,sgəndəri,1,1
34931,sgəndərin,1,1
34932,sgəndərlə,1,1
34933,sib,1,1
34934,sibirdən,1,1
34935,sibirin,1,1
34936,sibqət,1,1
34937,sibtilərin,1,1
34938,sicilləmə,1,1
34939,sidiyin,1,1
34940,sidqilǝn,1,1
34941,sidqini,1,1
34942,sidqinə,1,1
34943,sidrəsi,1,1
34944,sifahanı,1,1
34945,sifariş,1,1
34946,sifatinda,1,1
34947,sifatini,1,1
34948,sifatullahi,1,1
34949,sifatı,1,1
34950,siftə,1,1
34951,sifətdir,1,1
34952,sifətim,1,1
34953,sifətində,1,1
34954,sifətini,1,1
34955,sifətlidir,1,1
34956,sifətlisən,1,1
34957,sifətlər,1,1
34958,sifətləri,1,1
34959,sifətlərlə,1,1
34960,sifətü,1,1
34961,sifətünden,1,1
34962,sifətə,1,1
34963,sihhətim,1,1
34964,sikkeyi,1,1
34965,sikkə,1,1
34966,sikkədəndir,1,1
34967,sikkələndirdim,1,1
34968,sikkəsi,1,1
34969,sikkəsinin,1,1
34970,sikkəyə,1,1
34971,sikǝndǝrü,1,1
34972,sikəndərdir,1,1
34973,silahi,1,1
34974,silahlandı,1,1
34975,silahlı,1,1
34976,silahü,1,1
34977,silahıdı,1,1
34978,silahımdır,1,1
34979,silahın,1,1
34980,sildiklərini,1,1
34981,sildilər,1,1
34982,silib,1,1
34983,silin,1,1
34984,silinmişdir,1,1
34985,silinsin,1,1
34986,silir,1,1
34987,silist,1,1
34988,silistçi,1,1
34989,silki,1,1
34990,silkib,1,1
34991,silkin,1,1
34992,silkini,1,1
34993,sillələr,1,1
34994,silləsinin,1,1
34995,silləylə,1,1
34996,silməyə,1,1
34997,silsilə,1,1
34998,silsiləsinə,1,1
34999,silsin,1,1
35000,silsən,1,1
35001,silən,1,1
35002,sima,1,1
35003,simaindən,1,1
35004,simaları,1,1
35005,simalım,1,1
35006,simasına,1,1
35007,simavü,1,1
35008,simbədən,1,1
35009,simbər,1,1
35010,simbərdən,1,1
35011,simbərim,1,1
35012,simbərimdən,1,1
35013,simbərlərdən,1,1
35014,simeh,1,1
35015,simibər,1,1
35016,siminbədən,1,1
35017,siminbər,1,1
35018,siminbərə,1,1
35019,siminin,1,1
35020,simintən,1,1
35021,simləri,1,1
35022,simlərin,1,1
35023,simlərinin,1,1
35024,simu,1,1
35025,simurq,1,1
35026,simurği,1,1
35027,simurğə,1,1
35028,simurğəm,1,1
35029,simürğünə,1,1
35030,simüzǝrǝ,1,1
35031,siməndamə,1,1
35032,siməndudü,1,1
35033,simеh,1,1
35034,sinayə,1,1
35035,sindani,1,1
35036,sinib,1,1
35037,sinində,1,1
35038,sinisin,1,1
35039,siniyə,1,1
35040,sinməz,1,1
35041,sinndə,1,1
35042,sinnim,1,1
35043,sinǝmdǝ,1,1
35044,sinək,1,1
35045,sinələrə,1,1
35046,sinəmdi,1,1
35047,sinəmdədi,1,1
35048,sinəndən,1,1
35049,sinənin,1,1
35050,sinəsindən,1,1
35051,sinəyə,1,1
35052,sinеyi,1,1
35053,sipah,1,1
35054,sipahim,1,1
35055,sipahı,1,1
35056,sipehrdən,1,1
35057,sipəhdan,1,1
35058,sipəhivü,1,1
35059,sipənc,1,1
35060,sipənd,1,1
35061,sipərdir,1,1
35062,sipəri,1,1
35063,siraba,1,1
35064,sirabi,1,1
35065,sirabı,1,1
35066,sirabın,1,1
35067,sirabə,1,1
35068,sirati,1,1
35069,siratül,1,1
35070,siratın,1,1
35071,siratǝlmüstǝqim,1,1
35072,siratəlmüstəqiminən,1,1
35073,sirdaşınız,1,1
35074,sirinə,1,1
35075,sirişkilə,1,1
35076,sirişkin,1,1
35077,sirkəyə,1,1
35078,sirli,1,1
35079,sirlərimi,1,1
35080,sirqətə,1,1
35081,sirrine,1,1
35082,sirrinǝ,1,1
35083,sirriyəm,1,1
35084,sirrləri,1,1
35085,sirrullah,1,1
35086,sirrü,1,1
35087,sirrǝ,1,1
35088,sirrə,1,1
35089,sirrəmü,1,1
35090,sirəti,1,1
35091,sirətim,1,1
35092,sistematik,1,1
35093,sistemi,1,1
35094,sitan,1,1
35095,sitarǝ,1,1
35096,sitarədir,1,1
35097,sitatlarla,1,1
35098,sitayişin,1,1
35099,sitəbr,1,1
35100,sitəbri,1,1
35101,sitəmində,1,1
35102,sitəmkar,1,1
35103,sitəmkarsan,1,1
35104,sitəmkarə,1,1
35105,sitəmkər,1,1
35106,sitəmzədə,1,1
35107,siva,1,1
35108,sivilizasiyaların,1,1
35109,siyadən,1,1
35110,siyahm,1,1
35111,siyahısını,1,1
35112,siyasətə,1,1
35113,siyi,1,1
35114,siyrətim,1,1
35115,siyǝh,1,1
35116,siyəhdil,1,1
35117,siyəhdir,1,1
35118,siyəhfam,1,1
35119,siyəhkarı,1,1
35120,siyət,1,1
35121,sizdә,1,1
35122,sizdәdir,1,1
35123,sizinkilərlə,1,1
35124,sizinlə,1,1
35125,sizinçün,1,1
35126,sizlə,1,1
35127,sizlərdə,1,1
35128,sizləri,1,1
35129,sizlərin,1,1
35130,sizә,1,1
35131,siçanları,1,1
35132,siçanların,1,1
35133,siğədən,1,1
35134,siğəni,1,1
35135,skəndərdən,1,1
35136,skəndərin,1,1
35137,skəndərsifət,1,1
35138,slamam,1,1
35139,slamiyyət,1,1
35140,slamü,1,1
35141,slanmışı,1,1
35142,smail,1,1
35143,smailə,1,1
35144,smayil,1,1
35145,smayılnan,1,1
35146,smi,1,1
35147,sminin,1,1
35148,sməti,1,1
35149,sna,1,1
35150,so,1,1
35151,sobatım,1,1
35152,solacaqdı,1,1
35153,solaxay,1,1
35154,solaxqəyə,1,1
35155,solaxqəyəm,1,1
35156,solda,1,1
35157,soldan,1,1
35158,soldurmuşdur,1,1
35159,solmaqdan,1,1
35160,solmasın,1,1
35161,solmaz,1,1
35162,solmağa,1,1
35163,solsa,1,1
35164,soltandı,1,1
35165,soltani,1,1
35166,soltanlığa,1,1
35167,soltanı,1,1
35168,soltanın,1,1
35169,solumda,1,1
35170,soluva,1,1
35171,soləlli,1,1
35172,sonadan,1,1
35173,sonam,1,1
35174,sonasan,1,1
35175,sonasına,1,1
35176,sonasından,1,1
35177,sonda,1,1
35178,soni,1,1
35179,sonlarına,1,1
35180,sonrası,1,1
35181,sonsiz,1,1
35182,sonsuzdur,1,1
35183,sonunda,1,1
35184,soram,1,1
35185,soraqan,1,1
35186,sorardı,1,1
35187,sorarsa,1,1
35188,sorağında,1,1
35189,sorağından,1,1
35190,sorağındayam,1,1
35191,sordumsa,1,1
35192,sormadın,1,1
35193,sormaq,1,1
35194,sormaya,1,1
35195,sormazsan,1,1
35196,sormağa,1,1
35197,sormağə,1,1
35198,sorsa,1,1
35199,sorsan,1,1
35200,sorsun,1,1
35201,sorulan,1,1
35202,sorulmaz,1,1
35203,sorulsa,1,1
35204,soruşa,1,1
35205,soruşmadan,1,1
35206,soruşmadın,1,1
35207,soruşmamış,1,1
35208,soruşmamışam,1,1
35209,soruşmur,1,1
35210,soruşmuşdu,1,1
35211,soruşsan,1,1
35212,soruşub,1,1
35213,soruşudu,1,1
35214,soruşum,1,1
35215,soruşuram,1,1
35216,soruşurdular,1,1
35217,soruşurdusa,1,1
35218,sorx,1,1
35219,sovanq,1,1
35220,sovb,1,1
35221,sovetdədi,1,1
35222,sovlətin,1,1
35223,sovm,1,1
35224,sovmü,1,1
35225,sovməə,1,1
35226,sovruldu,1,1
35227,sovrulur,1,1
35228,sovt,1,1
35229,sovеtdədi,1,1
35230,soxar,1,1
35231,soxuldu,1,1
35232,soy,1,1
35233,soyan,1,1
35234,soyanda,1,1
35235,soyanlardan,1,1
35236,soyarkən,1,1
35237,soydaşlarımız,1,1
35238,soydurdu,1,1
35239,soylunun,1,1
35240,soymaqdır,1,1
35241,soymağa,1,1
35242,soysunlar,1,1
35243,soyublar,1,1
35244,soyulan,1,1
35245,soyumağa,1,1
35246,soyundu,1,1
35247,soyunduruf,1,1
35248,soyunmamışdı,1,1
35249,soyunsun,1,1
35250,soyurdu,1,1
35251,soyursan,1,1
35252,soyuyub,1,1
35253,soyuyur,1,1
35254,soyğunçuluğu,1,1
35255,sozü,1,1
35256,soğantək,1,1
35257,soğar,1,1
35258,stanbulun,1,1
35259,statusu,1,1
35260,sti,1,1
35261,stifa,1,1
35262,stisqalı,1,1
35263,strajnikinə,1,1
35264,stǝr,1,1
35265,stədilər,1,1
35266,stədiyi,1,1
35267,stəmir,1,1
35268,stəmirəm,1,1
35269,stəmədim,1,1
35270,stəmədiyim,1,1
35271,stəməsən,1,1
35272,stərdim,1,1
35273,stəsə,1,1
35274,stəsəm,1,1
35275,stəyim,1,1
35276,stəyin,1,1
35277,stəyir,1,1
35278,stəyirdim,1,1
35279,stəyirsiniz,1,1
35280,stəyirsiz,1,1
35281,stəyirəm,1,1
35282,stəyən,1,1
35283,stəyənlər,1,1
35284,sualindən,1,1
35285,sualinǝ,1,1
35286,suallar,1,1
35287,suallarına,1,1
35288,sualındı,1,1
35289,subabı,1,1
35290,subhədən,1,1
35291,sudansız,1,1
35292,sudi,1,1
35293,sudini,1,1
35294,sudursa,1,1
35295,sudyada,1,1
35296,sudü,1,1
35297,sudən,1,1
35298,sufatı,1,1
35299,sufidir,1,1
35300,sufidən,1,1
35301,sufilik,1,1
35302,sufimidir,1,1
35303,sufinin,1,1
35304,sufivü,1,1
35305,sufiyəm,1,1
35306,sufə,1,1
35307,suhani,1,1
35308,sui,1,1
35309,sukkani,1,1
35310,suların,1,1
35311,suleymanın,1,1
35312,sultandı,1,1
35313,sultaninə,1,1
35314,sultanlara,1,1
35315,sultanların,1,1
35316,sultanlıq,1,1
35317,sultanlığm,1,1
35318,sultanlığım,1,1
35319,sultanov,1,1
35320,sultanpəsənd,1,1
35321,sultanıdır,1,1
35322,sultanımız,1,1
35323,sultanına,1,1
35324,sultanını,1,1
35325,sultanǝ,1,1
35326,suludin,1,1
35327,sumqayıt,1,1
35328,sunarlar,1,1
35329,sunbülün,1,1
35330,sundum,1,1
35331,sunub,1,1
35332,sunun,1,1
35333,sura,1,1
35334,surahi,1,1
35335,surba,1,1
35336,suri,1,1
35337,surtək,1,1
35338,surumu,1,1
35339,surü,1,1
35340,surǝt,1,1
35341,surǝtinǝ,1,1
35342,surədir,1,1
35343,surətaray,1,1
35344,surətbazimə,1,1
35345,surətdir,1,1
35346,surətgər,1,1
35347,surətidir,1,1
35348,surətimdən,1,1
35349,surətindir,1,1
35350,surətlə,1,1
35351,surətxanənin,1,1
35352,susamaya,1,1
35353,susamaz,1,1
35354,susamışam,1,1
35355,susandı,1,1
35356,susayarmı,1,1
35357,susdu,1,1
35358,susdura,1,1
35359,susdurar,1,1
35360,susmuş,1,1
35361,susuzam,1,1
35362,susyuyub,1,1
35363,susənlərə,1,1
35364,sututası,1,1
35365,suvab,1,1
35366,suval,1,1
35367,suvala,1,1
35368,suvansın,1,1
35369,suvarırmış,1,1
35370,suvağı,1,1
35371,suvlu,1,1
35372,suxtə,1,1
35373,suyi,1,1
35374,suyilǝn,1,1
35375,suymuş,1,1
35376,suyumu,1,1
35377,suyunda,1,1
35378,suyǝ,1,1
35379,suyə,1,1
35380,suzana,1,1
35381,suzanü,1,1
35382,suzanı,1,1
35383,suzanım,1,1
35384,suzim,1,1
35385,suzindǝn,1,1
35386,suzənü,1,1
35387,suçu,1,1
35388,suçundan,1,1
35389,suçəkənim,1,1
35390,söhban,1,1
35391,söhbana,1,1
35392,söhbǝt,1,1
35393,söhbətdir,1,1
35394,söhbətidi,1,1
35395,söhbətimizi,1,1
35396,söhbətini,1,1
35397,söhbətlə,1,1
35398,söhbətəm,1,1
35399,söhvə,1,1
35400,söksün,1,1
35401,sökülmüş,1,1
35402,söküləndə,1,1
35403,sökən,1,1
35404,sölə,1,1
35405,söndümə,1,1
35406,söndür,1,1
35407,söndürdü,1,1
35408,söndürmə,1,1
35409,söndürsə,1,1
35410,söndürən,1,1
35411,söndürərdi,1,1
35412,sönsə,1,1
35413,sönsəm,1,1
35414,sönüb,1,1
35415,sönər,1,1
35416,sövdalər,1,1
35417,sövdan,1,1
35418,sövdanı,1,1
35419,sövdasilə,1,1
35420,sövdasın,1,1
35421,sövdəgər,1,1
35422,sövdəgəri,1,1
35423,sövdələşək,1,1
35424,sövgəndinə,1,1
35425,sövgəndlər,1,1
35426,sövlət,1,1
35427,sövlətdə,1,1
35428,sövqat,1,1
35429,sövqə,1,1
35430,sövt,1,1
35431,sövtilə,1,1
35432,sövtün,1,1
35433,söykənsin,1,1
35434,söykənən,1,1
35435,söykənərək,1,1
35436,söykəyib,1,1
35437,söylüyər,1,1
35438,söylǝ,1,1
35439,söylǝdir,1,1
35440,söylǝgil,1,1
35441,söylǝmǝk,1,1
35442,söylǝn,1,1
35443,söylǝr,1,1
35444,söylǝyǝnlǝr,1,1
35445,söylədiklərini,1,1
35446,söylədiyim,1,1
35447,söyləgil,1,1
35448,söyləgilən,1,1
35449,söyləginən,1,1
35450,söyləgən,1,1
35451,söyləmədim,1,1
35452,söyləmək,1,1
35453,söyləməsən,1,1
35454,söyləməyirsən,1,1
35455,söyləməz,1,1
35456,söyləndiyi,1,1
35457,söylənsin,1,1
35458,söylənə,1,1
35459,söylərdim,1,1
35460,söylərsəm,1,1
35461,söyləsin,1,1
35462,söyləsinlər,1,1
35463,söyləsələr,1,1
35464,söyləsəm,1,1
35465,söyləyin,1,1
35466,söyləyəcək,1,1
35467,söyləyəm,1,1
35468,söyləyənin,1,1
35469,söyləyərəm,1,1
35470,söyləyəydim,1,1
35471,söyləşir,1,1
35472,söyləşməyə,1,1
35473,söyləşə,1,1
35474,söyləşən,1,1
35475,söymürəm,1,1
35476,söymüşəm,1,1
35477,söymək,1,1
35478,söysə,1,1
35479,söysən,1,1
35480,söyüddü,1,1
35481,söyüddən,1,1
35482,söyüdlükdə,1,1
35483,söyüdlüyə,1,1
35484,söyüdtək,1,1
35485,söyüdündən,1,1
35486,söyünbulaqlı,1,1
35487,söyündü,1,1
35488,söyünqulaqlı,1,1
35489,söyünqulaqlıdan,1,1
35490,söyünqulağalı,1,1
35491,söyünqulağalıya,1,1
35492,söyür,1,1
35493,söyürəm,1,1
35494,söyütdən,1,1
35495,söyütlər,1,1
35496,söyüşlə,1,1
35497,söyüşü,1,1
35498,söyüşüb,1,1
35499,söyənlər,1,1
35500,söyəsən,1,1
35501,sözbazlığın,1,1
35502,sözbir,1,1
35503,sözdü,1,1
35504,sözdər,1,1
35505,sözdərdi,1,1
35506,sözdərin,1,1
35507,sözdərini,1,1
35508,sözdərinnən,1,1
35509,sözdərə,1,1
35510,sözilə,1,1
35511,sözlüm,1,1
35512,sözlǝri,1,1
35513,sözlərdir,1,1
35514,sözlərimdən,1,1
35515,sözlərimlə,1,1
35516,sözlərindir,1,1
35517,sözlərinin,1,1
35518,sözlərinə,1,1
35519,sözləriylə,1,1
35520,sözlərüvün,1,1
35521,sözlәr,1,1
35522,sözsüzsə,1,1
35523,sözümüz,1,1
35524,sözündür,1,1
35525,sözündəki,1,1
35526,sözünnən,1,1
35527,sözünüzdən,1,1
35528,sözünüzün,1,1
35529,sözüvü,1,1
35530,sözüydü,1,1
35531,sözǝ,1,1
35532,sübhandı,1,1
35533,sübhani,1,1
35534,sübhanim,1,1
35535,sübhaninǝ,1,1
35536,sübhanım,1,1
35537,sübhanımız,1,1
35538,sübhanəhü,1,1
35539,sübhdür,1,1
35540,sübhdə,1,1
35541,sübhlər,1,1
35542,sübhtək,1,1
35543,sübhüdür,1,1
35544,sübhümü,1,1
35545,sübhümüz,1,1
35546,sübhünü,1,1
35547,sübhədən,1,1
35548,sübhətən,1,1
35549,sübuta,1,1
35550,sücamı,1,1
35551,sücudində,1,1
35552,sücudum,1,1
35553,sücudumuz,1,1
35554,südab,1,1
35555,süddəndir,1,1
35556,südur,1,1
35557,südə,1,1
35558,süfatın,1,1
35559,süflidə,1,1
35560,süfranı,1,1
35561,süfrədən,1,1
35562,süfrələrindən,1,1
35563,süfrəm,1,1
35564,süfrəmi,1,1
35565,süfrəmizin,1,1
35566,süfrəmizə,1,1
35567,süfrəmə,1,1
35568,süfrəni,1,1
35569,süfrənə,1,1
35570,süfrəsin,1,1
35571,süfrəsindən,1,1
35572,süfrəsini,1,1
35573,süfrəsinə,1,1
35574,süfrətək,1,1
35575,süfyanü,1,1
35576,süfəha,1,1
35577,süha,1,1
35578,süheyldəndir,1,1
35579,sükanım,1,1
35580,sükuba,1,1
35581,sükun,1,1
35582,sükutdur,1,1
35583,sükür,1,1
35584,sülaleyi,1,1
35585,sülbdən,1,1
35586,sülbəla,1,1
35587,süleyaman,1,1
35588,süleymanam,1,1
35589,süleymantək,1,1
35590,süleymanı,1,1
35591,süleymanımız,1,1
35592,sülh,1,1
35593,sülhü,1,1
35594,sülləm,1,1
35595,sülləmi,1,1
35596,süludin,1,1
35597,süluk,1,1
35598,süluki,1,1
35599,sülukin,1,1
35600,sülukunuzun,1,1
35601,sülеymanı,1,1
35602,sümsük,1,1
35603,sümüklü,1,1
35604,sümüklə,1,1
35605,sümüyü,1,1
35606,sümüyə,1,1
35607,sünbüldür,1,1
35608,sünbüllü,1,1
35609,sünbüllə,1,1
35610,sünbüllər,1,1
35611,sünbülünü,1,1
35612,sünbüləçindir,1,1
35613,sündürük,1,1
35614,sündüsi,1,1
35615,sünilǝ,1,1
35616,sünində,1,1
35617,sünnidə,1,1
35618,sünnətdi,1,1
35619,sünnətdən,1,1
35620,sünnəti,1,1
35621,sünnәt,1,1
35622,sünnәtini,1,1
35623,süpehri,1,1
35624,süpürürdü,1,1
35625,süradiq,1,1
35626,sürahidir,1,1
35627,sürahidǝn,1,1
35628,sürahində,1,1
35629,sürahinin,1,1
35630,sürahiyi,1,1
35631,sürahıdı,1,1
35632,sürbədən,1,1
35633,sürbəniz,1,1
35634,sürgil,1,1
35635,sürgünü,1,1
35636,sürmüş,1,1
35637,sürmǝdir,1,1
35638,sürmədən,1,1
35639,sürmələnibdi,1,1
35640,sürmələnmiş,1,1
35641,sürməni,1,1
35642,sürməsidir,1,1
35643,sürməsini,1,1
35644,sürməyə,1,1
35645,sürsün,1,1
35646,sürsələr,1,1
35647,sürt,1,1
35648,sürtmək,1,1
35649,sürtüm,1,1
35650,sürtür,1,1
35651,sürtərlər,1,1
35652,sürtəydim,1,1
35653,sürud,1,1
35654,sürudin,1,1
35655,sürudinlə,1,1
35656,sürurlər,1,1
35657,sürurü,1,1
35658,sürurə,1,1
35659,sürurən,1,1
35660,sürxim,1,1
35661,sürçər,1,1
35662,sürücüsünün,1,1
35663,sürüdən,1,1
35664,sürüldi,1,1
35665,sürülüb,1,1
35666,süründüm,1,1
35667,sürünün,1,1
35668,sürürük,1,1
35669,sürüsü,1,1
35670,sürüyür,1,1
35671,sürək,1,1
35672,sürərlər,1,1
35673,sürəsiniz,1,1
35674,sürətlə,1,1
35675,sürəyyanı,1,1
35676,sürəyyayi,1,1
35677,süsləndirər,1,1
35678,süslənər,1,1
35679,süslər,1,1
35680,süstdü,1,1
35681,süsəndən,1,1
35682,süsəni,1,1
35683,süsənim,1,1
35684,süsənin,1,1
35685,süsənli,1,1
35686,sütudə,1,1
35687,sütuna,1,1
35688,sütunudu,1,1
35689,sütunə,1,1
35690,süturi,1,1
35691,sütün,1,1
35692,süudumuz,1,1
35693,süxəndanım,1,1
35694,süxəni,1,1
35695,süxənin,1,1
35696,süxənindən,1,1
35697,süxənlər,1,1
35698,süxənvər,1,1
35699,süxənə,1,1
35700,süzdü,1,1
35701,süzdürmə,1,1
35702,süzdürüb,1,1
35703,süzgünlənir,1,1
35704,süzməkdə,1,1
35705,süzüldü,1,1
35706,süzülməyə,1,1
35707,süzülüb,1,1
35708,süzülür,1,1
35709,süzüləndə,1,1
35710,süzərsən,1,1
35711,sı,1,1
35712,sıfır,1,1
35713,sınamışam,1,1
35714,sınanar,1,1
35715,sınanda,1,1
35716,sınaqdan,1,1
35717,sınaqlardan,1,1
35718,sınarmı,1,1
35719,sınayar,1,1
35720,sındıma,1,1
35721,sındıra,1,1
35722,sındırdım,1,1
35723,sındırmaq,1,1
35724,sındırmazam,1,1
35725,sındırmağı,1,1
35726,sındırsın,1,1
35727,sındırıb,1,1
35728,sındırır,1,1
35729,sınmadan,1,1
35730,sınmağıdı,1,1
35731,sınsa,1,1
35732,sınsaydı,1,1
35733,sınsın,1,1
35734,sının,1,1
35735,sınıqçıdır,1,1
35736,sınıxdır,1,1
35737,sırada,1,1
35738,sırasında,1,1
35739,sırğadır,1,1
35740,sırğalı,1,1
35741,sırğaya,1,1
35742,sırıq,1,1
35743,sıx,1,1
35744,sıxa,1,1
35745,sıxan,1,1
35746,sıxar,1,1
35747,sıxarsa,1,1
35748,sıxmazdı,1,1
35749,sıxılaraq,1,1
35750,sıxıldı,1,1
35751,sıyla,1,1
35752,sıyırıb,1,1
35753,sızlamaq,1,1
35754,sızılda,1,1
35755,sızıldar,1,1
35756,sızıldaram,1,1
35757,sızıldatma,1,1
35758,sızıldaşır,1,1
35759,sıçradı,1,1
35760,sıçradıb,1,1
35761,sıçrar,1,1
35762,sıçrayıb,1,1
35763,sıçrayıban,1,1
35764,sığalladı,1,1
35765,sığallı,1,1
35766,sığar,1,1
35767,sığmaram,1,1
35768,sığmayan,1,1
35769,sığmayırıq,1,1
35770,sığnaq,1,1
35771,sığın,1,1
35772,sığındım,1,1
35773,sığınmaz,1,1
35774,sığınsınlar,1,1
35775,sığırçına,1,1
35776,sığırçındı,1,1
35777,sığışası,1,1
35778,sığışdırmaz,1,1
35779,sıхıldım,1,1
35780,sǝba,1,1
35781,sǝbzxǝt,1,1
35782,sǝcdeyi,1,1
35783,sǝcdǝ,1,1
35784,sǝdhǝzaran,1,1
35785,sǝdparǝlǝr,1,1
35786,sǝdǝf,1,1
35787,sǝdǝflǝr,1,1
35788,sǝdǝm,1,1
35789,sǝfamız,1,1
35790,sǝfası,1,1
35791,sǝfayǝ,1,1
35792,sǝfhǝsindǝ,1,1
35793,sǝhbadǝn,1,1
35794,sǝhi,1,1
35795,sǝhmi,1,1
35796,sǝhni,1,1
35797,sǝhrada,1,1
35798,sǝhrayǝ,1,1
35799,sǝhǝnd,1,1
35800,sǝhǝr,1,1
35801,sǝhǝri,1,1
35802,sǝkiz,1,1
35803,sǝkkiz,1,1
35804,sǝlsǝbil,1,1
35805,sǝltǝnǝt,1,1
35806,sǝmavǝt,1,1
35807,sǝna,1,1
35808,sǝnan,1,1
35809,sǝnası,1,1
35810,sǝncǝliyǝn,1,1
35811,sǝndǝ,1,1
35812,sǝnǝ,1,1
35813,sǝnǝmin,1,1
35814,sǝr,1,1
35815,sǝrasǝr,1,1
35816,sǝrdarım,1,1
35817,sǝrgǝrdanlığın,1,1
35818,sǝrkǝştǝvü,1,1
35819,sǝrkǝştǝyǝm,1,1
35820,sǝrma,1,1
35821,sǝrmǝstdür,1,1
35822,sǝrsǝridir,1,1
35823,sǝrv,1,1
35824,sǝrvqamǝtü,1,1
35825,sǝrvǝr,1,1
35826,sǝrvǝridir,1,1
35827,sǝrxoş,1,1
35828,sǝrxoşi,1,1
35829,sǝttarına,1,1
35830,sǝvadi,1,1
35831,sǝvar,1,1
35832,sǝyyadı,1,1
35833,səadətdü,1,1
35834,səadətdə,1,1
35835,səadətim,1,1
35836,səadətlə,1,1
35837,səadətə,1,1
35838,səbab,1,1
35839,səbadəndir,1,1
35840,səbahə,1,1
35841,səbahədək,1,1
35842,səbamı,1,1
35843,səbati,1,1
35844,səbayə,1,1
35845,səbbağ,1,1
35846,səbi,1,1
35847,səbil,1,1
35848,səbirli,1,1
35849,səbirsizliklə,1,1
35850,səbni,1,1
35851,səbrdə,1,1
35852,səbrimiz,1,1
35853,səbrin,1,1
35854,səbrə,1,1
35855,səbuhi,1,1
35856,səbur,1,1
35857,səbz,1,1
35858,səbzi,1,1
35859,səbzinsiz,1,1
35860,səbzpuş,1,1
35861,səbzpuşü,1,1
35862,səbzəcə,1,1
35863,səbzədə,1,1
35864,səbzəli,1,1
35865,səbzəmeydani,1,1
35866,səbzəni,1,1
35867,səbzəsi,1,1
35868,səbzəyi,1,1
35869,səbzəyə,1,1
35870,səbzəzarım,1,1
35871,səbəblərdən,1,1
35872,səbəblərə,1,1
35873,səbəbsiz,1,1
35874,səbədir,1,1
35875,səbəlan,1,1
35876,səbətin,1,1
35877,səccadə,1,1
35878,səccadəsinin,1,1
35879,səccadəyəm,1,1
35880,səcdədir,1,1
35881,səcdədən,1,1
35882,səcdəgah,1,1
35883,səcdəgahim,1,1
35884,səcdəgahım,1,1
35885,səcdəsinə,1,1
35886,səcdəyi,1,1
35887,sədadi,1,1
35888,sədairlr,1,1
35889,sədan,1,1
35890,sədaqətdə,1,1
35891,sədaqətdən,1,1
35892,sədaqəti,1,1
35893,sədaqətimlə,1,1
35894,sədasin,1,1
35895,sədasından,1,1
35896,sədavü,1,1
35897,səddin,1,1
35898,səddəqna,1,1
35899,sədhəzaran,1,1
35900,sədi,1,1
35901,sədiyi,1,1
35902,sədmeyi,1,1
35903,sədpara,1,1
35904,sədparəmi,1,1
35905,sədparəni,1,1
35906,sədqəsi,1,1
35907,sədradən,1,1
35908,sədrim,1,1
35909,sədrinin,1,1
35910,sədrsən,1,1
35911,sədrü,1,1
35912,sədsalə,1,1
35913,sədə,1,1
35914,sədəfdən,1,1
35915,sədəfin,1,1
35916,sədəflə,1,1
35917,sədəflər,1,1
35918,sədət,1,1
35919,səfabəxşi,1,1
35920,səfadı,1,1
35921,səfadır,1,1
35922,səfadə,1,1
35923,səfadən,1,1
35924,səfadəndir,1,1
35925,səfahətin,1,1
35926,səfalının,1,1
35927,səfalər,1,1
35928,səfanı,1,1
35929,səfarayi,1,1
35930,səfasinə,1,1
35931,səfasın,1,1
35932,səfasız,1,1
35933,səfasızdır,1,1
35934,səfbəsəf,1,1
35935,səfdər,1,1
35936,səffi,1,1
35937,səfhədən,1,1
35938,səfhəsində,1,1
35939,səfhеyi,1,1
35940,səfidü,1,1
35941,səfilü,1,1
35942,səfində,1,1
35943,səfini,1,1
35944,səfiri,1,1
35945,səflərdə,1,1
35946,səfnizi,1,1
35947,səfra,1,1
35948,səfrada,1,1
35949,səfrasını,1,1
35950,səfrayi,1,1
35951,səfrayə,1,1
35952,səfşikənə,1,1
35953,səfərbər,1,1
35954,səfərdir,1,1
35955,səfəri,1,1
35956,səfərində,1,1
35957,səfəriniz,1,1
35958,səfərə,1,1
35959,səfərəli,1,1
35960,səfəvi,1,1
35961,səfəviliyi,1,1
35962,səfəvilər,1,1
35963,səgi,1,1
35964,səgil,1,1
35965,səh,1,1
35966,səhavət,1,1
35967,səhbadən,1,1
35968,səhbanı,1,1
35969,səhfə,1,1
35970,səhhət,1,1
35971,səhhətim,1,1
35972,səhifədi,1,1
35973,səhihbədən,1,1
35974,səhihdi,1,1
35975,səhiqəd,1,1
35976,səhisərvi,1,1
35977,səhl,1,1
35978,səhlan,1,1
35979,səhman,1,1
35980,səhmani,1,1
35981,səhmi,1,1
35982,səhnəbanıdaydı,1,1
35983,səhnəbanısız,1,1
35984,səhnəbanıynan,1,1
35985,səhradə,1,1
35986,səhradən,1,1
35987,səhralarının,1,1
35988,səhralər,1,1
35989,səhraləri,1,1
35990,səhrani,1,1
35991,səhranişin,1,1
35992,səhranın,1,1
35993,səhranəvərd,1,1
35994,səhrası,1,1
35995,səhri,1,1
35996,səhvi,1,1
35997,səhvimi,1,1
35998,səhvin,1,1
35999,səhvinə,1,1
36000,səhvkarın,1,1
36001,səhvü,1,1
36002,səhərdir,1,1
36003,səhərgah,1,1
36004,səhərim,1,1
36005,səhərimdən,1,1
36006,səhərimsən,1,1
36007,səhərisi,1,1
36008,səhərlərdə,1,1
36009,səhərədək,1,1
36010,səkinədən,1,1
36011,səkkizdən,1,1
36012,səkkizin,1,1
36013,səkkizinci,1,1
36014,səkkizini,1,1
36015,səkkizliyi,1,1
36016,səkməz,1,1
36017,səkneyi,1,1
36018,səksəndirdi,1,1
36019,səksəni,1,1
36020,səksənib,1,1
36021,səladır,1,1
36022,səlahi,1,1
36023,səlahü,1,1
36024,səlami,1,1
36025,səlamətdi,1,1
36026,səlaməti,1,1
36027,səlamətin,1,1
36028,səlasildən,1,1
36029,səlasili,1,1
36030,səlasəyə,1,1
36031,səlatdan,1,1
36032,səlatini,1,1
36033,səlatım,1,1
36034,səlatın,1,1
36035,səlayi,1,1
36036,səlcuqilər,1,1
36037,səlcuqu,1,1
36038,səlib,1,1
36039,səlibi,1,1
36040,səlibim,1,1
36041,səliqə,1,1
36042,səliqəli,1,1
36043,səliqəsahmana,1,1
36044,səliqəyə,1,1
36045,səllü,1,1
36046,səlləmü,1,1
36047,səlmaninə,1,1
36048,səlsəbili,1,1
36049,səlsəbilindən,1,1
36050,səlsəbilü,1,1
36051,səlsəl,1,1
36052,səlsəli,1,1
36053,səltənətdir,1,1
36054,səltənətdən,1,1
36055,sələfilər,1,1
36056,sələflə,1,1
36057,sələm,1,1
36058,sələminən,1,1
36059,sələvat,1,1
36060,səmada,1,1
36061,səmadan,1,1
36062,səmadandır,1,1
36063,səmanı,1,1
36064,səmasında,1,1
36065,səmatək,1,1
36066,səmavati,1,1
36067,səmavatə,1,1
36068,səmimiyyət,1,1
36069,səmimə,1,1
36070,səmini,1,1
36071,səmmi,1,1
36072,səmmur,1,1
36073,səmtə,1,1
36074,səmumu,1,1
36075,səmədi,1,1
36076,səmədə,1,1
36077,səmənbar,1,1
36078,səmənbuyim,1,1
36079,səmənbər,1,1
36080,səmənbərlinin,1,1
36081,səməndin,1,1
36082,səməndine,1,1
36083,səməndinə,1,1
36084,səməndər,1,1
36085,səməndərə,1,1
36086,səmənlər,1,1
36087,səmənrüxsarlər,1,1
36088,səmənsa,1,1
36089,səmərqəndlə,1,1
36090,səmərsizdir,1,1
36091,sənadan,1,1
36092,sənai,1,1
36093,sənainin,1,1
36094,sənana,1,1
36095,sənayi,1,1
36096,səncani,1,1
36097,səncarı,1,1
36098,səncər,1,1
36099,sənduqinə,1,1
36100,səndəki,1,1
36101,səndəl,1,1
36102,səndəndir,1,1
36103,səndəsə,1,1
36104,səne,1,1
36105,səngbaran,1,1
36106,səngdil,1,1
36107,səngdildir,1,1
36108,səngdillər,1,1
36109,səngdillərdir,1,1
36110,səngidi,1,1
36111,səngimişdi,1,1
36112,səngindil,1,1
36113,səngisə,1,1
36114,səngsar,1,1
36115,səngsari,1,1
36116,səngzənan,1,1
36117,səngərli,1,1
36118,səninki,1,1
36119,səninkidir,1,1
36120,sənisən,1,1
36121,sənki,1,1
36122,sənsəni,1,1
36123,sənubərqədli,1,1
36124,sənın,1,1
36125,sənədir,1,1
36126,sənədə,1,1
36127,sənəmlərdən,1,1
36128,sənətdir,1,1
36129,sənətimin,1,1
36130,sənətində,1,1
36131,sənətini,1,1
36132,sənətkara,1,1
36133,sənəyini,1,1
36134,səp,1,1
36135,səpdim,1,1
36136,səpibdir,1,1
36137,səpiblər,1,1
36138,səpilibən,1,1
36139,səpki,1,1
36140,səpmiş,1,1
36141,səpmişdin,1,1
36142,səpmə,1,1
36143,səpsə,1,1
36144,səpə,1,1
36145,səpələrsə,1,1
36146,səq,1,1
36147,səqala,1,1
36148,səqalı,1,1
36149,səqfindən,1,1
36150,səqfü,1,1
36151,səqfı,1,1
36152,səqqa,1,1
36153,səqqalə,1,1
36154,səraba,1,1
36155,səradən,1,1
36156,sərak,1,1
36157,sərasimə,1,1
36158,sərasiməvü,1,1
36159,səratan,1,1
36160,sərayi,1,1
36161,sərayinə,1,1
36162,sərbazəm,1,1
36163,sərbürəhnə,1,1
36164,sərbəst,1,1
36165,sərd,1,1
36166,sərdan,1,1
36167,sərdaridir,1,1
36168,sərdarım,1,1
36169,sərdarına,1,1
36170,sərdarə,1,1
36171,sərddir,1,1
36172,sərdi,1,1
36173,sərdü,1,1
36174,sərdəftəri,1,1
36175,sərdəftəriymiş,1,1
36176,sərfraz,1,1
36177,sərfü,1,1
36178,sərfərazim,1,1
36179,sərgandar,1,1
36180,sərgeştə,1,1
36181,sərgüzəştə,1,1
36182,sərgəndar,1,1
36183,sərgərdani,1,1
36184,sərgərdaninəm,1,1
36185,sərgərdanlar,1,1
36186,sərgərdanlığm,1,1
36187,sərgərdanlığım,1,1
36188,sərgərdanlığın,1,1
36189,sərgərdanı,1,1
36190,sərgərdən,1,1
36191,sərgərmiyəm,1,1
36192,sərgəştədir,1,1
36193,sərgəştəliyim,1,1
36194,sərgəştəliyin,1,1
36195,sərgəştəsiyəm,1,1
36196,sərgəştəyi,1,1
36197,sərgəştəyəm,1,1
36198,sərhədi,1,1
36199,sərhəng,1,1
36200,sərhəngi,1,1
36201,sərib,1,1
36202,sərimdəki,1,1
36203,sərimə,1,1
36204,sərində,1,1
36205,sərini,1,1
36206,sərinində,1,1
36207,sərinlətməyir,1,1
36208,sərir,1,1
36209,səririm,1,1
36210,sərkiran,1,1
36211,sərkisi,1,1
36212,sərkər,1,1
36213,sərkərda,1,1
36214,sərkərdən,1,1
36215,sərkərdənin,1,1
36216,sərkəşim,1,1
36217,sərkəşlik,1,1
36218,sərkəşliyimin,1,1
36219,sərkəşü,1,1
36220,sərlövhi,1,1
36221,sərlövhəyi,1,1
36222,sərma,1,1
36223,sərmayəm,1,1
36224,sərmayəsi,1,1
36225,sərmişdin,1,1
36226,sərmənzil,1,1
36227,sərmənzili,1,1
36228,sərmənzilində,1,1
36229,sərməstan,1,1
36230,sərməsti,1,1
36231,sərməstin,1,1
36232,sərməstliyindən,1,1
36233,sərməstü,1,1
36234,sərməşqdir,1,1
36235,sərməşqi,1,1
36236,sərnamədir,1,1
36237,sərpər,1,1
36238,sərqətərlər,1,1
36239,sərrafi,1,1
36240,sərrafları,1,1
36241,sərrafısan,1,1
36242,sərrafıyam,1,1
36243,sərrast,1,1
36244,sərriştəni,1,1
36245,sərriştəsi,1,1
36246,sərsaq,1,1
36247,sərsüfreyi,1,1
36248,sərsəbz,1,1
36249,sərsəbzü,1,1
36250,sərsəm,1,1
36251,sərsərilik,1,1
36252,sərsərisən,1,1
36253,sərtacım,1,1
36254,sərtanı,1,1
36255,sərtasər,1,1
36256,sərtasəri,1,1
36257,sərvdir,1,1
36258,sərvidir,1,1
36259,sərvqamət,1,1
36260,sərvqaməti,1,1
36261,sərvqamətlər,1,1
36262,sərvqamətlərə,1,1
36263,sərvqəddin,1,1
36264,sərvqədin,1,1
36265,sərvvəş,1,1
36266,sərvən,1,1
36267,sərvəra,1,1
36268,sərvərdir,1,1
36269,sərvərin,1,1
36270,sərvərisən,1,1
36271,sərvərlik,1,1
36272,sərvətdir,1,1
36273,sərvətin,1,1
36274,sərvətinə,1,1
36275,sərvətü,1,1
36276,sərxeyli,1,1
36277,sərxoşa,1,1
36278,sərxoşdur,1,1
36279,sərxoşü,1,1
36280,sərxəti,1,1
36281,səryanilər,1,1
36282,sərzəmini,1,1
36283,sərzəniş,1,1
36284,sərçeşmələr,1,1
36285,sərçeşməsi,1,1
36286,sərçeşməsindən,1,1
36287,sərçə,1,1
36288,sərçətək,1,1
36289,sərəfraza,1,1
36290,sərəfrazı,1,1
36291,sərəfrazım,1,1
36292,sərəncam,1,1
36293,sərəncami,1,1
36294,sərəncamın,1,1
36295,sərəndazın,1,1
36296,sərхоşluğa,1,1
36297,səsdi,1,1
36298,səsdə,1,1
36299,səsdən,1,1
36300,səsdəydi,1,1
36301,səsiniz,1,1
36302,səsli,1,1
36303,səsləndirənlər,1,1
36304,səslənib,1,1
36305,səslənirlər,1,1
36306,səslənmir,1,1
36307,səslənər,1,1
36308,səthində,1,1
36309,sətirdi,1,1
36310,sətr,1,1
36311,sətri,1,1
36312,sətridir,1,1
36313,sətrlər,1,1
36314,sətrləşdi,1,1
36315,səttara,1,1
36316,səudiyyə,1,1
36317,səva,1,1
36318,səvad,1,1
36319,səvadinə,1,1
36320,səvadın,1,1
36321,səvadına,1,1
36322,səvadından,1,1
36323,səvanı,1,1
36324,səvarə,1,1
36325,səvayı,1,1
36326,səviyyəsinə,1,1
36327,səviyyəyə,1,1
36328,səvsə,1,1
36329,səvvərəkəllahü,1,1
36330,səxadan,1,1
36331,səxalər,1,1
36332,səxavətdi,1,1
36333,səxavətini,1,1
36334,səxavətlə,1,1
36335,səxavətmi,1,1
36336,səxavətə,1,1
36337,səxinin,1,1
36338,səxtinə,1,1
36339,səyadətü,1,1
36340,səyahətdir,1,1
36341,səyahətə,1,1
36342,səyaqi,1,1
36343,səyavuşu,1,1
36344,səyağı,1,1
36345,səyim,1,1
36346,səyin,1,1
36347,səyinin,1,1
36348,səylik,1,1
36349,səyrəngahı,1,1
36350,səyyadlar,1,1
36351,səyyadı,1,1
36352,səyyadın,1,1
36353,səyyah,1,1
36354,səyyahi,1,1
36355,səyyahı,1,1
36356,səyyara,1,1
36357,səyyarələr,1,1
36358,səyyarələrin,1,1
36359,səyyid,1,1
36360,səyü,1,1
36361,səği,1,1
36362,səğər,1,1
36363,səğərdən,1,1
36364,səşənbə,1,1
36365,səһradə,1,1
36366,sе,1,1
36367,sеgaha,1,1
36368,sеhrindən,1,1
36369,sеldən,1,1
36370,sеrbiya,1,1
36371,sеvdada,1,1
36372,sеvdadan,1,1
36373,sеvdadır,1,1
36374,sеvdalarından,1,1
36375,sеvdalının,1,1
36376,sеvdalənir,1,1
36377,sеvdasinə,1,1
36378,sеvdası,1,1
36379,sеvdasına,1,1
36380,sеvdayi,1,1
36381,sеvdayə,1,1
36382,sеvdiyim,1,1
36383,sеvdiyimdir,1,1
36384,sеvdiyin,1,1
36385,sеvgilini,1,1
36386,sеvincək,1,1
36387,sеvinirdi,1,1
36388,sеvinəsеvinə,1,1
36389,sеvir,1,1
36390,sеvməm,1,1
36391,sеvər,1,1
36392,sеyd,1,1
36393,sеyid,1,1
36394,sеyiddə,1,1
36395,sеyiddən,1,1
36396,sеyistandan,1,1
36397,sеyrangahıdır,1,1
36398,sеyraqublar,1,1
36399,sеyyidi,1,1
36400,sеyyidinən,1,1
36401,sеçdim,1,1
36402,sеçilər,1,1
36403,sеçmişdim,1,1
36404,sеçmişəm,1,1
36405,sеçmək,1,1
36406,sеçəndə,1,1
36407,sеçənlər,1,1
36408,sеçərdi,1,1
36409,sеçərdin,1,1
36410,sоlğun,1,1
36411,sоn,1,1
36412,sоna,1,1
36413,sоran,1,1
36414,sоvuğun,1,1
36415,sәbaһә,1,1
36416,sәhrayә,1,1
36417,sәma,1,1
36418,sәni,1,1
36419,sәnindi,1,1
36420,sәnə,1,1
36421,sәnә,1,1
36422,sәr,1,1
36423,sәrfә,1,1
36424,sәrvәr,1,1
36425,sәrvәrinә,1,1
36426,taamı,1,1
36427,tabana,1,1
36428,tabandır,1,1
36429,tabani,1,1
36430,tabanınca,1,1
36431,tabanǝ,1,1
36432,tabeü,1,1
36433,tabidarın,1,1
36434,tabidarından,1,1
36435,tabistan,1,1
36436,tabişindən,1,1
36437,tabişini,1,1
36438,tablar,1,1
36439,tabutu,1,1
36440,tabutü,1,1
36441,tabım,1,1
36442,tabından,1,1
36443,tabə,1,1
36444,tabəndə,1,1
36445,tacda,1,1
36446,tacdır,1,1
36447,tacidarım,1,1
36448,tacinə,1,1
36449,taciri,1,1
36450,tacla,1,1
36451,taclardakı,1,1
36452,tacıma,1,1
36453,tacın,1,1
36454,tacında,1,1
36455,tacından,1,1
36456,tacıyla,1,1
36457,tacə,1,1
36458,tacəddin,1,1
36459,tad,1,1
36460,tadiyəm,1,1
36461,tafdın,1,1
36462,tahan,1,1
36463,tahar,1,1
36464,tahir,1,1
36465,tahirsən,1,1
36466,taifədən,1,1
36467,taifəsi,1,1
36468,taifә,1,1
36469,tairi,1,1
36470,taksi,1,1
36471,talandıqda,1,1
36472,talani,1,1
36473,talanmaq,1,1
36474,talayıb,1,1
36475,talaş,1,1
36476,talaşa,1,1
36477,taledir,1,1
36478,talei,1,1
36479,taleim,1,1
36480,talevü,1,1
36481,taleyimin,1,1
36482,taleyimlə,1,1
36483,taleyimə,1,1
36484,talibdi,1,1
36485,talıb,1,1
36486,talıbsan,1,1
36487,talıbı,1,1
36488,talə,1,1
36489,talеvü,1,1
36490,tamahkarlıq,1,1
36491,tamahı,1,1
36492,tamahım,1,1
36493,tamahından,1,1
36494,tamamdısa,1,1
36495,tamamlanır,1,1
36496,tamamlayar,1,1
36497,tamamın,1,1
36498,tamamında,1,1
36499,tamat,1,1
36500,tamatını,1,1
36501,tamaşadı,1,1
36502,tamaşaları,1,1
36503,tamaşanı,1,1
36504,tamaşasinə,1,1
36505,tamaşayı,1,1
36506,tamaşə,1,1
36507,tame,1,1
36508,tamsız,1,1
36509,tamu,1,1
36510,tanası,1,1
36511,tanrım,1,1
36512,tanrımızın,1,1
36513,tanrının,1,1
36514,tanrıvedi,1,1
36515,tanıdanda,1,1
36516,tanıdım,1,1
36517,tanıdınmı,1,1
36518,tanıdır,1,1
36519,tanımadım,1,1
36520,tanımadıqlarını,1,1
36521,tanımamış,1,1
36522,tanımasa,1,1
36523,tanımayan,1,1
36524,tanımayanların,1,1
36525,tanımağa,1,1
36526,tanımışam,1,1
36527,tanımışsan,1,1
36528,tanınandan,1,1
36529,tanındığın,1,1
36530,tanınmısan,1,1
36531,tanıq,1,1
36532,tanıqdür,1,1
36533,tanırsan,1,1
36534,tanısınlar,1,1
36535,tanıtdı,1,1
36536,tanıtdım,1,1
36537,tanıya,1,1
36538,tanıyacaqlar,1,1
36539,tanıyan,1,1
36540,tanıyana,1,1
36541,tanıyandan,1,1
36542,tanıyanlardan,1,1
36543,tanıyannan,1,1
36544,tanıyıb,1,1
36545,tanıyıram,1,1
36546,tanıyırdılar,1,1
36547,tanıyırsanmı,1,1
36548,tanışları,1,1
36549,tanışlarımdan,1,1
36550,tanışların,1,1
36551,tanışmadıq,1,1
36552,tanışın,1,1
36553,tanışının,1,1
36554,tapam,1,1
36555,tapanda,1,1
36556,tapandan,1,1
36557,tapanladı,1,1
36558,tapançanı,1,1
36559,tapançanın,1,1
36560,tapançaya,1,1
36561,tapardı,1,1
36562,tapardım,1,1
36563,tapardıq,1,1
36564,taparsa,1,1
36565,taparıq,1,1
36566,tapasan,1,1
36567,tapdalatdı,1,1
36568,tapdalayan,1,1
36569,tapdanıram,1,1
36570,tapdaq,1,1
36571,tapdınız,1,1
36572,tapdıq,1,1
36573,tapdıqda,1,1
36574,tapmacadır,1,1
36575,tapmanusız,1,1
36576,tapmasa,1,1
36577,tapmasan,1,1
36578,tapmasaq,1,1
36579,tapmayıbsan,1,1
36580,tapmayıram,1,1
36581,tapmazsan,1,1
36582,tapmağıma,1,1
36583,tapmıram,1,1
36584,tapmış,1,1
36585,tapmışdı,1,1
36586,tapsaydı,1,1
36587,tapunda,1,1
36588,tapıcı,1,1
36589,tapıldı,1,1
36590,tapılmadı,1,1
36591,tapılmazdı,1,1
36592,tapılmır,1,1
36593,tapılır,1,1
36594,tapılırdı,1,1
36595,tapırdılar,1,1
36596,tapşır,1,1
36597,tapşıran,1,1
36598,tapşırdum,1,1
36599,tapşırdın,1,1
36600,tapşırdığm,1,1
36601,tapşırma,1,1
36602,tapşırmalı,1,1
36603,tapşırması,1,1
36604,tapşırmasında,1,1
36605,tapşırmağın,1,1
36606,tapşırmışdılar,1,1
36607,tapşırmışıdı,1,1
36608,tapşırır,1,1
36609,tapşırıram,1,1
36610,tapşırırdı,1,1
36611,tapşırığı,1,1
36612,tapşırığım,1,1
36613,taq,1,1
36614,taqin,1,1
36615,taqini,1,1
36616,taqqataq,1,1
36617,taqətin,1,1
36618,taracü,1,1
36619,taracının,1,1
36620,taraz,1,1
36621,tarazıya,1,1
36622,taraşınız,1,1
36623,tardır,1,1
36624,tardə,1,1
36625,tareyi,1,1
36626,tarinǝ,1,1
36627,tarinə,1,1
36628,tarixini,1,1
36629,tarixinin,1,1
36630,tarixinə,1,1
36631,tarixli,1,1
36632,tarixlə,1,1
36633,tarixlərə,1,1
36634,tarixçilərinin,1,1
36635,tarixçiyəm,1,1
36636,tarixşi,1,1
36637,tarixə,1,1
36638,tarlada,1,1
36639,tarsız,1,1
36640,tarümar,1,1
36641,tarım,1,1
36642,tarımar,1,1
36643,tarından,1,1
36644,tarını,1,1
36645,tarıya,1,1
36646,tarə,1,1
36647,tarəsin,1,1
36648,tarəsindən,1,1
36649,tas,1,1
36650,tasbihini,1,1
36651,tasin,1,1
36652,tasinə,1,1
36653,tası,1,1
36654,tasında,1,1
36655,tataos,1,1
36656,tatarı,1,1
36657,tatarını,1,1
36658,tatarǝ,1,1
36659,tatlıdan,1,1
36660,tatoğlu,1,1
36661,taun,1,1
36662,tavadakı,1,1
36663,tavani,1,1
36664,tavanım,1,1
36665,tavarı,1,1
36666,tavusi,1,1
36667,tavusla,1,1
36668,taxanda,1,1
36669,taxaram,1,1
36670,taxdıq,1,1
36671,taxsan,1,1
36672,taxtanı,1,1
36673,taxtı,1,1
36674,taxtım,1,1
36675,taxtında,1,1
36676,taxtınnan,1,1
36677,taxtını,1,1
36678,taxıldan,1,1
36679,taxılları,1,1
36680,taxırlar,1,1
36681,tayaya,1,1
36682,tayfasısa,1,1
36683,tayinə,1,1
36684,taylaşıb,1,1
36685,taytuşdarı,1,1
36686,tayım,1,1
36687,tayın,1,1
36688,tayına,1,1
36689,tayını,1,1
36690,taz,1,1
36691,taza,1,1
36692,tazavü,1,1
36693,taze,1,1
36694,tazi,1,1
36695,taziyanə,1,1
36696,tazəle,1,1
36697,tazəlikdə,1,1
36698,tazəyə,1,1
36699,tazә,1,1
36700,tağ,1,1
36701,tağa,1,1
36702,tağinə,1,1
36703,tağlar,1,1
36704,tağlardan,1,1
36705,tağuti,1,1
36706,tağçaya,1,1
36707,tağıdı,1,1
36708,tağın,1,1
36709,taətdir,1,1
36710,taətlərin,1,1
36711,taətə,1,1
36712,tdən,1,1
36713,tebiblərə,1,1
36714,tefavüt,1,1
36715,tehran,1,1
36716,tehrana,1,1
36717,tehrani,1,1
36718,tehsil,1,1
36719,teleqramı,1,1
36720,televiziya,1,1
36721,telindən,1,1
36722,tellidi,1,1
36723,telə,1,1
36724,teləti,1,1
36725,terbiyət,1,1
36726,terefi,1,1
36727,teriqi,1,1
36728,teriqətdə,1,1
36729,teyhu,1,1
36730,teyhuvü,1,1
36731,teylərəm,1,1
36732,teyr,1,1
36733,teyri,1,1
36734,teyyibati,1,1
36735,tezisi,1,1
36736,tezisini,1,1
36737,tezislə,1,1
36738,tezisləri,1,1
36739,tezliklə,1,1
36740,teşniə,1,1
36741,teşnə,1,1
36742,teşt,1,1
36743,teştə,1,1
36744,tiavıij,1,1
36745,ticarət,1,1
36746,ticarətdən,1,1
36747,ticarətçün,1,1
36748,tidal,1,1
36749,tidalinə,1,1
36750,tidalımdır,1,1
36751,tidalından,1,1
36752,tiflisdə,1,1
36753,tiflisi,1,1
36754,tiflisin,1,1
36755,tiflisə,1,1
36756,tihdirərik,1,1
36757,tiilək,1,1
36758,tikana,1,1
36759,tikandan,1,1
36760,tikanlar,1,1
36761,tikanlığın,1,1
36762,tikanın,1,1
36763,tikdikləri,1,1
36764,tikdilər,1,1
36765,tikdirdi,1,1
36766,tikdirib,1,1
36767,tikdiribsən,1,1
36768,tikdirif,1,1
36769,tikdirmişdi,1,1
36770,tikdirəcəm,1,1
36771,tikdiyi,1,1
36772,tikdiyim,1,1
36773,tikilsin,1,1
36774,tikirdi,1,1
36775,tikirdilər,1,1
36776,tikmişdi,1,1
36777,tikmişdilər,1,1
36778,tikmədim,1,1
36779,tikmələri,1,1
36780,tikməmiş,1,1
36781,tiksin,1,1
36782,tikǝndǝn,1,1
36783,tikəcək,1,1
36784,tikələrini,1,1
36785,tikərsən,1,1
36786,tikəsən,1,1
36787,tikəylə,1,1
36788,tilismatda,1,1
36789,tilsimi,1,1
36790,tilsimin,1,1
36791,tilsimini,1,1
36792,timara,1,1
36793,timarə,1,1
36794,timsah,1,1
36795,timsalda,1,1
36796,timsali,1,1
36797,timsalin,1,1
36798,timsalini,1,1
36799,timsalinə,1,1
36800,timsalıdır,1,1
36801,tin,1,1
36802,tinət,1,1
36803,tinəti,1,1
36804,tinətində,1,1
36805,tiqadın,1,1
36806,tiraz,1,1
36807,tirimiz,1,1
36808,tirinə,1,1
36809,tirməsindən,1,1
36810,tirməvü,1,1
36811,tiryak,1,1
36812,tiryakı,1,1
36813,tiryək,1,1
36814,tirǝdir,1,1
36815,tirədir,1,1
36816,tirəm,1,1
36817,tirəni,1,1
36818,tirəvu,1,1
36819,tirəyə,1,1
36820,tirəzəmir,1,1
36821,titrədin,1,1
36822,titrəməgə,1,1
36823,titrətdi,1,1
36824,titrətmə,1,1
36825,titrətsin,1,1
36826,titrəyə,1,1
36827,titrəyər,1,1
36828,tiynət,1,1
36829,tiynəti,1,1
36830,tiynətli,1,1
36831,tiynətliyəm,1,1
36832,tizi,1,1
36833,tizrək,1,1
36834,tizçəngalü,1,1
36835,tiğindədir,1,1
36836,tiğiniz,1,1
36837,tiğinçün,1,1
36838,tiğıdir,1,1
36839,tişə,1,1
36840,tişəsi,1,1
36841,tmma,1,1
36842,tməyə,1,1
36843,tnüdam,1,1
36844,tofladılar,1,1
36845,tohidi,1,1
36846,tokər,1,1
36847,tolerantlıqdan,1,1
36848,tolstoy,1,1
36849,tomağa,1,1
36850,tonqal,1,1
36851,tonqalı,1,1
36852,topa,1,1
36853,topaldır,1,1
36854,topaşandan,1,1
36855,topladı,1,1
36856,toplam,1,1
36857,toplani,1,1
36858,toplayım,1,1
36859,toplaşanda,1,1
36860,toplaşanlara,1,1
36861,toplaşun,1,1
36862,toplaşıb,1,1
36863,toplu,1,1
36864,topraqdan,1,1
36865,topraqdən,1,1
36866,toprağ,1,1
36867,toprağidir,1,1
36868,toprağı,1,1
36869,toprağım,1,1
36870,toprağımı,1,1
36871,toprağın,1,1
36872,toprağında,1,1
36873,topuna,1,1
36874,topuqdandır,1,1
36875,topuğumdan,1,1
36876,topuğuna,1,1
36877,topğun,1,1
36878,toqqalı,1,1
36879,toqquşması,1,1
36880,torbakeşlər,1,1
36881,torbani,1,1
36882,torbanı,1,1
36883,torbaya,1,1
36884,torla,1,1
36885,torpaqlar,1,1
36886,torpaqlara,1,1
36887,torpaqsan,1,1
36888,torpaqçün,1,1
36889,torpax,1,1
36890,torpağım,1,1
36891,torpağımın,1,1
36892,torpağından,1,1
36893,torpağını,1,1
36894,torpağının,1,1
36895,tortası,1,1
36896,torun,1,1
36897,toruna,1,1
36898,torunu,1,1
36899,torva,1,1
36900,tovhid,1,1
36901,tovladı,1,1
36902,tovlaya,1,1
36903,tovus,1,1
36904,tovusda,1,1
36905,tovuzdur,1,1
36906,toxluqdandı,1,1
36907,toxmu,1,1
36908,toxtayan,1,1
36909,toxucu,1,1
36910,toxudu,1,1
36911,toxudum,1,1
36912,toxuduq,1,1
36913,toxumu,1,1
36914,toxumunu,1,1
36915,toxundun,1,1
36916,toxunduğuyçun,1,1
36917,toxunmasan,1,1
36918,toxunnam,1,1
36919,toxunsa,1,1
36920,toxuya,1,1
36921,toxuyaram,1,1
36922,toxuyur,1,1
36923,toybayramdı,1,1
36924,toydakı,1,1
36925,toylara,1,1
36926,toylarda,1,1
36927,toyları,1,1
36928,toyunamı,1,1
36929,toyundan,1,1
36930,toyunun,1,1
36931,toyunuz,1,1
36932,toyux,1,1
36933,toyəmmümgah,1,1
36934,tozdan,1,1
36935,tozhatoz,1,1
36936,tozlar,1,1
36937,tozlu,1,1
36938,tozundan,1,1
36939,toğlu,1,1
36940,toğludan,1,1
36941,transfer,1,1
36942,transfoneliterasiya,1,1
36943,transliterasiya,1,1
36944,ttifaqən,1,1
36945,ttihad,1,1
36946,tubadır,1,1
36947,tubavü,1,1
36948,tubisidir,1,1
36949,tufa,1,1
36950,tufana,1,1
36951,tufanasın,1,1
36952,tufandır,1,1
36953,tufanla,1,1
36954,tufanlara,1,1
36955,tufanın,1,1
36956,tufanından,1,1
36957,tufanə,1,1
36958,tufarqanlının,1,1
36959,tufarqannı,1,1
36960,tufarımız,1,1
36961,tukəndi,1,1
36962,tukənib,1,1
36963,tullana,1,1
36964,tullanarsan,1,1
36965,tullandı,1,1
36966,tullayacağam,1,1
36967,tullayaraq,1,1
36968,tullayasan,1,1
36969,tuluqlandı,1,1
36970,tulü,1,1
36971,tumani,1,1
36972,tumari,1,1
36973,tumarə,1,1
36974,tumaşa,1,1
36975,tumurcuq,1,1
36976,tunc,1,1
36977,tupi,1,1
36978,tuq,1,1
36979,turani,1,1
36980,turanı,1,1
36981,turdadır,1,1
36982,turfə,1,1
36983,turi,1,1
36984,turim,1,1
36985,turin,1,1
36986,turnaşı,1,1
36987,turreyi,1,1
36988,turuş,1,1
36989,turü,1,1
36990,turşdur,1,1
36991,turşu,1,1
36992,turşudar,1,1
36993,turə,1,1
36994,tusdan,1,1
36995,tusini,1,1
36996,tutanda,1,1
36997,tutandan,1,1
36998,tutannarın,1,1
36999,tutanı,1,1
37000,tutanımdır,1,1
37001,tutanın,1,1
37002,tutardım,1,1
37003,tutarlar,1,1
37004,tutasan,1,1
37005,tutdisə,1,1
37006,tutduqdan,1,1
37007,tutduraram,1,1
37008,tutdusa,1,1
37009,tutiləri,1,1
37010,tutinin,1,1
37011,tutisayaq,1,1
37012,tutiyadəndir,1,1
37013,tutiyalər,1,1
37014,tutiyalərdən,1,1
37015,tutiyasa,1,1
37016,tutiyü,1,1
37017,tutiyə,1,1
37018,tutmadın,1,1
37019,tutmamalı,1,1
37020,tutmamaq,1,1
37021,tutmamış,1,1
37022,tutmaqla,1,1
37023,tutmasa,1,1
37024,tutmayır,1,1
37025,tutmazam,1,1
37026,tutmazsan,1,1
37027,tutmağı,1,1
37028,tutmur,1,1
37029,tutmuyub,1,1
37030,tutmuşdum,1,1
37031,tutsan,1,1
37032,tutsaydı,1,1
37033,tutu,1,1
37034,tutubsa,1,1
37035,tutulma,1,1
37036,tutulu,1,1
37037,tutulubdur,1,1
37038,tutulum,1,1
37039,tutunca,1,1
37040,tuturam,1,1
37041,tuturdu,1,1
37042,tutuşan,1,1
37043,tutuşdu,1,1
37044,tutuşdum,1,1
37045,tutuşdurdu,1,1
37046,tutuşmaz,1,1
37047,tuxmi,1,1
37048,tuğanşahına,1,1
37049,tuşdarı,1,1
37050,tuşlasan,1,1
37051,tuşudur,1,1
37052,tuşun,1,1
37053,tuşuna,1,1
37054,tuşəsidir,1,1
37055,tögülüb,1,1
37056,töhfələrdən,1,1
37057,töhfənə,1,1
37058,töhfəsini,1,1
37059,töhmətidi,1,1
37060,töhmətindən,1,1
37061,töhmətli,1,1
37062,tökdükco,1,1
37063,tökdükcə,1,1
37064,tökdüyü,1,1
37065,tökdüyüm,1,1
37066,tökdüz,1,1
37067,töker,1,1
37068,tökmüş,1,1
37069,tökmüşdülər,1,1
37070,tökmǝdin,1,1
37071,tökmǝkdǝ,1,1
37072,tökməkdə,1,1
37073,tökmənəm,1,1
37074,tökmərəm,1,1
37075,tökməsin,1,1
37076,tökməyibdir,1,1
37077,tökməz,1,1
37078,tökübdür,1,1
37079,töküldükcə,1,1
37080,töküldüsə,1,1
37081,tökülməsin,1,1
37082,tökülsə,1,1
37083,tökülübdür,1,1
37084,tökülüf,1,1
37085,tökülürdü,1,1
37086,tökülər,1,1
37087,tökülərdi,1,1
37088,tökürdü,1,1
37089,tökürsən,1,1
37090,tökǝrsǝm,1,1
37091,tökǝrǝm,1,1
37092,tökəndə,1,1
37093,tökərlər,1,1
37094,tökərsə,1,1
37095,tökərsən,1,1
37096,tökərək,1,1
37097,tökərəm,1,1
37098,tömə,1,1
37099,töməsidir,1,1
37100,tömә,1,1
37101,törpü,1,1
37102,törədir,1,1
37103,törədirsən,1,1
37104,törəmələrinə,1,1
37105,törənməsin,1,1
37106,törətmiş,1,1
37107,törətmişdilər,1,1
37108,törətmişdir,1,1
37109,törətmə,1,1
37110,törətməsin,1,1
37111,törətməsələr,1,1
37112,törəyən,1,1
37113,tövbǝ,1,1
37114,tövbǝsi,1,1
37115,tövbələrə,1,1
37116,tövbəmi,1,1
37117,tövbənin,1,1
37118,tövbəvü,1,1
37119,tövbəyə,1,1
37120,tövdayə,1,1
37121,tövhidi,1,1
37122,tövhidim,1,1
37123,tövhidə,1,1
37124,tövhidəm,1,1
37125,tövləxana,1,1
37126,tövləyə,1,1
37127,tövrat,1,1
37128,tövrümə,1,1
37129,tövsəni,1,1
37130,töycüyə,1,1
37131,tübşi,1,1
37132,tüccariyiz,1,1
37133,tüfeyli,1,1
37134,tüfeylin,1,1
37135,tüfəngdir,1,1
37136,tüfəngdə,1,1
37137,tüfəngini,1,1
37138,tüfənginə,1,1
37139,tüfəngli,1,1
37140,tüfənglidi,1,1
37141,tüfənglər,1,1
37142,tüfənglərini,1,1
37143,tühi,1,1
37144,tühəb,1,1
37145,tükdeşən,1,1
37146,tükdeşənəm,1,1
37147,tükdən,1,1
37148,tüklər,1,1
37149,tükləri,1,1
37150,tüksüzə,1,1
37151,tüktək,1,1
37152,tükümün,1,1
37153,tükün,1,1
37154,tükünü,1,1
37155,tükünün,1,1
37156,tükütək,1,1
37157,tükǝndi,1,1
37158,tükənib,1,1
37159,tükənmiş,1,1
37160,tükənən,1,1
37161,tül,1,1
37162,tülkülər,1,1
37163,tülküləri,1,1
37164,tülkünün,1,1
37165,tülkütək,1,1
37166,tüllab,1,1
37167,tüllabə,1,1
37168,tülui,1,1
37169,tüluyi,1,1
37170,tümənlik,1,1
37171,tümənə,1,1
37172,tündmizac,1,1
37173,tündxu,1,1
37174,tündü,1,1
37175,tünədi,1,1
37176,tüpürüm,1,1
37177,türaba,1,1
37178,türabımdan,1,1
37179,türbədən,1,1
37180,türbəti,1,1
37181,türfətül,1,1
37182,türfә,1,1
37183,türkcənin,1,1
37184,türkiyənin,1,1
37185,türksən,1,1
37186,türkünə,1,1
37187,türküstan,1,1
37188,türkə,1,1
37189,türrǝnin,1,1
37190,türrədən,1,1
37191,türrəsinin,1,1
37192,türrəsiz,1,1
37193,tüstün,1,1
37194,tüstüsüdür,1,1
37195,tütündür,1,1
37196,tütünlə,1,1
37197,tütünüm,1,1
37198,tütək,1,1
37199,tütər,1,1
37200,tütəyi,1,1
37201,tüyur,1,1
37202,tüğyani,1,1
37203,tüğyanın,1,1
37204,tüşdü,1,1
37205,tına,1,1
37206,tıxdım,1,1
37207,tığa,1,1
37208,tışraya,1,1
37209,tǝala,1,1
37210,tǝbibimdir,1,1
37211,tǝbrizü,1,1
37212,tǝbǝrdir,1,1
37213,tǝfsir,1,1
37214,tǝhti,1,1
37215,tǝhǝyyür,1,1
37216,tǝlǝtli,1,1
37217,tǝmami,1,1
37218,tǝmaşayi,1,1
37219,tǝmi,1,1
37220,tǝndir,1,1
37221,tǝnǝsindǝn,1,1
37222,tǝqdir,1,1
37223,tǝqsir,1,1
37224,tǝqvayi,1,1
37225,tǝqvimǝ,1,1
37226,tǝrhin,1,1
37227,tǝrif,1,1
37228,tǝrkin,1,1
37229,tǝrǝfdǝn,1,1
37230,tǝrǝhhüm,1,1
37231,tǝvafi,1,1
37232,tǝxti,1,1
37233,tǝxtindǝ,1,1
37234,tǝxtinǝ,1,1
37235,tǝxtü,1,1
37236,tǝşnǝyǝm,1,1
37237,tǝǝccüb,1,1
37238,təaladü,1,1
37239,təalallah,1,1
37240,təalanın,1,1
37241,təamdan,1,1
37242,təamdən,1,1
37243,təami,1,1
37244,təamsız,1,1
37245,təamı,1,1
37246,təamından,1,1
37247,təbanə,1,1
37248,təbaqə,1,1
37249,təbarək,1,1
37250,təbarəkallah,1,1
37251,təbayeyi,1,1
37252,təbaşiri,1,1
37253,təbbaxi,1,1
37254,təbdilü,1,1
37255,təbdən,1,1
37256,təbiblik,1,1
37257,təbiblər,1,1
37258,təbibsən,1,1
37259,təbibə,1,1
37260,təbibəm,1,1
37261,təbiidir,1,1
37262,təbimdə,1,1
37263,təbimi,1,1
37264,təbimlə,1,1
37265,təbinin,1,1
37266,təbiətdən,1,1
37267,təbiətli,1,1
37268,təblini,1,1
37269,təblinin,1,1
37270,təbriz,1,1
37271,təbrizdə,1,1
37272,təbrizdən,1,1
37273,təbrizin,1,1
37274,təbtəm,1,1
37275,təbx,1,1
37276,təbü,1,1
37277,təbəqdə,1,1
37278,təbəqi,1,1
37279,təbər,1,1
37280,təbəri,1,1
37281,təbəristan,1,1
37282,təbərra,1,1
37283,təbəssümə,1,1
37284,təcdid,1,1
37285,təcnis,1,1
37286,təcnisini,1,1
37287,təcnisləri,1,1
37288,təcriddir,1,1
37289,təcridi,1,1
37290,təcəllidən,1,1
37291,təcəllisi,1,1
37292,təcəllivü,1,1
37293,təcəlliyi,1,1
37294,təcəlləsi,1,1
37295,təcəmmül,1,1
37296,təcəmmüldür,1,1
37297,təcəmmülünə,1,1
37298,tədarükünü,1,1
37299,tədbirdən,1,1
37300,tədbiridir,1,1
37301,tədbirik,1,1
37302,tədbirilə,1,1
37303,tədbirimiz,1,1
37304,tədbirinin,1,1
37305,tədbirə,1,1
37306,tədildir,1,1
37307,tədqiqat,1,1
37308,tədqiqatları,1,1
37309,tədqiqatçının,1,1
37310,tədqiqatçısı,1,1
37311,tədqiqatın,1,1
37312,tədriclə,1,1
37313,təfaxur,1,1
37314,təfaxürdür,1,1
37315,təfağür,1,1
37316,təfriqədir,1,1
37317,təfsil,1,1
37318,təfsirdə,1,1
37319,təfsiridür,1,1
37320,təfsirim,1,1
37321,təfsirimiz,1,1
37322,təfsirə,1,1
37323,təfvir,1,1
37324,təfəkkürün,1,1
37325,təfərrücü,1,1
37326,təhlif,1,1
37327,təhlükə,1,1
37328,təhqir,1,1
37329,təhqirə,1,1
37330,təhririnə,1,1
37331,təhsilinə,1,1
37332,təhsilli,1,1
37333,təhsindir,1,1
37334,təhsinilnə,1,1
37335,təhsinim,1,1
37336,təhtülhənək,1,1
37337,təhvil,1,1
37338,təhvilə,1,1
37339,təhəmtənin,1,1
37340,təhərdi,1,1
37341,təhərim,1,1
37342,təhərsiz,1,1
37343,təhəyyür,1,1
37344,təkcədir,1,1
37345,təkdir,1,1
37346,təkgöz,1,1
37347,təkin,1,1
37348,təklifin,1,1
37349,təklifsiz,1,1
37350,təklik,1,1
37351,təkmil,1,1
37352,təkmilinə,1,1
37353,təkmilə,1,1
37354,təkrara,1,1
37355,təkrarı,1,1
37356,təkrimü,1,1
37357,təkəllümüm,1,1
37358,təlatüm,1,1
37359,təlaşım,1,1
37360,təlaşın,1,1
37361,təlbisü,1,1
37362,təlimini,1,1
37363,təliminə,1,1
37364,təlimü,1,1
37365,təlimə,1,1
37366,təlqininin,1,1
37367,təlxgöftar,1,1
37368,təlxim,1,1
37369,təlximə,1,1
37370,təlxək,1,1
37371,təlxəkliyi,1,1
37372,tələbim,1,1
37373,tələbin,1,1
37374,tələbkar,1,1
37375,tələbkari,1,1
37376,tələsdim,1,1
37377,tələsir,1,1
37378,tələsirdim,1,1
37379,tələsirik,1,1
37380,tələsirlər,1,1
37381,tələsiyibsən,1,1
37382,tələsiyirik,1,1
37383,tələsiyirsən,1,1
37384,tələsməyə,1,1
37385,tələt,1,1
37386,tələtlim,1,1
37387,tələtlinin,1,1
37388,təlхkam,1,1
37389,təlхkamlıq,1,1
37390,təm,1,1
37391,təmai,1,1
37392,təmamdı,1,1
37393,təmamim,1,1
37394,təmamindən,1,1
37395,təmamiyi,1,1
37396,təmamə,1,1
37397,təmamən,1,1
37398,təmaşadır,1,1
37399,təmaşadən,1,1
37400,təmaşasinə,1,1
37401,təmaşasın,1,1
37402,təmaşayə,1,1
37403,təmi,1,1
37404,təmirinədir,1,1
37405,təmizdi,1,1
37406,təmizdir,1,1
37407,təmizləməz,1,1
37408,təmizlənə,1,1
37409,təmizlərdim,1,1
37410,təmizsən,1,1
37411,təmkinli,1,1
37412,təmkinəm,1,1
37413,təmma,1,1
37414,təmtəraq,1,1
37415,təmtərağın,1,1
37416,təmğacın,1,1
37417,təmədən,1,1
37418,təməi,1,1
37419,təməinə,1,1
37420,təməkar,1,1
37421,təməl,1,1
37422,təmən,1,1
37423,təmənnada,1,1
37424,təmənnalərdən,1,1
37425,təmənnan,1,1
37426,təmənnasilə,1,1
37427,təmənnasm,1,1
37428,təmənnasın,1,1
37429,təmənnasındadır,1,1
37430,təmənnasından,1,1
37431,təmənnasız,1,1
37432,təməvvüc,1,1
37433,tənab,1,1
37434,tənabı,1,1
37435,tənaşirdə,1,1
37436,tənbeh,1,1
37437,tənbura,1,1
37438,tənburə,1,1
37439,tənbəki,1,1
37440,tənbəkiylə,1,1
37441,tənbеh,1,1
37442,təndirdə,1,1
37443,təngdil,1,1
37444,təngdir,1,1
37445,tənglüşa,1,1
37446,tənhalıq,1,1
37447,tənimdir,1,1
37448,tənimlə,1,1
37449,tənimə,1,1
37450,tənində,1,1
37451,təninə,1,1
37452,tənnaz,1,1
37453,tənqid,1,1
37454,tənsən,1,1
37455,təntitmişdi,1,1
37456,təntənəsi,1,1
37457,tənzil,1,1
37458,tənəffür,1,1
37459,tənəsn,1,1
37460,tənəyə,1,1
37461,tənəümdə,1,1
37462,təpiklərdə,1,1
37463,təprəndikcə,1,1
37464,təprənən,1,1
37465,təprətmə,1,1
37466,təptəzə,1,1
37467,təpə,1,1
37468,təpənə,1,1
37469,təpər,1,1
37470,təpəsində,1,1
37471,təqazan,1,1
37472,təqazasın,1,1
37473,təqaüd,1,1
37474,təqdirdən,1,1
37475,təqdirimiz,1,1
37476,təqdirimiş,1,1
37477,təqdirinə,1,1
37478,təqi,1,1
37479,təqidür,1,1
37480,təqlidi,1,1
37481,təqlidə,1,1
37482,təqribilə,1,1
37483,təqrirati,1,1
37484,təqririnə,1,1
37485,təqsim,1,1
37486,təqsiri,1,1
37487,təqsirin,1,1
37488,təqsirkar,1,1
37489,təqtiinə,1,1
37490,təqvalı,1,1
37491,təqvimim,1,1
37492,təraneyi,1,1
37493,tərani,1,1
37494,təranə,1,1
37495,təravət,1,1
37496,təravətdən,1,1
37497,təravətim,1,1
37498,təravətini,1,1
37499,təravətlidir,1,1
37500,tərazi,1,1
37501,tərazuni,1,1
37502,tərazusunda,1,1
37503,tərbiyəsiz,1,1
37504,tərbiyətdir,1,1
37505,tərbiyəti,1,1
37506,tərbiyətlə,1,1
37507,tərbiə,1,1
37508,tərcümandır,1,1
37509,tərcümanı,1,1
37510,tərcüməçisi,1,1
37511,tərdə,1,1
37512,tərehhüm,1,1
37513,tərfini,1,1
37514,tərgitməz,1,1
37515,tərhində,1,1
37516,tərifim,1,1
37517,tərifinin,1,1
37518,təriflə,1,1
37519,təriflədikcə,1,1
37520,təriflədilər,1,1
37521,tərifləmədin,1,1
37522,tərifləməkdə,1,1
37523,tərifləməli,1,1
37524,tərifləmələrdən,1,1
37525,tərifləməni,1,1
37526,tərifləməsindən,1,1
37527,tərifləməyə,1,1
37528,təriflərə,1,1
37529,təriflərəm,1,1
37530,tərifləsin,1,1
37531,tərifləsən,1,1
37532,tərifləyirdilər,1,1
37533,tərifləyəcəkdir,1,1
37534,tərifləyəcəksən,1,1
37535,tərifləyərkən,1,1
37536,tərim,1,1
37537,tərimdən,1,1
37538,tərimi,1,1
37539,tərin,1,1
37540,tərini,1,1
37541,təriqeyi,1,1
37542,təriqidir,1,1
37543,təriqim,1,1
37544,təriqinə,1,1
37545,təriqü,1,1
37546,təriqətdən,1,1
37547,təriqəti,1,1
37548,tərkibim,1,1
37549,tərkində,1,1
37550,tərkinə,1,1
37551,tərkü,1,1
37552,tərlanam,1,1
37553,tərlandan,1,1
37554,tərlanlar,1,1
37555,tərlannar,1,1
37556,tərlansan,1,1
37557,tərlanın,1,1
37558,tərlinin,1,1
37559,tərliyi,1,1
37560,tərlədib,1,1
37561,tərləmiş,1,1
37562,tərlər,1,1
37563,tərləyə,1,1
37564,tərləyən,1,1
37565,tərməzac,1,1
37566,tərpədib,1,1
37567,tərpədir,1,1
37568,tərpədər,1,1
37569,tərpən,1,1
37570,tərpəndikcə,1,1
37571,tərpənişim,1,1
37572,tərpənişin,1,1
37573,tərpənişinnən,1,1
37574,tərpənmədi,1,1
37575,tərpənmədilər,1,1
37576,tərpənmək,1,1
37577,tərpənsəm,1,1
37578,tərpətmişdilər,1,1
37579,tərpətmə,1,1
37580,tərrari,1,1
37581,tərrarinə,1,1
37582,tərrarsız,1,1
37583,tərsalar,1,1
37584,tərsaların,1,1
37585,tərsamıyam,1,1
37586,tərsası,1,1
37587,tərsiqusun,1,1
37588,tərsə,1,1
37589,tərt,1,1
37590,tərtibatçısı,1,1
37591,tərtibatı,1,1
37592,tərtibçisi,1,1
37593,tərxanov,1,1
37594,tərxanıdır,1,1
37595,tərxun,1,1
37596,tərxunu,1,1
37597,tərzi,1,1
37598,tərzilə,1,1
37599,tərzində,1,1
37600,tərzini,1,1
37601,tərəbistan,1,1
37602,tərəddüddən,1,1
37603,tərəddüdlərdən,1,1
37604,tərəddüdsüz,1,1
37605,tərəfdarlarını,1,1
37606,tərəfdarıyam,1,1
37607,tərəfki,1,1
37608,tərəflərindən,1,1
37609,tərənnüm,1,1
37610,tərənnümlər,1,1
37611,tərəqqidə,1,1
37612,tərəziyə,1,1
37613,tərəşşüh,1,1
37614,təsadüfi,1,1
37615,təsbehini,1,1
37616,təsbihində,1,1
37617,təsbihə,1,1
37618,təsbеhi,1,1
37619,təsdiqini,1,1
37620,təsdiqlədi,1,1
37621,təsdiqləndi,1,1
37622,təsdisə,1,1
37623,təsiridir,1,1
37624,təskini,1,1
37625,təskinim,1,1
37626,təslimdir,1,1
37627,təslimi,1,1
37628,təslisə,1,1
37629,təsnifdən,1,1
37630,təsnifi,1,1
37631,təsnimi,1,1
37632,təsvirim,1,1
37633,təsvirin,1,1
37634,təsəddüq,1,1
37635,təsəllidir,1,1
37636,təsəlliyi,1,1
37637,təsərrüf,1,1
37638,təsərrüfsüz,1,1
37639,tətbiq,1,1
37640,tətildən,1,1
37641,təvanalığ,1,1
37642,təvangər,1,1
37643,təvanı,1,1
37644,təvazö,1,1
37645,təvazönün,1,1
37646,təviz,1,1
37647,təvvabür,1,1
37648,təvvarı,1,1
37649,təvvəllüdü,1,1
37650,təvzir,1,1
37651,təvəllüddü,1,1
37652,təvəqqe,1,1
37653,təvəqqüfsüz,1,1
37654,təvəqqə,1,1
37655,təvəqqəf,1,1
37656,təxir,1,1
37657,təxmin,1,1
37658,təxmini,1,1
37659,təxtdə,1,1
37660,təxtgəhi,1,1
37661,təxtigahi,1,1
37662,təxtin,1,1
37663,təxtini,1,1
37664,təxtinin,1,1
37665,təxtəsini,1,1
37666,təyini,1,1
37667,təyləsanı,1,1
37668,təyy,1,1
37669,təyyib,1,1
37670,təzimü,1,1
37671,təzvirimiz,1,1
37672,təzvirini,1,1
37673,təzvirü,1,1
37674,təzyin,1,1
37675,təzəli,1,1
37676,təzəlikdən,1,1
37677,təzəliyinə,1,1
37678,təzələ,1,1
37679,təzələdi,1,1
37680,təzələmədi,1,1
37681,təzələnir,1,1
37682,təzələnsin,1,1
37683,təzələnə,1,1
37684,təzələrəm,1,1
37685,təzələsin,1,1
37686,təzərrö,1,1
37687,təzəyəm,1,1
37688,təğafüldür,1,1
37689,təğyirpəzir,1,1
37690,təğyirə,1,1
37691,təıpənəndə,1,1
37692,təşbih,1,1
37693,təşkilatına,1,1
37694,təşnələbi,1,1
37695,təşnəni,1,1
37696,təşnəyəm,1,1
37697,təşt,1,1
37698,təştə,1,1
37699,təşviri,1,1
37700,təşvişdi,1,1
37701,təşvişdən,1,1
37702,təşvişi,1,1
37703,təşvişim,1,1
37704,təşvişimi,1,1
37705,təşvişimə,1,1
37706,təşvişli,1,1
37707,təşvişə,1,1
37708,təşəhhüd,1,1
37709,təşəxxüs,1,1
37710,təəbdən,1,1
37711,təəccubəm,1,1
37712,təəccübdən,1,1
37713,təəccüblə,1,1
37714,təəllüqü,1,1
37715,təəri,1,1
37716,təərrüzdən,1,1
37717,təəssüf,1,1
37718,təəssüfləndilər,1,1
37719,təəssüfu,1,1
37720,təəssüfü,1,1
37721,təəççübləndi,1,1
37722,təхtində,1,1
37723,tе,1,1
37724,tеhrana,1,1
37725,tеlindən,1,1
37726,tеlini,1,1
37727,tеlinə,1,1
37728,tеllidi,1,1
37729,tеllərin,1,1
37730,tеlеqram,1,1
37731,tеlеqramı,1,1
37732,tеylərəm,1,1
37733,tеzdiknən,1,1
37734,tоprağ,1,1
37735,tоr,1,1
37736,tоrdu,1,1
37737,tоrpaqdan,1,1
37738,tоrpağa,1,1
37739,tоz,1,1
37740,tоzmu,1,1
37741,tәbliği,1,1
37742,tәki,1,1
37743,tәkiniz,1,1
37744,tәlim,1,1
37745,tәlimә,1,1
37746,tәlәni,1,1
37747,tәlәsmә,1,1
37748,tәnim,1,1
37749,tәqdiri,1,1
37750,tәqsim,1,1
37751,tәziyә,1,1
37752,tәziyәdәn,1,1
37753,tәzә,1,1
37754,tәşnә,1,1
37755,tәәccübәm,1,1
37756,ucaboy,1,1
37757,ucacaq,1,1
37758,ucadı,1,1
37759,ucal,1,1
37760,ucala,1,1
37761,ucalmısan,1,1
37762,ucalmış,1,1
37763,ucalsın,1,1
37764,ucaltdı,1,1
37765,ucaltdım,1,1
37766,ucalıq,1,1
37767,ucalıqdan,1,1
37768,ucalırdı,1,1
37769,ucalığıdır,1,1
37770,ucarsa,1,1
37771,ucaya,1,1
37772,ucaydı,1,1
37773,ucbatından,1,1
37774,ucləri,1,1
37775,ucuna,1,1
37776,ucundandır,1,1
37777,ucunu,1,1
37778,ucuyla,1,1
37779,ucuylə,1,1
37780,ucuzlu,1,1
37781,udacaq,1,1
37782,udar,1,1
37783,uddan,1,1
37784,udduran,1,1
37785,udmaqdan,1,1
37786,udmuşdur,1,1
37787,udsam,1,1
37788,udub,1,1
37789,udumuz,1,1
37790,udundan,1,1
37791,udur,1,1
37792,uduzuldu,1,1
37793,uduş,1,1
37794,uf,1,1
37795,ufalar,1,1
37796,uladır,1,1
37797,ulaqlar,1,1
37798,ulaqlı,1,1
37799,ular,1,1
37800,ulax,1,1
37801,ulağının,1,1
37802,ulaş,1,1
37803,ulaşalı,1,1
37804,ulaşdı,1,1
37805,ulaşdır,1,1
37806,ulaşdırmış,1,1
37807,ulaşmaq,1,1
37808,ulduzam,1,1
37809,ulduzdu,1,1
37810,ulduzdur,1,1
37811,ulduzlara,1,1
37812,ulduzların,1,1
37813,ulduzlarından,1,1
37814,ulduzumun,1,1
37815,ulduzun,1,1
37816,ulduzunun,1,1
37817,ulduzuyla,1,1
37818,ulular,1,1
37819,ululardan,1,1
37820,ululuq,1,1
37821,ulusundan,1,1
37822,uluyar,1,1
37823,uman,1,1
37824,umarlarmı,1,1
37825,umarsan,1,1
37826,umberto,1,1
37827,umdum,1,1
37828,umduğum,1,1
37829,umidim,1,1
37830,ummamışam,1,1
37831,umman,1,1
37832,ummaq,1,1
37833,ummaqda,1,1
37834,ummayasan,1,1
37835,ummaz,1,1
37836,ummid,1,1
37837,umudluydun,1,1
37838,umudnan,1,1
37839,umulmaz,1,1
37840,umum,1,1
37841,una,1,1
37842,undur,1,1
37843,unesco,1,1
37844,universitetlərin,1,1
37845,unnan,1,1
37846,unudam,1,1
37847,unudar,1,1
37848,unudaraq,1,1
37849,unudubsan,1,1
37850,unudulmalıdır,1,1
37851,unudulmuşlar,1,1
37852,unutmayın,1,1
37853,unutmuşdun,1,1
37854,unutmuşsa,1,1
37855,unutmuşsan,1,1
37856,unutmın,1,1
37857,unutqanlıq,1,1
37858,ura,1,1
37859,uram,1,1
37860,uran,1,1
37861,uranlar,1,1
37862,urarsan,1,1
37863,urarıq,1,1
37864,urdum,1,1
37865,urfan,1,1
37866,urmaq,1,1
37867,urmasın,1,1
37868,urmaz,1,1
37869,urmuşdum,1,1
37870,ursa,1,1
37871,ursam,1,1
37872,urubdur,1,1
37873,uruh,1,1
37874,uruhum,1,1
37875,urulmuş,1,1
37876,urulsun,1,1
37877,urulur,1,1
37878,urumbasar,1,1
37879,urur,1,1
37880,uryanı,1,1
37881,us,1,1
37882,usandır,1,1
37883,usandırar,1,1
37884,usandırdın,1,1
37885,usanma,1,1
37886,usanmaq,1,1
37887,usanıb,1,1
37888,usanıram,1,1
37889,ustadan,1,1
37890,ustaddır,1,1
37891,ustadlara,1,1
37892,ustadları,1,1
37893,ustadların,1,1
37894,ustadlı,1,1
37895,ustadnamədir,1,1
37896,ustadımnan,1,1
37897,ustadınan,1,1
37898,ustadından,1,1
37899,ustadını,1,1
37900,ustalar,1,1
37901,ustalı,1,1
37902,ustalıqla,1,1
37903,ustalığa,1,1
37904,ustamn,1,1
37905,ustanı,1,1
37906,ustasıynan,1,1
37907,usufa,1,1
37908,usufgilin,1,1
37909,usufgilə,1,1
37910,usufun,1,1
37911,utandır,1,1
37912,utandırmadan,1,1
37913,utandırır,1,1
37914,utanmayaraqdan,1,1
37915,utanmayıb,1,1
37916,utanmayın,1,1
37917,utanmır,1,1
37918,utanur,1,1
37919,uyaraq,1,1
37920,uydun,1,1
37921,uydurduğu,1,1
37922,uydurma,1,1
37923,uydurmaya,1,1
37924,uyduysan,1,1
37925,uymanam,1,1
37926,uymasan,1,1
37927,uymuş,1,1
37928,uyub,1,1
37929,uyubsan,1,1
37930,uyutdu,1,1
37931,uyğu,1,1
37932,uyğuludur,1,1
37933,uyğunsuz,1,1
37934,uyğusuna,1,1
37935,uzadar,1,1
37936,uzadı,1,1
37937,uzadıblar,1,1
37938,uzadır,1,1
37939,uzanan,1,1
37940,uzanar,1,1
37941,uzaqlara,1,1
37942,uzaqlarda,1,1
37943,uzaqlaşdı,1,1
37944,uzaqlaşdılar,1,1
37945,uzaqlaşmayınca,1,1
37946,uzaqlaşsan,1,1
37947,uzatmaq,1,1
37948,uzaxlaşmağa,1,1
37949,uzağa,1,1
37950,uzağı,1,1
37951,uzlaşdim,1,1
37952,uzlaşıram,1,1
37953,uzundu,1,1
37954,uzunqulaq,1,1
37955,uzunqulağı,1,1
37956,uzunsaqqal,1,1
37957,uzunyoxuş,1,1
37958,uzün,1,1
37959,uç,1,1
37960,uçanda,1,1
37961,uçaraq,1,1
37962,uçardın,1,1
37963,uçmalısan,1,1
37964,uçmaqdır,1,1
37965,uçmaz,1,1
37966,uçmusan,1,1
37967,uçmuş,1,1
37968,uçqundur,1,1
37969,uçsa,1,1
37970,uçsun,1,1
37971,uçu,1,1
37972,uçuban,1,1
37973,uçubdur,1,1
37974,uçuldu,1,1
37975,uçuqlatdı,1,1
37976,uçurdu,1,1
37977,uçurdum,1,1
37978,uğramaz,1,1
37979,uğramış,1,1
37980,uğrasaydım,1,1
37981,uğrasın,1,1
37982,uğratdm,1,1
37983,uğratmış,1,1
37984,uğrayana,1,1
37985,uğrayar,1,1
37986,uğrayırlar,1,1
37987,uğraşanda,1,1
37988,uğraşdığınca,1,1
37989,uğur,1,1
37990,uşalan,1,1
37991,uşaqda,1,1
37992,uşaqdan,1,1
37993,uşaqdı,1,1
37994,uşaqdır,1,1
37995,uşaqlara,1,1
37996,uşaqlardır,1,1
37997,uşaqları,1,1
37998,uşaqlarım,1,1
37999,uşaqlığa,1,1
38000,uşaqtəbiətdir,1,1
38001,uşaxları,1,1
38002,uşağam,1,1
38003,uşağına,1,1
38004,uşağını,1,1
38005,uşağının,1,1
38006,uşşaq,1,1
38007,vacibatda,1,1
38008,vacibül,1,1
38009,vacibǝlvücud,1,1
38010,vadilər,1,1
38011,vagüzar,1,1
38012,vahabi,1,1
38013,vahibi,1,1
38014,vahidiyyət,1,1
38015,vahidü,1,1
38016,vahimədən,1,1
38017,vaiza,1,1
38018,vajigun,1,1
38019,valayi,1,1
38020,valehəm,1,1
38021,valideyn,1,1
38022,validə,1,1
38023,validən,1,1
38024,validəsi,1,1
38025,valiyi,1,1
38026,vallahi,1,1
38027,vallahiləzim,1,1
38028,vallahül,1,1
38029,valonların,1,1
38030,vamiq,1,1
38031,vamiqi,1,1
38032,vamiqü,1,1
38033,van,1,1
38034,vanmı,1,1
38035,vaqeədən,1,1
38036,vaqifdir,1,1
38037,vaqifdürür,1,1
38038,vaqifdən,1,1
38039,vaqitı,1,1
38040,vaqivi,1,1
38041,varalı,1,1
38042,varaq,1,1
38043,varda,1,1
38044,vardir,1,1
38045,vardrr,1,1
38046,vardu,1,1
38047,vardurur,1,1
38048,vardım,1,1
38049,vardırsa,1,1
38050,vardısa,1,1
38051,vardığınca,1,1
38052,varis,1,1
38053,varisi,1,1
38054,varisə,1,1
38055,varkən,1,1
38056,varlanan,1,1
38057,varlandı,1,1
38058,varlanıram,1,1
38059,varlıdı,1,1
38060,varlılar,1,1
38061,varlılıqdır,1,1
38062,varlıqda,1,1
38063,varlıqdan,1,1
38064,varlıqdır,1,1
38065,varlığam,1,1
38066,varlığm,1,1
38067,varlığımdan,1,1
38068,varlığına,1,1
38069,varlığının,1,1
38070,varlığınızla,1,1
38071,varlığıyla,1,1
38072,varmadım,1,1
38073,varmaq,1,1
38074,varmaz,1,1
38075,varmazam,1,1
38076,varmışam,1,1
38077,varrılarınnan,1,1
38078,varsanmış,1,1
38079,varü,1,1
38080,varıb,1,1
38081,varıma,1,1
38082,varımdı,1,1
38083,varımdır,1,1
38084,varımı,1,1
38085,varınca,1,1
38086,varındı,1,1
38087,varındımı,1,1
38088,varındır,1,1
38089,varını,1,1
38090,varının,1,1
38091,varır,1,1
38092,varırsa,1,1
38093,varıydısa,1,1
38094,vasildir,1,1
38095,vasitədir,1,1
38096,vasitəçiliyimə,1,1
38097,vav,1,1
38098,vaxtlarında,1,1
38099,vaxtıdı,1,1
38100,vaxtınnan,1,1
38101,vaya,1,1
38102,vayını,1,1
38103,vayışdanırsan,1,1
38104,vazeh,1,1
38105,vediyə,1,1
38106,vefa,1,1
38107,vehyi,1,1
38108,veran,1,1
38109,verdigim,1,1
38110,verdigiçün,1,1
38111,verdikcə,1,1
38112,verdiklərini,1,1
38113,verdiniz,1,1
38114,verdirdi,1,1
38115,verdiyimdən,1,1
38116,verdiyin,1,1
38117,verdiyini,1,1
38118,verdiyinin,1,1
38119,verdiyinə,1,1
38120,vergisindən,1,1
38121,veribsiniz,1,1
38122,veribən,1,1
38123,vericək,1,1
38124,verilib,1,1
38125,verilişlərinə,1,1
38126,verilsə,1,1
38127,verilən,1,1
38128,verincə,1,1
38129,verirdilər,1,1
38130,verirdim,1,1
38131,verirsǝ,1,1
38132,veriş,1,1
38133,vermirdi,1,1
38134,vermişǝm,1,1
38135,vermədim,1,1
38136,vermədədir,1,1
38137,verməgil,1,1
38138,verməliyəm,1,1
38139,verməmişdi,1,1
38140,verməmişsə,1,1
38141,verməriz,1,1
38142,verməsəniz,1,1
38143,verməsəydi,1,1
38144,verməsəydin,1,1
38145,verməsəydnm,1,1
38146,verməyibsən,1,1
38147,verməyimmi,1,1
38148,verməyin,1,1
38149,verməyincə,1,1
38150,verməyəcək,1,1
38151,verməyəcəm,1,1
38152,verməyəjəhlərinə,1,1
38153,verməyələr,1,1
38154,verməyən,1,1
38155,verməzdi,1,1
38156,verməzdim,1,1
38157,verməzsən,1,1
38158,versǝn,1,1
38159,versəydi,1,1
38160,verüb,1,1
38161,verür,1,1
38162,verǝyim,1,1
38163,verəcəksən,1,1
38164,verəcəm,1,1
38165,verəcəyim,1,1
38166,verəjək,1,1
38167,verələr,1,1
38168,verənin,1,1
38169,verərdi,1,1
38170,verərsən,1,1
38171,verəydi,1,1
38172,verəydin,1,1
38173,verəyim,1,1
38174,veyillənib,1,1
38175,veys,1,1
38176,veysül,1,1
38177,vi,1,1
38178,vidə,1,1
38179,vidən,1,1
38180,viii,1,1
38181,viladə,1,1
38182,viladətdə,1,1
38183,viladətim,1,1
38184,vilayǝtdǝn,1,1
38185,vilayətdən,1,1
38186,vili,1,1
38187,virana,1,1
38188,viranda,1,1
38189,virandır,1,1
38190,virane,1,1
38191,virani,1,1
38192,viranım,1,1
38193,viranımda,1,1
38194,viranına,1,1
38195,viranǝlǝr,1,1
38196,viranǝyi,1,1
38197,viranəsi,1,1
38198,viranəsində,1,1
38199,viranəyədir,1,1
38200,virdini,1,1
38201,visalda,1,1
38202,visalindən,1,1
38203,visalinə,1,1
38204,vizri,1,1
38205,vongəhi,1,1
38206,vulkan,1,1
38207,vuracam,1,1
38208,vurammaz,1,1
38209,vurandı,1,1
38210,vurantutan,1,1
38211,vuraq,1,1
38212,vuraram,1,1
38213,vuraraq,1,1
38214,vurdum,1,1
38215,vurdurub,1,1
38216,vurduğun,1,1
38217,vurhavuru,1,1
38218,vurmadan,1,1
38219,vurmaqda,1,1
38220,vurmaqdansa,1,1
38221,vurmaram,1,1
38222,vurmasan,1,1
38223,vurması,1,1
38224,vurmayın,1,1
38225,vurmazam,1,1
38226,vurmuşsan,1,1
38227,vurubdur,1,1
38228,vurulan,1,1
38229,vurular,1,1
38230,vurulma,1,1
38231,vurulmuşdur,1,1
38232,vurulub,1,1
38233,vurursan,1,1
38234,vuruş,1,1
38235,vuruşan,1,1
38236,vuruşardım,1,1
38237,vuruşaydınız,1,1
38238,vuruşma,1,1
38239,vuruşmada,1,1
38240,vuruşmalarda,1,1
38241,vuruşmaq,1,1
38242,vurğac,1,1
38243,vurğulayır,1,1
38244,vurğun,1,1
38245,vurğunuq,1,1
38246,vücuda,1,1
38247,vücudam,1,1
38248,vücudimi,1,1
38249,vücuduma,1,1
38250,vücudumda,1,1
38251,vücudumla,1,1
38252,vücudumu,1,1
38253,vücuduna,1,1
38254,vücudundur,1,1
38255,vücudunu,1,1
38256,vücudə,1,1
38257,vüdudumuz,1,1
38258,vüfuru,1,1
38259,vünunə,1,1
38260,vüqarda,1,1
38261,vüqarla,1,1
38262,vüqarlı,1,1
38263,vürudumuz,1,1
38264,vüsala,1,1
38265,vüsaldan,1,1
38266,vüsalilə,1,1
38267,vüsalindən,1,1
38268,vüsalinlə,1,1
38269,vüsalü,1,1
38270,vüsalımdır,1,1
38271,vüsalınla,1,1
38272,vüsalınlayam,1,1
38273,vüsaləm,1,1
38274,vüsləti,1,1
38275,vüsul,1,1
38276,vüzu,1,1
38277,vüzuh,1,1
38278,vıyıltısını,1,1
38279,vızıldamaq,1,1
38280,vızıldar,1,1
38281,vǝ,1,1
38282,vǝchi,1,1
38283,vǝchindǝ,1,1
38284,vǝchini,1,1
38285,vǝchinǝ,1,1
38286,vǝdeyi,1,1
38287,vǝdǝn,1,1
38288,vǝfa,1,1
38289,vǝqt,1,1
38290,vǝrdi,1,1
38291,vǝsfi,1,1
38292,vǝsfinyi,1,1
38293,vǝslindir,1,1
38294,vǝslini,1,1
38295,vǝzi,1,1
38296,vǝzzüha,1,1
38297,vəbaldır,1,1
38298,vəbali,1,1
38299,vəbalim,1,1
38300,vəbalinə,1,1
38301,vəbalım,1,1
38302,vəbalın,1,1
38303,vəbalına,1,1
38304,vəcahət,1,1
38305,vəcdi,1,1
38306,vəchidir,1,1
38307,vəchin,1,1
38308,vəchindəki,1,1
38309,vəchindən,1,1
38310,vəchinin,1,1
38311,vəchinə,1,1
38312,vəchlə,1,1
38313,vəchü,1,1
38314,vəchə,1,1
38315,vəcəb,1,1
38316,vədini,1,1
38317,vədəm,1,1
38318,vədəndi,1,1
38319,vədəsinə,1,1
38320,vədəyə,1,1
38321,vəehin,1,1
38322,vəfadara,1,1
38323,vəfadarinə,1,1
38324,vəfadarımız,1,1
38325,vəfadəndir,1,1
38326,vəfalar,1,1
38327,vəfalısan,1,1
38328,vəfalər,1,1
38329,vəfanı,1,1
38330,vəfanın,1,1
38331,vəfasını,1,1
38332,vəfasızdı,1,1
38333,vəfasızım,1,1
38334,vəfasə,1,1
38335,vəfavü,1,1
38336,vəfayinə,1,1
38337,vəfayə,1,1
38338,vəgər,1,1
38339,vəhabilərə,1,1
38340,vəhdəhuəl,1,1
38341,vəhdətdə,1,1
38342,vəhdətdən,1,1
38343,vəhdətim,1,1
38344,vəhdətəm,1,1
38345,vəhmdən,1,1
38346,vəhmü,1,1
38347,vəhydir,1,1
38348,vəhyin,1,1
38349,vəhyvəşin,1,1
38350,vəhş,1,1
38351,vəhşiyəm,1,1
38352,vəhşətdir,1,1
38353,vəhşətdən,1,1
38354,vəhşətim,1,1
38355,vəhşətin,1,1
38356,vəhşətindən,1,1
38357,vəhşətlə,1,1
38358,vəkilinsən,1,1
38359,vəkillik,1,1
38360,vəlcinnü,1,1
38361,vəleykən,1,1
38362,vəlidir,1,1
38363,vəlini,1,1
38364,vəliəhdik,1,1
38365,vəllahu,1,1
38366,vəllyl,1,1
38367,vəlqələm,1,1
38368,vəlı,1,1
38369,vəlеykin,1,1
38370,vəqtdir,1,1
38371,vəqtdə,1,1
38372,vəqtkən,1,1
38373,vəqtlərdü,1,1
38374,vəqtsən,1,1
38375,vəqtüvə,1,1
38376,vəqtəm,1,1
38377,vəqtərib,1,1
38378,vərdim,1,1
38379,vərdü,1,1
38380,vərid,1,1
38381,vərnə,1,1
38382,vərqa,1,1
38383,vərteyi,1,1
38384,vərtədən,1,1
38385,vərəm,1,1
38386,vərəqdir,1,1
38387,vərəqdə,1,1
38388,vərəqlər,1,1
38389,vərəqsən,1,1
38390,vərəü,1,1
38391,vəscud,1,1
38392,vəscüdü,1,1
38393,vəsfidi,1,1
38394,vəsfimi,1,1
38395,vəsfinin,1,1
38396,vəsflər,1,1
38397,vəsfın,1,1
38398,vəsi,1,1
38399,vəsiyyətini,1,1
38400,vəsldir,1,1
38401,vəslihi,1,1
38402,vəslilə,1,1
38403,vəslimi,1,1
38404,vəslimə,1,1
38405,vəslindir,1,1
38406,vəslüvi,1,1
38407,vəslüvə,1,1
38408,vəsmədən,1,1
38409,vəsməli,1,1
38410,vəssaf,1,1
38411,vəssəlam,1,1
38412,vəsvas,1,1
38413,vəsvini,1,1
38414,vəttur,1,1
38415,vətənimdə,1,1
38416,vətənimdən,1,1
38417,vətənindən,1,1
38418,vətəninə,1,1
38419,vəxti,1,1
38420,vəzdən,1,1
38421,vəzifəsi,1,1
38422,vəzin,1,1
38423,vəziri,1,1
38424,vəzirimdir,1,1
38425,vəzirinə,1,1
38426,vəziriylə,1,1
38427,vəzirlik,1,1
38428,vəziyyət,1,1
38429,vəziyyətim,1,1
38430,vəziyyətimiz,1,1
38431,vəziyyətinnən,1,1
38432,vəzni,1,1
38433,vəznü,1,1
38434,vеrdicəyim,1,1
38435,vеrdikcə,1,1
38436,vеrdikləri,1,1
38437,vеrdiniz,1,1
38438,vеrdiyi,1,1
38439,vеrgi,1,1
38440,vеrgil,1,1
38441,vеribdi,1,1
38442,vеribsiniz,1,1
38443,vеribsinizsə,1,1
38444,vеrilib,1,1
38445,vеrillər,1,1
38446,vеrin,1,1
38447,vеrirdi,1,1
38448,vеrmirdi,1,1
38449,vеrmişdilər,1,1
38450,vеrmişəm,1,1
38451,vеrmədilər,1,1
38452,vеrmədim,1,1
38453,vеrmədin,1,1
38454,vеrmədinizmi,1,1
38455,vеrməsin,1,1
38456,vеrməsə,1,1
38457,vеrməsəniz,1,1
38458,vеrməyin,1,1
38459,vеrməyələr,1,1
38460,vеrməyəydilər,1,1
38461,vеrsinnər,1,1
38462,vеrsə,1,1
38463,vеrəcəksən,1,1
38464,vеrəcəyik,1,1
38465,vеrəndən,1,1
38466,vеrərdi,1,1
38467,vеrərlər,1,1
38468,vеrərsiz,1,1
38469,vеrərsənmi,1,1
38470,vәbal,1,1
38471,xabdən,1,1
38472,xabından,1,1
38473,xacǝmin,1,1
38474,xacənin,1,1
38475,xacəyi,1,1
38476,xadimani,1,1
38477,xadimdir,1,1
38478,xadimin,1,1
38479,xadiqi,1,1
38480,xain,1,1
38481,xaindi,1,1
38482,xaindir,1,1
38483,xainlər,1,1
38484,xainsiz,1,1
38485,xainü,1,1
38486,xakdanə,1,1
38487,xakdir,1,1
38488,xakidandan,1,1
38489,xakidani,1,1
38490,xakinin,1,1
38491,xakisar,1,1
38492,xakisari,1,1
38493,xakisarəm,1,1
38494,xakistərim,1,1
38495,xakistərimdə,1,1
38496,xakpayi,1,1
38497,xaksar,1,1
38498,xakü,1,1
38499,xalam,1,1
38500,xalasının,1,1
38501,xalda,1,1
38502,xalidir,1,1
38503,xalindəki,1,1
38504,xalini,1,1
38505,xaliqdə,1,1
38506,xaliqindən,1,1
38507,xaliqülbəşər,1,1
38508,xaliqə,1,1
38509,xalist,1,1
38510,xalisü,1,1
38511,xalisə,1,1
38512,xalisəvü,1,1
38513,xaliyi,1,1
38514,xalların,1,1
38515,xallının,1,1
38516,xaltani,1,1
38517,xalxalımı,1,1
38518,xalxın,1,1
38519,xalça,1,1
38520,xalçası,1,1
38521,xalçasın,1,1
38522,xalıgəbəni,1,1
38523,xalında,1,1
38524,xalını,1,1
38525,xalınız,1,1
38526,xaləfəl,1,1
38527,xaləm,1,1
38528,xama,1,1
38529,xameyi,1,1
38530,xamlar,1,1
38531,xamusu,1,1
38532,xamı,1,1
38533,xamına,1,1
38534,xamədir,1,1
38535,xaməsi,1,1
38536,xanaya,1,1
38537,xancani,1,1
38538,xandadir,1,1
38539,xandaninəm,1,1
38540,xandasan,1,1
38541,xandı,1,1
38542,xanimamım,1,1
38543,xanimani,1,1
38544,xanimanımı,1,1
38545,xanimanın,1,1
38546,xanları,1,1
38547,xanlıq,1,1
38548,xanlıği,1,1
38549,xanqərvənd,1,1
38550,xanqərvəndin,1,1
38551,xanzadeyi,1,1
38552,xanüman,1,1
38553,xanımızdır,1,1
38554,xanǝdan,1,1
38555,xanəbərəndazlərin,1,1
38556,xanədanam,1,1
38557,xanədanə,1,1
38558,xanədə,1,1
38559,xanəgahın,1,1
38560,xanəgəhi,1,1
38561,xanəndədən,1,1
38562,xanəndələrin,1,1
38563,xanəsidir,1,1
38564,xanəxərab,1,1
38565,xanəyə,1,1
38566,xanеyi,1,1
38567,xaqana,1,1
38568,xaqandır,1,1
38569,xaqanidir,1,1
38570,xaqanitək,1,1
38571,xaqanla,1,1
38572,xaqanü,1,1
38573,xaqanın,1,1
38574,xaqanına,1,1
38575,xaqanıyam,1,1
38576,xarabazar,1,1
38577,xaradır,1,1
38578,xardən,1,1
38579,xaric,1,1
38580,xarici,1,1
38581,xarinə,1,1
38582,xariqəni,1,1
38583,xariçi,1,1
38584,xarkəşlik,1,1
38585,xarmı,1,1
38586,xarrat,1,1
38587,xarratın,1,1
38588,xarsız,1,1
38589,xarvəş,1,1
38590,xarından,1,1
38591,xarǝ,1,1
38592,xasdı,1,1
38593,xasdır,1,1
38594,xasir,1,1
38595,xasiyyətcə,1,1
38596,xasiyyətim,1,1
38597,xasiyyətindən,1,1
38598,xasiyyətini,1,1
38599,xasiyyətlə,1,1
38600,xasü,1,1
38601,xasüam,1,1
38602,xasından,1,1
38603,xatalar,1,1
38604,xati,1,1
38605,xatirdağ,1,1
38606,xatirimdir,1,1
38607,xatirimdə,1,1
38608,xatirimi,1,1
38609,xatirimiz,1,1
38610,xatirimlə,1,1
38611,xatirində,1,1
38612,xatrın,1,1
38613,xatrına,1,1
38614,xatuni,1,1
38615,xatırlada,1,1
38616,xatırladan,1,1
38617,xatəmdən,1,1
38618,xatəmin,1,1
38619,xavǝridir,1,1
38620,xavər,1,1
38621,xavərə,1,1
38622,xayalə,1,1
38623,xayışını,1,1
38624,xazindir,1,1
38625,xaça,1,1
38626,xaçan,1,1
38627,xaçpərəst,1,1
38628,xaçpərəstli,1,1
38629,xaçpərəstlə,1,1
38630,xaçpərəstlər,1,1
38631,xaçpәrәstlәr,1,1
38632,xaçtək,1,1
38633,xaçımı,1,1
38634,xaçın,1,1
38635,xaşak,1,1
38636,xaşakdır,1,1
38637,xaşakini,1,1
38638,xaşakinə,1,1
38639,xaşakı,1,1
38640,xaşbulaq,1,1
38641,xelqi,1,1
38642,xendan,1,1
38643,xeta,1,1
38644,xetaya,1,1
38645,xeybǝr,1,1
38646,xeybərin,1,1
38647,xeyirdimi,1,1
38648,xeyirliyə,1,1
38649,xeyirvan,1,1
38650,xeyirxah,1,1
38651,xeyirxahdır,1,1
38652,xeylini,1,1
38653,xeylinə,1,1
38654,xeymeyi,1,1
38655,xeymələr,1,1
38656,xeyməyə,1,1
38657,xeyrdir,1,1
38658,xeyrimizdən,1,1
38659,xeyrxahi,1,1
38660,xezane,1,1
38661,xi,1,1
38662,xidmǝt,1,1
38663,xidmǝtinǝ,1,1
38664,xidmətim,1,1
38665,xidmətindən,1,1
38666,xidmətlər,1,1
38667,xidmətçidir,1,1
38668,xidmətçisi,1,1
38669,xiffət,1,1
38670,xilafat,1,1
38671,xilafət,1,1
38672,xilafətdə,1,1
38673,xilasi,1,1
38674,xilasım,1,1
38675,xilqətdir,1,1
38676,xilqətik,1,1
38677,xilqətin,1,1
38678,xilqətü,1,1
38679,xinzir,1,1
38680,xirdar,1,1
38681,xiridar,1,1
38682,xiridari,1,1
38683,xiridarı,1,1
38684,xiridarıdır,1,1
38685,xiridarə,1,1
38686,xirmənin,1,1
38687,xirməninə,1,1
38688,xirqası,1,1
38689,xirqeyi,1,1
38690,xirqəsin,1,1
38691,xirqəsində,1,1
38692,xirqəvü,1,1
38693,xirqəyə,1,1
38694,xirədməndi,1,1
38695,xirədməndəm,1,1
38696,xisal,1,1
38697,xislət,1,1
38698,xisləti,1,1
38699,xislətidir,1,1
38700,xislətin,1,1
38701,xislətini,1,1
38702,xitabü,1,1
38703,xitabı,1,1
38704,xitteyi,1,1
38705,xiyabani,1,1
38706,xiyalıma,1,1
38707,xiyarca,1,1
38708,xiyardan,1,1
38709,xiyarı,1,1
38710,xiyarın,1,1
38711,xiyşinə,1,1
38712,xizab,1,1
38713,xizar,1,1
38714,xizradır,1,1
38715,xizrü,1,1
38716,xizrə,1,1
38717,xişti,1,1
38718,xlasilǝ,1,1
38719,xocǝnd,1,1
38720,xocəstə,1,1
38721,xoftan,1,1
38722,xofu,1,1
38723,xofundan,1,1
38724,xofü,1,1
38725,xorasanda,1,1
38726,xorasandan,1,1
38727,xorasani,1,1
38728,xorasanı,1,1
38729,xorasanın,1,1
38730,xorasanə,1,1
38731,xortum,1,1
38732,xortumuna,1,1
38733,xoruldamağa,1,1
38734,xoruzdur,1,1
38735,xoruzun,1,1
38736,xoryada,1,1
38737,xoryat,1,1
38738,xosrovu,1,1
38739,xosrovü,1,1
38740,xosrövlər,1,1
38741,xotkarlar,1,1
38742,xovfdən,1,1
38743,xovfi,1,1
38744,xovfini,1,1
38745,xoxanoğlu,1,1
38746,xoya,1,1
38747,xoydakı,1,1
38748,xoydan,1,1
38749,xoyinə,1,1
38750,xoylu,1,1
38751,xoylunun,1,1
38752,xoyu,1,1
38753,xoyun,1,1
38754,xoşavaz,1,1
38755,xoşbalayǝ,1,1
38756,xoşdil,1,1
38757,xoşfəzadır,1,1
38758,xoşgöftara,1,1
38759,xoşgüvar,1,1
38760,xoşgüvarım,1,1
38761,xoşgəldin,1,1
38762,xoşhaldı,1,1
38763,xoşla,1,1
38764,xoşlayır,1,1
38765,xoşluqla,1,1
38766,xoşləhcə,1,1
38767,xoşmizacü,1,1
38768,xoşməqalına,1,1
38769,xoşməzə,1,1
38770,xoşnigəhim,1,1
38771,xoşnitq,1,1
38772,xoşnümadı,1,1
38773,xoşqamət,1,1
38774,xoşrəftar,1,1
38775,xoşrəftarın,1,1
38776,xoşrəftarə,1,1
38777,xoşsa,1,1
38778,xoşsifət,1,1
38779,xoşsifətli,1,1
38780,xoşsöhbət,1,1
38781,xoştinət,1,1
38782,xoştər,1,1
38783,xoşun,1,1
38784,xoşundan,1,1
38785,xoşxan,1,1
38786,xoşxəbər,1,1
38787,xoşzəbanə,1,1
38788,xoşədavü,1,1
38789,xoşəlhan,1,1
38790,xoşəlhanım,1,1
38791,xoşələf,1,1
38792,xoşətri,1,1
38793,xristian,1,1
38794,xristianlıqda,1,1
38795,xrom,1,1
38796,xromdan,1,1
38797,xromu,1,1
38798,xsh_se,1,1
38799,xtilafati,1,1
38800,xtilatın,1,1
38801,xtiyarımdadı,1,1
38802,xtiyarımladır,1,1
38803,xubani,1,1
38804,xubanım,1,1
38805,xubanə,1,1
38806,xubdur,1,1
38807,xubin,1,1
38808,xubları,1,1
38809,xubluq,1,1
38810,xublərin,1,1
38811,xubsurətlərdən,1,1
38812,xubtinət,1,1
38813,xubum,1,1
38814,xubun,1,1
38815,xudadandı,1,1
38816,xudadur,1,1
38817,xudafisləşəndə,1,1
38818,xudafizləşib,1,1
38819,xudahafiz,1,1
38820,xudahafizləşib,1,1
38821,xudanəgərdə,1,1
38822,xudavənd,1,1
38823,xudayam,1,1
38824,xudayü,1,1
38825,xudayǝ,1,1
38826,xudbinlik,1,1
38827,xudkeş,1,1
38828,xudkеşlərin,1,1
38829,xudpərəst,1,1
38830,xuki,1,1
38831,xuluflu,1,1
38832,xumara,1,1
38833,xumarlandı,1,1
38834,xumarım,1,1
38835,xumarına,1,1
38836,xumarının,1,1
38837,xumarǝm,1,1
38838,xumarə,1,1
38839,xumistan,1,1
38840,xummara,1,1
38841,xumri,1,1
38842,xunabə,1,1
38843,xunaludi,1,1
38844,xunbarı,1,1
38845,xunbarındadır,1,1
38846,xunbarə,1,1
38847,xunfəşan,1,1
38848,xunfəşanın,1,1
38849,xunrizindən,1,1
38850,xunrizlikdən,1,1
38851,xunxarı,1,1
38852,xunxarındadır,1,1
38853,xunxarǝlǝr,1,1
38854,xunxarəligi,1,1
38855,xunəfşanə,1,1
38856,xuram,1,1
38857,xuramanımda,1,1
38858,xuramanınca,1,1
38859,xuramanını,1,1
38860,xuramanə,1,1
38861,xuramının,1,1
38862,xurda,1,1
38863,xurdad,1,1
38864,xurdü,1,1
38865,xurdədan,1,1
38866,xurmalar,1,1
38867,xurmanın,1,1
38868,xurması,1,1
38869,xurmaya,1,1
38870,xurmaydı,1,1
38871,xurrəm,1,1
38872,xurşiddəndir,1,1
38873,xurşidgun,1,1
38874,xurşidimi,1,1
38875,xurşidimiş,1,1
38876,xurşidimə,1,1
38877,xurşidrux,1,1
38878,xurşidvar,1,1
38879,xurşudi,1,1
38880,xutkeşlərin,1,1
38881,xutən,1,1
38882,xuşidbanu,1,1
38883,xuşəçin,1,1
38884,xuşəçini,1,1
38885,xvi,1,1
38886,xyrşidi,1,1
38887,xyrşidü,1,1
38888,xzır,1,1
38889,xöcəstə,1,1
38890,xörəkdə,1,1
38891,xörəklə,1,1
38892,xörəyim,1,1
38893,xörəyindir,1,1
38894,xörəyinin,1,1
38895,xötai,1,1
38896,xötən,1,1
38897,xövfü,1,1
38898,xövfüm,1,1
38899,xücəstə,1,1
38900,xücəstəliqa,1,1
38901,xüddam,1,1
38902,xüddamləri,1,1
38903,xüdtələb,1,1
38904,xüftanım,1,1
38905,xüfte,1,1
38906,xüldi,1,1
38907,xüldə,1,1
38908,xülqün,1,1
38909,xüm,1,1
38910,xümarü,1,1
38911,xümistan,1,1
38912,xümsün,1,1
38913,xümxanə,1,1
38914,xünbarə,1,1
38915,xünəm,1,1
38916,xürafatə,1,1
38917,xüramanın,1,1
38918,xürdsalə,1,1
38919,xürdə,1,1
38920,xürrǝm,1,1
38921,xürrəmliyim,1,1
38922,xürrəməm,1,1
38923,xürus,1,1
38924,xürusdən,1,1
38925,xürusi,1,1
38926,xürşid,1,1
38927,xürşiddən,1,1
38928,xüsusda,1,1
38929,xüsusilə,1,1
38930,xüsusiyyət,1,1
38931,xütbədə,1,1
38932,xütbədən,1,1
38933,xütbət,1,1
38934,xütteyi,1,1
38935,xütəni,1,1
38936,xütənə,1,1
38937,xüzrilə,1,1
38938,xüşgləb,1,1
38939,xüşkdən,1,1
38940,xıdır,1,1
38941,xılta,1,1
38942,xıltsız,1,1
38943,xınalı,1,1
38944,xındınstana,1,1
38945,xındırıstana,1,1
38946,xındırıstandan,1,1
38947,xınzır,1,1
38948,xırdaları,1,1
38949,xırdasını,1,1
38950,xırman,1,1
38951,xırmana,1,1
38952,xırmanında,1,1
38953,xırsi,1,1
38954,xızrasa,1,1
38955,xızri,1,1
38956,xızrtək,1,1
38957,xızrxana,1,1
38958,xızrü,1,1
38959,xızrım,1,1
38960,xızrını,1,1
38961,xızrǝm,1,1
38962,xızıra,1,1
38963,xızırın,1,1
38964,xǝbǝrdir,1,1
38965,xǝdǝngi,1,1
38966,xǝlayiqi,1,1
38967,xǝlil,1,1
38968,xǝlvǝtǝm,1,1
38969,xǝmirtǝk,1,1
38970,xǝncǝr,1,1
38971,xǝncǝri,1,1
38972,xǝndandır,1,1
38973,xǝndanıma,1,1
38974,xǝndanǝ,1,1
38975,xǝrc,1,1
38976,xǝrgahimiz,1,1
38977,xǝsisi,1,1
38978,xǝstǝdiltǝk,1,1
38979,xǝstǝnin,1,1
38980,xǝstǝvü,1,1
38981,xǝstǝyi,1,1
38982,xǝstǝyǝ,1,1
38983,xǝstǝyǝm,1,1
38984,xǝtadǝ,1,1
38985,xǝtaidǝn,1,1
38986,xǝtaini,1,1
38987,xǝtaiyǝm,1,1
38988,xǝtasız,1,1
38989,xǝti,1,1
38990,xǝtindir,1,1
38991,xǝtlǝn,1,1
38992,xǝtm,1,1
38993,xǝtti,1,1
38994,xǝttin,1,1
38995,xǝttü,1,1
38996,xǝtǝrdir,1,1
38997,xǝtǝrdǝn,1,1
38998,xǝvaric,1,1
38999,xǝvariclǝr,1,1
39000,xǝyalı,1,1
39001,xǝzǝn,1,1
39002,xəbais,1,1
39003,xəbisati,1,1
39004,xəbisinin,1,1
39005,xəbərdardı,1,1
39006,xəbərdir,1,1
39007,xəbərdən,1,1
39008,xəbərdər,1,1
39009,xəbərlərdən,1,1
39010,xəbərləri,1,1
39011,xəbərsizdir,1,1
39012,xəbərsizsən,1,1
39013,xəcalətdi,1,1
39014,xəcalətdən,1,1
39015,xəcalətləndi,1,1
39016,xəccac,1,1
39017,xəcildir,1,1
39018,xəciləm,1,1
39019,xədd,1,1
39020,xədicədən,1,1
39021,xədicəni,1,1
39022,xədəiki,1,1
39023,xədəngilə,1,1
39024,xəffaşi,1,1
39025,xəfidir,1,1
39026,xəfif,1,1
39027,xəft,1,1
39028,xəl,1,1
39029,xəlayiq,1,1
39030,xəlayiqi,1,1
39031,xəlayiqlər,1,1
39032,xəlfədir,1,1
39033,xəlfəyə,1,1
39034,xəlifeyi,1,1
39035,xəlifə,1,1
39036,xəlifədir,1,1
39037,xəlifələr,1,1
39038,xəlifənin,1,1
39039,xəlifəydi,1,1
39040,xəlildi,1,1
39041,xəlili,1,1
39042,xəlilüllah,1,1
39043,xəlilüllahı,1,1
39044,xəliqi,1,1
39045,xəllaqi,1,1
39046,xəlqdir,1,1
39047,xəlqdə,1,1
39048,xəlqindən,1,1
39049,xəlqinə,1,1
39050,xəlqlər,1,1
39051,xəlvətgəhinə,1,1
39052,xəlvətinə,1,1
39053,xəlvətnişin,1,1
39054,xəlvətnişinə,1,1
39055,xəlvətsərasın,1,1
39056,xələfi,1,1
39057,xələli,1,1
39058,xələllər,1,1
39059,xələtidi,1,1
39060,xələtini,1,1
39061,xələtlə,1,1
39062,xələtlər,1,1
39063,xəmin,1,1
39064,xəmir,1,1
39065,xəmli,1,1
39066,xəmrəvü,1,1
39067,xəncərdir,1,1
39068,xəncərdən,1,1
39069,xəncərinlə,1,1
39070,xəncərinə,1,1
39071,xəncərlərin,1,1
39072,xəndandan,1,1
39073,xəndandır,1,1
39074,xəndanmıdır,1,1
39075,xəndanınca,1,1
39076,xəndanını,1,1
39077,xəndə,1,1
39078,xəndəkdi,1,1
39079,xəndеyi,1,1
39080,xənnas,1,1
39081,xəraba,1,1
39082,xərabat,1,1
39083,xərabatə,1,1
39084,xərabimdən,1,1
39085,xərabı,1,1
39086,xərabədə,1,1
39087,xərabəsi,1,1
39088,xərabəyə,1,1
39089,xərcliyi,1,1
39090,xərcləsinlər,1,1
39091,xərcləyəndən,1,1
39092,xərgahı,1,1
39093,xəri,1,1
39094,xəricərkirpikli,1,1
39095,xərmöhrəni,1,1
39096,xərmən,1,1
39097,xərmənidir,1,1
39098,xərmənlənir,1,1
39099,xərmənə,1,1
39100,xərsənd,1,1
39101,xərçəng,1,1
39102,xərçəngə,1,1
39103,xəsail,1,1
39104,xəsis,1,1
39105,xəsisdə,1,1
39106,xəsisləri,1,1
39107,xəsislərin,1,1
39108,xəsissən,1,1
39109,xəsisə,1,1
39110,xəsm,1,1
39111,xəstavi,1,1
39112,xəsteyi,1,1
39113,xəstiyə,1,1
39114,xəstədilin,1,1
39115,xəstədillər,1,1
39116,xəstədir,1,1
39117,xəstəliyi,1,1
39118,xəstəliyini,1,1
39119,xəstəliyə,1,1
39120,xəstələnmiş,1,1
39121,xəstələnən,1,1
39122,xəstələri,1,1
39123,xəstənəm,1,1
39124,xəstəvü,1,1
39125,xətada,1,1
39126,xətadə,1,1
39127,xətalər,1,1
39128,xətanı,1,1
39129,xətası,1,1
39130,xətasını,1,1
39131,xətavü,1,1
39132,xətayidir,1,1
39133,xətayinin,1,1
39134,xətayiyəm,1,1
39135,xətini,1,1
39136,xətinə,1,1
39137,xətlərdən,1,1
39138,xətləri,1,1
39139,xətmi,1,1
39140,xətməsinin,1,1
39141,xətrin,1,1
39142,xəttarəm,1,1
39143,xəttidir,1,1
39144,xəttimə,1,1
39145,xəttində,1,1
39146,xəttiylə,1,1
39147,xətən,1,1
39148,xətərim,1,1
39149,xətərnak,1,1
39150,xətərnakdir,1,1
39151,xəvaric,1,1
39152,xəvas,1,1
39153,xəvasi,1,1
39154,xəvər,1,1
39155,xəyalatdan,1,1
39156,xəyalda,1,1
39157,xəyaldasan,1,1
39158,xəyaldır,1,1
39159,xəyalim,1,1
39160,xəyalinə,1,1
39161,xəyaliyle,1,1
39162,xəyalla,1,1
39163,xəyalımda,1,1
39164,xəyalımdır,1,1
39165,xəyalımız,1,1
39166,xəyalından,1,1
39167,xəyalındır,1,1
39168,xəyalınla,1,1
39169,xəyalıyla,1,1
39170,xəyalət,1,1
39171,xəyanatı,1,1
39172,xəyanətdir,1,1
39173,xəyanətlə,1,1
39174,xəzanasıdı,1,1
39175,xəzanasına,1,1
39176,xəzandan,1,1
39177,xəzandır,1,1
39178,xəzani,1,1
39179,xəzanədir,1,1
39180,xəzanədəndir,1,1
39181,xəzanəm,1,1
39182,xəzini,1,1
39183,xəzinədan,1,1
39184,xəzinədarı,1,1
39185,xəzinələr,1,1
39186,xəzinəm,1,1
39187,xəzinəni,1,1
39188,xəzinənin,1,1
39189,xəzinəsinin,1,1
39190,xəzinəsisən,1,1
39191,xəznədarı,1,1
39192,xəznəsidir,1,1
39193,xəznəsindən,1,1
39194,xəznəsinə,1,1
39195,xəzra,1,1
39196,xəzrana,1,1
39197,xəzranda,1,1
39198,xəzrdir,1,1
39199,xəzəf,1,1
39200,xəzəl,1,1
39201,xəşbulaqdan,1,1
39202,xəşbulağa,1,1
39203,xəşxaşi,1,1
39204,xе,1,1
39205,xеyirrikən,1,1
39206,xоsrоvi,1,1
39207,xоylum,1,1
39208,xоşrəftarının,1,1
39209,xоştər,1,1
39210,xәcalәt,1,1
39211,xәlq,1,1
39212,yabancı,1,1
39213,yabanda,1,1
39214,yabançı,1,1
39215,yabanı,1,1
39216,yabım,1,1
39217,yabını,1,1
39218,yabıya,1,1
39219,yadaşı,1,1
39220,yaddaşı,1,1
39221,yadimə,1,1
39222,yadinǝ,1,1
39223,yadlar,1,1
39224,yadlıq,1,1
39225,yadım,1,1
39226,yadımdadı,1,1
39227,yadımdan,1,1
39228,yadındadır,1,1
39229,yadınızda,1,1
39230,yala,1,1
39231,yalana,1,1
39232,yalangetsək,1,1
39233,yalanlar,1,1
39234,yalanmaq,1,1
39235,yalançının,1,1
39236,yalançıya,1,1
39237,yalanı,1,1
39238,yalanının,1,1
39239,yalavac,1,1
39240,yalayarlar,1,1
39241,yalları,1,1
39242,yalqızam,1,1
39243,yaltaq,1,1
39244,yalvaracaq,1,1
39245,yalvarar,1,1
39246,yalvarasan,1,1
39247,yalvardılar,1,1
39248,yalvarmaq,1,1
39249,yalvarmağa,1,1
39250,yalvarır,1,1
39251,yalvarırdım,1,1
39252,yalvarış,1,1
39253,yalvarışları,1,1
39254,yalvarə,1,1
39255,yalı,1,1
39256,yalınız,1,1
39257,yamacı,1,1
39258,yamanca,1,1
39259,yamandan,1,1
39260,yamanlıqdır,1,1
39261,yamanlığa,1,1
39262,yamansan,1,1
39263,yamaq,1,1
39264,yamaqçı,1,1
39265,yamağın,1,1
39266,yamin,1,1
39267,yamsılasa,1,1
39268,yanacaq,1,1
39269,yanacaqdır,1,1
39270,yanadır,1,1
39271,yanalı,1,1
39272,yanana,1,1
39273,yanaqların,1,1
39274,yanaqlarından,1,1
39275,yanardım,1,1
39276,yanarmǝn,1,1
39277,yanaydı,1,1
39278,yanağların,1,1
39279,yanağlu,1,1
39280,yanağun,1,1
39281,yanağıma,1,1
39282,yanağımı,1,1
39283,yanağına,1,1
39284,yanağınavü,1,1
39285,yanağını,1,1
39286,yanağə,1,1
39287,yanaşma,1,1
39288,yanaşılmalıdır,1,1
39289,yanaşıram,1,1
39290,yanaşırıq,1,1
39291,yandılar,1,1
39292,yandıma,1,1
39293,yandın,1,1
39294,yandınb,1,1
39295,yandıqca,1,1
39296,yandırarlar,1,1
39297,yandırasan,1,1
39298,yandırdılar,1,1
39299,yandırdım,1,1
39300,yandırdığın,1,1
39301,yandırmaq,1,1
39302,yandırmışdır,1,1
39303,yandırub,1,1
39304,yandırıbdır,1,1
39305,yandırırdılar,1,1
39306,yandırırsan,1,1
39307,yandığm,1,1
39308,yandığımız,1,1
39309,yandığın,1,1
39310,yanimdə,1,1
39311,yanlarından,1,1
39312,yanm,1,1
39313,yanmadan,1,1
39314,yanmaqda,1,1
39315,yanmayım,1,1
39316,yanmazsan,1,1
39317,yanmda,1,1
39318,yanmsaqqalı,1,1
39319,yanmçıx,1,1
39320,yanmırsanmı,1,1
39321,yanmışın,1,1
39322,yannam,1,1
39323,yannarına,1,1
39324,yansı,1,1
39325,yanum,1,1
39326,yanğın,1,1
39327,yanıban,1,1
39328,yanıbdır,1,1
39329,yanıda,1,1
39330,yanıdır,1,1
39331,yanılmamışdı,1,1
39332,yanım,1,1
39333,yanımcax,1,1
39334,yanımdakı,1,1
39335,yanımdasan,1,1
39336,yanımızda,1,1
39337,yanınan,1,1
39338,yanındakın,1,1
39339,yanındaydı,1,1
39340,yanınnan,1,1
39341,yanınızdala,1,1
39342,yanıxlı,1,1
39343,yanışmadıq,1,1
39344,yanşaqdakı,1,1
39345,yanşı,1,1
39346,yanǝdir,1,1
39347,yanəsi,1,1
39348,yanəsidir,1,1
39349,yapa,1,1
39350,yapalaqlar,1,1
39351,yapalaxlar,1,1
39352,yapar,1,1
39353,yaparam,1,1
39354,yapasan,1,1
39355,yapmağa,1,1
39356,yaprağı,1,1
39357,yaprağə,1,1
39358,yapıcı,1,1
39359,yapıncılı,1,1
39360,yapışar,1,1
39361,yapışdırmışdı,1,1
39362,yapışdırıram,1,1
39363,yapışsa,1,1
39364,yaqan,1,1
39365,yaqasın,1,1
39366,yaqdın,1,1
39367,yaqdınsa,1,1
39368,yaqma,1,1
39369,yaqmayalar,1,1
39370,yaqub,1,1
39371,yaquba,1,1
39372,yaqublu,1,1
39373,yaqutum,1,1
39374,yaqutunu,1,1
39375,yaqutü,1,1
39376,yaradanda,1,1
39377,yaradandı,1,1
39378,yaradanım,1,1
39379,yaradanın,1,1
39380,yaradarkən,1,1
39381,yaralamaqla,1,1
39382,yaralandı,1,1
39383,yaralanmış,1,1
39384,yaraları,1,1
39385,yaralarım,1,1
39386,yaraların,1,1
39387,yaralıdır,1,1
39388,yaralıları,1,1
39389,yaralısan,1,1
39390,yaralıyam,1,1
39391,yaramaza,1,1
39392,yaramazlara,1,1
39393,yaramazlıq,1,1
39394,yaramazın,1,1
39395,yaramazını,1,1
39396,yaramdan,1,1
39397,yaramiyə,1,1
39398,yaramı,1,1
39399,yaranal,1,1
39400,yarandığı,1,1
39401,yarandığını,1,1
39402,yarani,1,1
39403,yaranmamış,1,1
39404,yaranmayıb,1,1
39405,yaranmışdır,1,1
39406,yaransa,1,1
39407,yaransın,1,1
39408,yaranı,1,1
39409,yaranıbdır,1,1
39410,yaranıdır,1,1
39411,yaranırsan,1,1
39412,yaraqlı,1,1
39413,yararlar,1,1
39414,yarasa,1,1
39415,yaratdım,1,1
39416,yaratdığnı,1,1
39417,yaratdığı,1,1
39418,yaratmaq,1,1
39419,yaratmaqda,1,1
39420,yaratmaqdır,1,1
39421,yaratmaqla,1,1
39422,yaratmışam,1,1
39423,yaratmışdı,1,1
39424,yaratsa,1,1
39425,yaratsam,1,1
39426,yaratsın,1,1
39427,yaraşar,1,1
39428,yaraşarmı,1,1
39429,yaraşmırsa,1,1
39430,yaraşıqdı,1,1
39431,yaraşıqdır,1,1
39432,yaraşıxda,1,1
39433,yaraşıxlıydı,1,1
39434,yardı,1,1
39435,yardım,1,1
39436,yardımıyla,1,1
39437,yardə,1,1
39438,yardən,1,1
39439,yardəndir,1,1
39440,yaridən,1,1
39441,yarilǝ,1,1
39442,yarimə,1,1
39443,yarin,1,1
39444,yariğarım,1,1
39445,yarla,1,1
39446,yarlar,1,1
39447,yarların,1,1
39448,yarlı,1,1
39449,yarlığayın,1,1
39450,yarlərə,1,1
39451,yarması,1,1
39452,yarpaqda,1,1
39453,yarpaqla,1,1
39454,yarpaqlarını,1,1
39455,yarpağa,1,1
39456,yarpağın,1,1
39457,yarpağına,1,1
39458,yarpağısan,1,1
39459,yarpızlılar,1,1
39460,yarpızlıqda,1,1
39461,yarpızlıya,1,1
39462,yarsız,1,1
39463,yaru,1,1
39464,yarub,1,1
39465,yarğu,1,1
39466,yarğusunu,1,1
39467,yarıb,1,1
39468,yarıdı,1,1
39469,yarıdırdıq,1,1
39470,yarılır,1,1
39471,yarımadıq,1,1
39472,yarımaq,1,1
39473,yarımla,1,1
39474,yarımsaqqalı,1,1
39475,yarınam,1,1
39476,yarının,1,1
39477,yarısında,1,1
39478,yarıya,1,1
39479,yarəli,1,1
39480,yarələr,1,1
39481,yarəm,1,1
39482,yarəndən,1,1
39483,yarəsi,1,1
39484,yarəsini,1,1
39485,yasaladılar,1,1
39486,yasaqlı,1,1
39487,yasar,1,1
39488,yasindir,1,1
39489,yasinü,1,1
39490,yaslanır,1,1
39491,yassar,1,1
39492,yastanur,1,1
39493,yastanır,1,1
39494,yastılanıb,1,1
39495,yastıq,1,1
39496,yastığı,1,1
39497,yastığımdır,1,1
39498,yasın,1,1
39499,yasına,1,1
39500,yasəminimdir,1,1
39501,yasəməndən,1,1
39502,yasəmənü,1,1
39503,yat,1,1
39504,yatacaqsan,1,1
39505,yatam,1,1
39506,yatardı,1,1
39507,yatasan,1,1
39508,yatağ,1,1
39509,yatağı,1,1
39510,yatağıdır,1,1
39511,yatağına,1,1
39512,yatağının,1,1
39513,yatdım,1,1
39514,yatdığı,1,1
39515,yatdığınız,1,1
39516,yatgilən,1,1
39517,yatmamışdı,1,1
39518,yatmaram,1,1
39519,yatmasa,1,1
39520,yatmasın,1,1
39521,yatmağı,1,1
39522,yatmır,1,1
39523,yatmış,1,1
39524,yatmışdı,1,1
39525,yatrmş,1,1
39526,yatsın,1,1
39527,yatıbdır,1,1
39528,yatırdı,1,1
39529,yatırmışdır,1,1
39530,yatışdılar,1,1
39531,yava,1,1
39532,yavnı,1,1
39533,yavru,1,1
39534,yavuq,1,1
39535,yavuğa,1,1
39536,yavər,1,1
39537,yavəri,1,1
39538,yavərim,1,1
39539,yaxalıq,1,1
39540,yaxam,1,1
39541,yaxan,1,1
39542,yaxanda,1,1
39543,yaxaq,1,1
39544,yaxarsa,1,1
39545,yaxasıdır,1,1
39546,yaxasında,1,1
39547,yaxasız,1,1
39548,yaxaya,1,1
39549,yaxdi,1,1
39550,yaxmadıvü,1,1
39551,yaxmış,1,1
39552,yaxmışam,1,1
39553,yaxmışdı,1,1
39554,yaxıbsan,1,1
39555,yaxıldı,1,1
39556,yaxılır,1,1
39557,yaxına,1,1
39558,yaxındırmu,1,1
39559,yaxınlarının,1,1
39560,yaxınlaşdı,1,1
39561,yaxınlaşdırır,1,1
39562,yaxınlıqdan,1,1
39563,yaxınnaşanda,1,1
39564,yaxınına,1,1
39565,yaxşicə,1,1
39566,yaxşlı,1,1
39567,yaxşılardan,1,1
39568,yaxşılaşdı,1,1
39569,yaxşılıqdan,1,1
39570,yaxşılıqla,1,1
39571,yaxşımıdır,1,1
39572,yaxşını,1,1
39573,yaxşısan,1,1
39574,yaxşısın,1,1
39575,yaxşısısan,1,1
39576,yayacaqsan,1,1
39577,yayan,1,1
39578,yayanda,1,1
39579,yayanımdır,1,1
39580,yayaram,1,1
39581,yaydandır,1,1
39582,yaydürür,1,1
39583,yaydıqları,1,1
39584,yaydığı,1,1
39585,yayin,1,1
39586,yayinə,1,1
39587,yaylaqlar,1,1
39588,yaylaqlardan,1,1
39589,yaylaqlarına,1,1
39590,yaylayan,1,1
39591,yaylağı,1,1
39592,yaylı,1,1
39593,yaylım,1,1
39594,yaylıq,1,1
39595,yaylıqla,1,1
39596,yayma,1,1
39597,yaysa,1,1
39598,yayü,1,1
39599,yayılacaq,1,1
39600,yayılajax,1,1
39601,yayılar,1,1
39602,yayıllıyıbsan,1,1
39603,yayılmış,1,1
39604,yayılmışdır,1,1
39605,yayılsın,1,1
39606,yayılı,1,1
39607,yayılır,1,1
39608,yayınanda,1,1
39609,yayında,1,1
39610,yayǝ,1,1
39611,yazacaqdır,1,1
39612,yazacaqsan,1,1
39613,yazadək,1,1
39614,yazamaz,1,1
39615,yazana,1,1
39616,yazaraq,1,1
39617,yazardı,1,1
39618,yazarsa,1,1
39619,yazarsam,1,1
39620,yazdılar,1,1
39621,yazdın,1,1
39622,yazdır,1,1
39623,yazdığınızı,1,1
39624,yazila,1,1
39625,yazma,1,1
39626,yazmadı,1,1
39627,yazmalı,1,1
39628,yazmalıdır,1,1
39629,yazmaqdan,1,1
39630,yazmaz,1,1
39631,yazsa,1,1
39632,yazuban,1,1
39633,yazıbdılar,1,1
39634,yazıblar,1,1
39635,yazıbmış,1,1
39636,yazıla,1,1
39637,yazılan,1,1
39638,yazılanda,1,1
39639,yazılmayıb,1,1
39640,yazılıbdı,1,1
39641,yazılıbmış,1,1
39642,yazımı,1,1
39643,yazımın,1,1
39644,yazıqdı,1,1
39645,yazırdılar,1,1
39646,yazırlar,1,1
39647,yazırsan,1,1
39648,yazığa,1,1
39649,yazığam,1,1
39650,yazığı,1,1
39651,yazığın,1,1
39652,yağacaq,1,1
39653,yağarlıq,1,1
39654,yağdıracaq,1,1
39655,yağdıran,1,1
39656,yağdırma,1,1
39657,yağdırmayan,1,1
39658,yağdırmağım,1,1
39659,yağdırırdı,1,1
39660,yağdırırsan,1,1
39661,yağilə,1,1
39662,yağlandı,1,1
39663,yağmur,1,1
39664,yağmuri,1,1
39665,yağmurlara,1,1
39666,yağmışdı,1,1
39667,yağsa,1,1
39668,yağsın,1,1
39669,yağsız,1,1
39670,yağıdan,1,1
39671,yağıdır,1,1
39672,yağıdırman,1,1
39673,yağımız,1,1
39674,yağır,1,1
39675,yağırdı,1,1
39676,yağışa,1,1
39677,yağışda,1,1
39678,yağışdan,1,1
39679,yağışına,1,1
39680,yağə,1,1
39681,yaşadılar,1,1
39682,yaşadın,1,1
39683,yaşamasa,1,1
39684,yaşar,1,1
39685,yaşarar,1,1
39686,yaşasan,1,1
39687,yaşasınlar,1,1
39688,yaşayacaqdır,1,1
39689,yaşayanda,1,1
39690,yaşayasınız,1,1
39691,yaşayır,1,1
39692,yaşayırdı,1,1
39693,yaşayırkan,1,1
39694,yaşayış,1,1
39695,yaşca,1,1
39696,yaşdarınnan,1,1
39697,yaşil,1,1
39698,yaşimi,1,1
39699,yaşimə,1,1
39700,yaşin,1,1
39701,yaşini,1,1
39702,yaşlarım,1,1
39703,yaşların,1,1
39704,yaşlarında,1,1
39705,yaşlıların,1,1
39706,yaşma,1,1
39707,yaşmaq,1,1
39708,yaşmaqlı,1,1
39709,yaşmağın,1,1
39710,yaşmağını,1,1
39711,yaşur,1,1
39712,yaşü,1,1
39713,yaşıla,1,1
39714,yaşılam,1,1
39715,yaşılbaşı,1,1
39716,yaşılı,1,1
39717,yaşımdır,1,1
39718,yaşımdırsa,1,1
39719,yaşınsan,1,1
39720,yaşınır,1,1
39721,yaşır,1,1
39722,yaşıran,1,1
39723,yaşırıb,1,1
39724,yaşıya,1,1
39725,yaşıyam,1,1
39726,yaşıyırdılar,1,1
39727,yaхasından,1,1
39728,yaхmaq,1,1
39729,yaхud,1,1
39730,yaхşıyla,1,1
39731,ydә,1,1
39732,yeddidə,1,1
39733,yeddiliklə,1,1
39734,yeddini,1,1
39735,yedikləri,1,1
39736,yedilәr,1,1
39737,yedirməyən,1,1
39738,yedirsən,1,1
39739,yedirtsən,1,1
39740,yediyim,1,1
39741,yedək,1,1
39742,yedəyində,1,1
39743,yedəyə,1,1
39744,yeganeyi,1,1
39745,yeganədəndürür,1,1
39746,yeganəlikdən,1,1
39747,yeganəsiyəm,1,1
39748,yegdürür,1,1
39749,yekbəyek,1,1
39750,yekdanəsi,1,1
39751,yekdanəsindən,1,1
39752,yekrəng,1,1
39753,yeksandı,1,1
39754,yeksanü,1,1
39755,yeksüvarə,1,1
39756,yektasan,1,1
39757,yekəallardan,1,1
39758,yekədir,1,1
39759,yekəraq,1,1
39760,yelda,1,1
39761,yeldadır,1,1
39762,yeldası,1,1
39763,yeldən,1,1
39764,yelgədən,1,1
39765,yelindən,1,1
39766,yelkən,1,1
39767,yelkənli,1,1
39768,yellǝr,1,1
39769,yellər,1,1
39770,yelləyirdi,1,1
39771,yelpanım,1,1
39772,yelpazə,1,1
39773,yeltək,1,1
39774,yeləkli,1,1
39775,yemisən,1,1
39776,yemiş,1,1
39777,yemişlərin,1,1
39778,yemədilər,1,1
39779,yemədim,1,1
39780,yeməkdən,1,1
39781,yeməkiçməkdən,1,1
39782,yeməkçün,1,1
39783,yeməlidir,1,1
39784,yeməndən,1,1
39785,yeməsin,1,1
39786,yeməyib,1,1
39787,yemәdin,1,1
39788,yemәyә,1,1
39789,yen,1,1
39790,yendir,1,1
39791,yengindən,1,1
39792,yenidir,1,1
39793,yeniyetmə,1,1
39794,yeniyetmələr,1,1
39795,yeniyetmələrdən,1,1
39796,yenlədən,1,1
39797,yerdir,1,1
39798,yerdəki,1,1
39799,yerdəyəm,1,1
39800,yerdә,1,1
39801,yerdәn,1,1
39802,yerimiz,1,1
39803,yerimə,1,1
39804,yerinin,1,1
39805,yerinǝ,1,1
39806,yerir,1,1
39807,yerisəm,1,1
39808,yerisən,1,1
39809,yeriyir,1,1
39810,yerişdə,1,1
39811,yerişi,1,1
39812,yerişin,1,1
39813,yerişinə,1,1
39814,yerlərdə,1,1
39815,yerlərdən,1,1
39816,yerləşməmiş,1,1
39817,yerləşən,1,1
39818,yerləşər,1,1
39819,yermolovi,1,1
39820,yesin,1,1
39821,yesinlər,1,1
39822,yestəvi,1,1
39823,yesəydi,1,1
39824,yetdikcə,1,1
39825,yetdikdə,1,1
39826,yetdilər,1,1
39827,yeten,1,1
39828,yetimliyin,1,1
39829,yetimü,1,1
39830,yetincə,1,1
39831,yetirim,1,1
39832,yetirirəm,1,1
39833,yetirmək,1,1
39834,yetirməzdim,1,1
39835,yetirsən,1,1
39836,yetirəm,1,1
39837,yetirər,1,1
39838,yetirərsiz,1,1
39839,yetirəsən,1,1
39840,yetişdik,1,1
39841,yetişdirməz,1,1
39842,yetişibdir,1,1
39843,yetişincə,1,1
39844,yetişmişdi,1,1
39845,yetişmişik,1,1
39846,yetişmək,1,1
39847,yetişməmiş,1,1
39848,yetişməsin,1,1
39849,yetişəndə,1,1
39850,yetişərsə,1,1
39851,yetişərsən,1,1
39852,yetkin,1,1
39853,yetmǝz,1,1
39854,yetməmiş,1,1
39855,yetməyibən,1,1
39856,yetməyə,1,1
39857,yetməyəcəkdir,1,1
39858,yetməzdi,1,1
39859,yetməzmidi,1,1
39860,yetsǝ,1,1
39861,yetǝn,1,1
39862,yetǝrdir,1,1
39863,yetəni,1,1
39864,yetənin,1,1
39865,yetərsən,1,1
39866,yetərəm,1,1
39867,yetəydi,1,1
39868,yeyifdi,1,1
39869,yeyin,1,1
39870,yeyirlər,1,1
39871,yeyirsiz,1,1
39872,yeyirsәn,1,1
39873,yeysən,1,1
39874,yeyə,1,1
39875,yeyənlər,1,1
39876,yeyənlərə,1,1
39877,yeyənnər,1,1
39878,yeyərəm,1,1
39879,yeyəsən,1,1
39880,yeyә,1,1
39881,yezid,1,1
39882,yeziddǝn,1,1
39883,yezidü,1,1
39884,yeznəsi,1,1
39885,yi,1,1
39886,yiddi,1,1
39887,yidin,1,1
39888,yidliyinə,1,1
39889,yidlərdə,1,1
39890,yidəm,1,1
39891,yinən,1,1
39892,yiyə,1,1
39893,yiyələnməyib,1,1
39894,ylədi,1,1
39895,yləyb,1,1
39896,yocuc,1,1
39897,yolar,1,1
39898,yolbilməz,1,1
39899,yoldadır,1,1
39900,yoldaşa,1,1
39901,yoldaşi,1,1
39902,yoldaşinə,1,1
39903,yoldaşların,1,1
39904,yoldaşlıq,1,1
39905,yoldaşlığım,1,1
39906,yoldaşlığın,1,1
39907,yoldaşım,1,1
39908,yoldaşına,1,1
39909,yoldaşınızla,1,1
39910,yoldaşıyam,1,1
39911,yolkəsənlərə,1,1
39912,yollan,1,1
39913,yollanırlar,1,1
39914,yollarıma,1,1
39915,yollu,1,1
39916,yolub,1,1
39917,yoludu,1,1
39918,yolumda,1,1
39919,yolumu,1,1
39920,yolunası,1,1
39921,yolunaydı,1,1
39922,yolundadır,1,1
39923,yolunuzla,1,1
39924,yoluva,1,1
39925,yolux,1,1
39926,yolçudan,1,1
39927,yolçugilin,1,1
39928,yolçuları,1,1
39929,yolçusu,1,1
39930,yolçusudur,1,1
39931,yonar,1,1
39932,yoncası,1,1
39933,yonmaqda,1,1
39934,yonmuşlar,1,1
39935,yonqar,1,1
39936,yoqsa,1,1
39937,yornuq,1,1
39938,yoruldum,1,1
39939,yorulduqca,1,1
39940,yorulmaz,1,1
39941,yorulmuş,1,1
39942,yorulur,1,1
39943,yoruxmǝ,1,1
39944,yorğanı,1,1
39945,yorğanə,1,1
39946,yorğunluğundan,1,1
39947,yorğunuyam,1,1
39948,yovm,1,1
39949,yovmi,1,1
39950,yovmül,1,1
39951,yovşani,1,1
39952,yoxam,1,1
39953,yoxdurmu,1,1
39954,yoxidi,1,1
39955,yoxladı,1,1
39956,yoxlamamış,1,1
39957,yoxlamasaq,1,1
39958,yoxlamağa,1,1
39959,yoxlardı,1,1
39960,yoxlasın,1,1
39961,yoxluqda,1,1
39962,yoxluqdan,1,1
39963,yoxluxdan,1,1
39964,yoxluğun,1,1
39965,yoxsulla,1,1
39966,yoxsulluq,1,1
39967,yoxsulluqdan,1,1
39968,yoxsullux,1,1
39969,yoxsulluğu,1,1
39970,yoxsulluğun,1,1
39971,yoxsulu,1,1
39972,yoxudu,1,1
39973,yoxumdan,1,1
39974,yoxuna,1,1
39975,yoxunsa,1,1
39976,yoxunu,1,1
39977,yoxuşa,1,1
39978,yoxuşu,1,1
39979,yoх,1,1
39980,yu,1,1
39981,yuban,1,1
39982,yubanacayıq,1,1
39983,yubandı,1,1
39984,yubanırsan,1,1
39985,yucalarda,1,1
39986,yudar,1,1
39987,yudum,1,1
39988,yudun,1,1
39989,yuhəniaya,1,1
39990,yuksəlib,1,1
39991,yuli,1,1
39992,yuləri,1,1
39993,yumadan,1,1
39994,yumaq,1,1
39995,yumar,1,1
39996,yumazdar,1,1
39997,yumma,1,1
39998,yumruqlar,1,1
39999,yumunca,1,1
40000,yumur,1,1
40001,yumurtasından,1,1
40002,yumuşaq,1,1
40003,yumşalmadın,1,1
40004,yumşalıb,1,1
40005,yunandan,1,1
40006,yunis,1,1
40007,yunisi,1,1
40008,yunnan,1,1
40009,yunus,1,1
40010,yurda,1,1
40011,yurdlarını,1,1
40012,yurdudur,1,1
40013,yurdumuzda,1,1
40014,yurdun,1,1
40015,yurdunu,1,1
40016,yus,1,1
40017,yusifdir,1,1
40018,yusifinin,1,1
40019,yusifinı,1,1
40020,yusifli,1,1
40021,yusiflə,1,1
40022,yusifləri,1,1
40023,yusifvar,1,1
40024,yusifü,1,1
40025,yusifı,1,1
40026,yuvadan,1,1
40027,yuvadə,1,1
40028,yuvadən,1,1
40029,yuvama,1,1
40030,yuvamıza,1,1
40031,yuvası,1,1
40032,yuvasında,1,1
40033,yuxaru,1,1
40034,yuxarıda,1,1
40035,yuxarıdakı,1,1
40036,yuxarıdan,1,1
40037,yuxarıya,1,1
40038,yuxası,1,1
40039,yuxlamış,1,1
40040,yuxuludur,1,1
40041,yuxumdan,1,1
40042,yuxun,1,1
40043,yuxusunun,1,1
40044,yuyam,1,1
40045,yuyub,1,1
40046,yuyuldu,1,1
40047,yuyulmuşdur,1,1
40048,yuyur,1,1
40049,yuyuram,1,1
40050,yzai,1,1
40051,yön,1,1
40052,yönsüz,1,1
40053,yönüm,1,1
40054,yönümü,1,1
40055,yönün,1,1
40056,yönəltməliyik,1,1
40057,yörəni,1,1
40058,yövmi,1,1
40059,yövmilhesab,1,1
40060,yügrəy,1,1
40061,yügürdü,1,1
40062,yügüş,1,1
40063,yühyiü,1,1
40064,yükdür,1,1
40065,yükdən,1,1
40066,yüklənəcək,1,1
40067,yüklər,1,1
40068,yükləsəm,1,1
40069,yüklətmə,1,1
40070,yükləyib,1,1
40071,yüksəkdə,1,1
40072,yüksəl,1,1
40073,yüksəldi,1,1
40074,yüksəldim,1,1
40075,yüksəlişin,1,1
40076,yüksəlişində,1,1
40077,yüksəlişçün,1,1
40078,yüksəlmədi,1,1
40079,yüksəlsin,1,1
40080,yüksəlsə,1,1
40081,yüksəlt,1,1
40082,yüksəltməklə,1,1
40083,yüksələn,1,1
40084,yüksələr,1,1
40085,yükə,1,1
40086,yül,1,1
40087,yümni,1,1
40088,yüngüləm,1,1
40089,yünül,1,1
40090,yürü,1,1
40091,yürümək,1,1
40092,yürütdüm,1,1
40093,yürüyə,1,1
40094,yürǝgi,1,1
40095,yürǝgimni,1,1
40096,yürǝyimin,1,1
40097,yürəgin,1,1
40098,yürəgini,1,1
40099,yürəgə,1,1
40100,yüvəsvis,1,1
40101,yüyrəy,1,1
40102,yüyürməkdən,1,1
40103,yüyürməklə,1,1
40104,yüyürsən,1,1
40105,yüyürüb,1,1
40106,yüyürür,1,1
40107,yüyürək,1,1
40108,yüyən,1,1
40109,yüzbaşı,1,1
40110,yüzbaşını,1,1
40111,yüzdǝn,1,1
40112,yüzdən,1,1
40113,yüzdərnən,1,1
40114,yüzimi,1,1
40115,yüzindǝ,1,1
40116,yüzlükləri,1,1
40117,yüzlüyü,1,1
40118,yüzmidir,1,1
40119,yüzüdür,1,1
40120,yüzümü,1,1
40121,yüzündür,1,1
40122,yüzündə,1,1
40123,yüzünçün,1,1
40124,yüzǝ,1,1
40125,yı,1,1
40126,yıldı,1,1
40127,yıq,1,1
40128,yırtan,1,1
40129,yırtar,1,1
40130,yırtdılar,1,1
40131,yırtma,1,1
40132,yırtmağa,1,1
40133,yırtmış,1,1
40134,yırtır,1,1
40135,yıx,1,1
40136,yıxa,1,1
40137,yıxacaq,1,1
40138,yıxarsan,1,1
40139,yıxdılar,1,1
40140,yıxdığın,1,1
40141,yıxmasa,1,1
40142,yıxmağa,1,1
40143,yıxsa,1,1
40144,yıxıb,1,1
40145,yıxıcı,1,1
40146,yıxılanda,1,1
40147,yıxılar,1,1
40148,yıxıldım,1,1
40149,yıxılma,1,1
40150,yıxılmış,1,1
40151,yıxılsın,1,1
40152,yıxılır,1,1
40153,yıxır,1,1
40154,yıxırlar,1,1
40155,yığa,1,1
40156,yığana,1,1
40157,yığaq,1,1
40158,yığardı,1,1
40159,yığarıq,1,1
40160,yığasan,1,1
40161,yığma,1,1
40162,yığmagilən,1,1
40163,yığmasaq,1,1
40164,yığmağa,1,1
40165,yığmışdısa,1,1
40166,yığnağın,1,1
40167,yığnağındadır,1,1
40168,yığsın,1,1
40169,yığıbsan,1,1
40170,yığılacaq,1,1
40171,yığılanda,1,1
40172,yığılanlara,1,1
40173,yığılanlardan,1,1
40174,yığılmadı,1,1
40175,yığılmaz,1,1
40176,yığılsın,1,1
40177,yığılıbar,1,1
40178,yığılıbdır,1,1
40179,yığılıf,1,1
40180,yığılırlar,1,1
40181,yığın,1,1
40182,yığınca,1,1
40183,yığıncağın,1,1
40184,yığıncağına,1,1
40185,yığışdır,1,1
40186,yığışdırar,1,1
40187,yığışdırdı,1,1
40188,yığışdırsınlar,1,1
40189,yığışdırıb,1,1
40190,yıхıldım,1,1
40191,yıхılım,1,1
40192,yǝni,1,1
40193,yǝzdan,1,1
40194,yǝzidin,1,1
40195,yəcucinin,1,1
40196,yəcucə,1,1
40197,yədullah,1,1
40198,yəhuda,1,1
40199,yəhudumuz,1,1
40200,yəhyanı,1,1
40201,yəhərdən,1,1
40202,yəhəri,1,1
40203,yəhərlədi,1,1
40204,yəhərləyib,1,1
40205,yəhərləyir,1,1
40206,yəlda,1,1
40207,yəlpiyində,1,1
40208,yəm,1,1
40209,yəmanilər,1,1
40210,yəmanə,1,1
40211,yəmində,1,1
40212,yəmutu,1,1
40213,yəməl,1,1
40214,yəməndədi,1,1
40215,yəməndən,1,1
40216,yəmənli,1,1
40217,yəqil,1,1
40218,yəqinen,1,1
40219,yəqinindən,1,1
40220,yəqinsiz,1,1
40221,yəquba,1,1
40222,yəqubi,1,1
40223,yəqubsifət,1,1
40224,yərəb,1,1
40225,yəsdü,1,1
40226,yəsubdən,1,1
40227,yətin,1,1
40228,yətə,1,1
40229,yəzdansan,1,1
40230,yəzdanı,1,1
40231,yəzdanımız,1,1
40232,yəzid,1,1
40233,yəzən,1,1
40234,yəğfiruzzünubi,1,1
40235,yəğmasinə,1,1
40236,yеdiyin,1,1
40237,yеdəyində,1,1
40238,yеkaallar,1,1
40239,yеkaallardan,1,1
40240,yеkcəhət,1,1
40241,yеkdanə,1,1
40242,yеkdi,1,1
40243,yеktayə,1,1
40244,yеkəcə,1,1
40245,yеkədi,1,1
40246,yеkəlihdə,1,1
40247,yеkəlikdə,1,1
40248,yеli,1,1
40249,yеlləri,1,1
40250,yеmişik,1,1
40251,yеməkdə,1,1
40252,yеməli,1,1
40253,yеməlim,1,1
40254,yеməsəm,1,1
40255,yеməyi,1,1
40256,yеməyə,1,1
40257,yеməzdi,1,1
40258,yеn,1,1
40259,yеngələr,1,1
40260,yеrdədir,1,1
40261,yеridir,1,1
40262,yеrimə,1,1
40263,yеrindədi,1,1
40264,yеriyib,1,1
40265,yеriyən,1,1
40266,yеrişinə,1,1
40267,yеrkən,1,1
40268,yеrrərinnən,1,1
40269,yеrü,1,1
40270,yеtibdi,1,1
40271,yеtim,1,1
40272,yеtirib,1,1
40273,yеtirməsin,1,1
40274,yеtirsə,1,1
40275,yеtiyəm,1,1
40276,yеtişdim,1,1
40277,yеtişibmi,1,1
40278,yеtişir,1,1
40279,yеtişmişik,1,1
40280,yеtişmədi,1,1
40281,yеtişməkdə,1,1
40282,yеtişməsin,1,1
40283,yеtişməyib,1,1
40284,yеtişməyibmiş,1,1
40285,yеtişməyə,1,1
40286,yеtişsə,1,1
40287,yеtkin,1,1
40288,yеtməyən,1,1
40289,yеtsin,1,1
40290,yеtsə,1,1
40291,yеtsən,1,1
40292,yеtəni,1,1
40293,yеtərdi,1,1
40294,yеtəsən,1,1
40295,yеtəydi,1,1
40296,yеydi,1,1
40297,yеyib,1,1
40298,yеyilir,1,1
40299,yеyim,1,1
40300,yеyir,1,1
40301,yеyirsən,1,1
40302,yеyə,1,1
40303,yеyəsən,1,1
40304,yоldaşlarım,1,1
40305,yоldur,1,1
40306,yоllarda,1,1
40307,yоllarına,1,1
40308,yоllarını,1,1
40309,yоlu,1,1
40310,yоlun,1,1
40311,yоlunda,1,1
40312,yоlunun,1,1
40313,yоrğanı,1,1
40314,yоxdur,1,1
40315,yох,1,1
40316,yохa,1,1
40317,yохalıb,1,1
40318,yохalırsa,1,1
40319,yохdu,1,1
40320,yохdursa,1,1
40321,yохluğuna,1,1
40322,yәni,1,1
40323,zadda,1,1
40324,zaddan,1,1
40325,zadm,1,1
40326,zadsız,1,1
40327,zadü,1,1
40328,zadəhallah,1,1
40329,zahidliyindir,1,1
40330,zahidlərin,1,1
40331,zahidlərə,1,1
40332,zahidü,1,1
40333,zahira,1,1
40334,zahirdir,1,1
40335,zahirdǝ,1,1
40336,zahirdədir,1,1
40337,zahirimdən,1,1
40338,zahirin,1,1
40339,zahirləri,1,1
40340,zahirsən,1,1
40341,zahirü,1,1
40342,zairi,1,1
40343,zaki,1,1
40344,zakirin,1,1
40345,zakoni,1,1
40346,zakonu,1,1
40347,zalimdən,1,1
40348,zalimi,1,1
40349,zalimin,1,1
40350,zalimliyi,1,1
40351,zalimlər,1,1
40352,zalimləri,1,1
40353,zalimlərin,1,1
40354,zalinin,1,1
40355,zalımdan,1,1
40356,zalımları,1,1
40357,zalımı,1,1
40358,zalın,1,1
40359,zamam,1,1
40360,zamanadadı,1,1
40361,zamanasıdı,1,1
40362,zamandü,1,1
40363,zamani,1,1
40364,zamansan,1,1
40365,zamanun,1,1
40366,zamanıdır,1,1
40367,zamanım,1,1
40368,zamanımdır,1,1
40369,zamanına,1,1
40370,zamanından,1,1
40371,zamindi,1,1
40372,zanbaqtək,1,1
40373,zanbağam,1,1
40374,zanbağı,1,1
40375,zanbağım,1,1
40376,zanımda,1,1
40377,zarafatca,1,1
40378,zarafatı,1,1
40379,zarafatın,1,1
40380,zaram,1,1
40381,zardə,1,1
40382,zarii,1,1
40383,zarimdə,1,1
40384,zarimdən,1,1
40385,zarlığım,1,1
40386,zarsan,1,1
40387,zarıma,1,1
40388,zarımı,1,1
40389,zarında,1,1
40390,zarını,1,1
40391,zarəm,1,1
40392,zatilǝn,1,1
40393,zatin,1,1
40394,zatindədir,1,1
40395,zatini,1,1
40396,zatlıyam,1,1
40397,zatüvüz,1,1
40398,zatım,1,1
40399,zatındadır,1,1
40400,zaurla,1,1
40401,zavalın,1,1
40402,zavodlar,1,1
40403,zayil,1,1
40404,zayildir,1,1
40405,zağü,1,1
40406,zebanımdır,1,1
40407,zenaba,1,1
40408,zene,1,1
40409,zeyd,1,1
40410,zeyddən,1,1
40411,zeynab,1,1
40412,zeynabla,1,1
40413,zeynalabdını,1,1
40414,zeynalebadünin,1,1
40415,zeynul,1,1
40416,zib,1,1
40417,zibaları,1,1
40418,zibalənir,1,1
40419,zibam,1,1
40420,zibasinə,1,1
40421,zibasən,1,1
40422,zibasənəmlər,1,1
40423,zibavü,1,1
40424,zibayi,1,1
40425,zibayǝ,1,1
40426,zibhi,1,1
40427,zibillik,1,1
40428,zibü,1,1
40429,ziddi,1,1
40430,ziddini,1,1
40431,ziddiyyət,1,1
40432,ziddiyyəti,1,1
40433,zifünunədir,1,1
40434,zifən,1,1
40435,zikirsiz,1,1
40436,zikrim,1,1
40437,zikrimiz,1,1
40438,zikrində,1,1
40439,zikrinə,1,1
40440,zikrü,1,1
40441,zildən,1,1
40442,zill,1,1
40443,zillullah,1,1
40444,zillətdə,1,1
40445,zillətim,1,1
40446,zillətimə,1,1
40447,zillətlə,1,1
40448,zillətçəkən,1,1
40449,zilləyib,1,1
40450,zilzal,1,1
40451,zimistanda,1,1
40452,zimistani,1,1
40453,zimnində,1,1
40454,zimral,1,1
40455,zinakar,1,1
40456,zindam,1,1
40457,zindandan,1,1
40458,zindanı,1,1
40459,zindanımız,1,1
40460,zindǝgani,1,1
40461,zində,1,1
40462,zindəganlıqdan,1,1
40463,zindəganı,1,1
40464,zini,1,1
40465,zinnureyn,1,1
40466,zinqədər,1,1
40467,zinətdi,1,1
40468,zinətidi,1,1
40469,zinətim,1,1
40470,zinətin,1,1
40471,zinətü,1,1
40472,zinətə,1,1
40473,zir,1,1
40474,zirehdən,1,1
40475,zirehi,1,1
40476,zirvələrə,1,1
40477,zirvəsinə,1,1
40478,zirə,1,1
40479,zirəhini,1,1
40480,zirəksən,1,1
40481,zivəridir,1,1
40482,zivərim,1,1
40483,zivərin,1,1
40484,ziyadədir,1,1
40485,ziyadən,1,1
40486,ziyafət,1,1
40487,ziyafətində,1,1
40488,ziyafətlər,1,1
40489,ziyafətləri,1,1
40490,ziyafətə,1,1
40491,ziyalar,1,1
40492,ziyamü,1,1
40493,ziyandan,1,1
40494,ziyanlıqdan,1,1
40495,ziyanü,1,1
40496,ziyanımız,1,1
40497,ziyarət,1,1
40498,ziyarətimdir,1,1
40499,ziyarətə,1,1
40500,ziyasın,1,1
40501,ziyasında,1,1
40502,ziyayi,1,1
40503,ziynətli,1,1
40504,ziynətü,1,1
40505,ziyvər,1,1
40506,ziyvəri,1,1
40507,zişani,1,1
40508,zişt,1,1
40509,ziştinə,1,1
40510,ziştə,1,1
40511,zlər,1,1
40512,zn,1,1
40513,zoda,1,1
40514,zodda,1,1
40515,zoddakı,1,1
40516,zoddu,1,1
40517,zodun,1,1
40518,zolla,1,1
40519,zolu,1,1
40520,zor,1,1
40521,zorreco,1,1
40522,zovqu,1,1
40523,zovrəqimi,1,1
40524,zoğ,1,1
40525,zuhur,1,1
40526,zulfundən,1,1
40527,zulfunə,1,1
40528,zulfün,1,1
40529,zurdur,1,1
40530,zurdə,1,1
40531,zurna,1,1
40532,zurnadı,1,1
40533,zurnani,1,1
40534,zuzəkləyər,1,1
40535,zzüddövlə,1,1
40536,zzəddin,1,1
40537,zzətim,1,1
40538,zzətinin,1,1
40539,zöhddən,1,1
40540,zöhdi,1,1
40541,zöhdilǝ,1,1
40542,zöhdüm,1,1
40543,zöhdün,1,1
40544,zöhhadə,1,1
40545,zöhhakın,1,1
40546,zöhrədir,1,1
40547,zöhrəvü,1,1
40548,zöhrəylə,1,1
40549,zövqdür,1,1
40550,zövqilǝn,1,1
40551,zövqilə,1,1
40552,zövqilən,1,1
40553,zövqinə,1,1
40554,zövqli,1,1
40555,zövqlü,1,1
40556,zövqsüz,1,1
40557,zövqüm,1,1
40558,zövqünə,1,1
40559,zövrəqdir,1,1
40560,zövrəqinin,1,1
40561,züfün,1,1
40562,züha,1,1
40563,zühadır,1,1
40564,zühhadın,1,1
40565,zühura,1,1
40566,zühurə,1,1
40567,zühəli,1,1
40568,zühəlsima,1,1
40569,zülalinə,1,1
40570,zülallının,1,1
40571,zülalıdır,1,1
40572,zülalına,1,1
40573,zülalə,1,1
40574,zülam,1,1
40575,zülcəlal,1,1
40576,züleyxaya,1,1
40577,züleyxayana,1,1
40578,zülfdə,1,1
40579,zülfidir,1,1
40580,zülfii,1,1
40581,zülfindǝ,1,1
40582,zülfindǝn,1,1
40583,zülfiniz,1,1
40584,zülfinǝ,1,1
40585,zülflü,1,1
40586,zülflərini,1,1
40587,zülftin,1,1
40588,zülfunü,1,1
40589,zülfunə,1,1
40590,zülfuvün,1,1
40591,zülfüdür,1,1
40592,zülfündü,1,1
40593,zülfündür,1,1
40594,zülfündürmü,1,1
40595,zülfünlə,1,1
40596,zülfünmü,1,1
40597,zülfünǝ,1,1
40598,zülfüqann,1,1
40599,zülfüqari,1,1
40600,zülfüqarü,1,1
40601,zülfüvün,1,1
40602,zülfüylə,1,1
40603,zülmata,1,1
40604,zülmatındadur,1,1
40605,zülmatını,1,1
40606,zülmatə,1,1
40607,zülmlər,1,1
40608,zülmümüzdən,1,1
40609,zülmünlə,1,1
40610,zülmünün,1,1
40611,zülmünə,1,1
40612,zülmǝtdir,1,1
40613,zülmǝtin,1,1
40614,zülmǝtindǝ,1,1
40615,zülmə,1,1
40616,zülmən,1,1
40617,zülmətdən,1,1
40618,zülmətim,1,1
40619,zülmətində,1,1
40620,zülmətindən,1,1
40621,zülmətinə,1,1
40622,zülmətmi,1,1
40623,zülmətəm,1,1
40624,zülqədər,1,1
40625,zülumən,1,1
40626,zülyfün,1,1
40627,zülyü,1,1
40628,zülüm,1,1
40629,zülümkardı,1,1
40630,zülümlü,1,1
40631,zülümnən,1,1
40632,zülümünü,1,1
40633,zülеyxam,1,1
40634,zülеyxaya,1,1
40635,zülеyхatək,1,1
40636,zümreyi,1,1
40637,zümzüməli,1,1
40638,zümzüməsində,1,1
40639,zümürrüd,1,1
40640,züniardı,1,1
40641,zünnarinə,1,1
40642,zünnarü,1,1
40643,zünnarım,1,1
40644,zındıqlar,1,1
40645,zındıqların,1,1
40646,zınqrov,1,1
40647,zığ,1,1
40648,zǝbǝr,1,1
40649,zǝhi,1,1
40650,zǝifǝm,1,1
40651,zǝmanǝdǝ,1,1
40652,zǝminü,1,1
40653,zǝminǝ,1,1
40654,zǝmzǝm,1,1
40655,zǝncirinǝ,1,1
40656,zǝngbar,1,1
40657,zǝngi,1,1
40658,zǝnǝxdan,1,1
40659,zǝnǝxdanına,1,1
40660,zǝrdim,1,1
40661,zǝrdür,1,1
40662,zǝrdǝn,1,1
40663,zǝrrinpǝr,1,1
40664,zǝrrinü,1,1
40665,zǝrrǝcǝ,1,1
40666,zǝrrǝmidir,1,1
40667,zǝxmi,1,1
40668,zəbam,1,1
40669,zəbandı,1,1
40670,zəbandır,1,1
40671,zəbanından,1,1
40672,zəbanədir,1,1
40673,zəbanəsin,1,1
40674,zəbunumdur,1,1
40675,zəbunə,1,1
40676,zəbərdir,1,1
40677,zəcii,1,1
40678,zəcrinə,1,1
40679,zəfimi,1,1
40680,zəfəranla,1,1
40681,zəfəranı,1,1
40682,zəhirmar,1,1
40683,zəhirmara,1,1
40684,zəhmli,1,1
40685,zəhmər,1,1
40686,zəhməri,1,1
40687,zəhmətdə,1,1
40688,zəhmətdən,1,1
40689,zəhmətilə,1,1
40690,zəhmətlə,1,1
40691,zəhmətlər,1,1
40692,zəhmətsiz,1,1
40693,zəhmətü,1,1
40694,zəhridən,1,1
40695,zəhrü,1,1
40696,zəhrəçak,1,1
40697,zəhəb,1,1
40698,zəhərindən,1,1
40699,zəhərlidir,1,1
40700,zəiflik,1,1
40701,zəiflikdən,1,1
40702,zəifləmiş,1,1
40703,zəiflər,1,1
40704,zəifləşincə,1,1
40705,zəka,1,1
40706,zəkatdan,1,1
40707,zəkati,1,1
40708,zəkatsız,1,1
40709,zəkatın,1,1
40710,zəkatını,1,1
40711,zəkəriyya,1,1
40712,zəkəriyyanı,1,1
40713,zəkərya,1,1
40714,zəkəryatək,1,1
40715,zəlalə,1,1
40716,zəli,1,1
40717,zəlilliklə,1,1
40718,zəlilləri,1,1
40719,zəlillərin,1,1
40720,zəlul,1,1
40721,zəlzələden,1,1
40722,zəlzələnin,1,1
40723,zəlzələsən,1,1
40724,zəmanimdə,1,1
40725,zəmanodə,1,1
40726,zəmansan,1,1
40727,zəmanü,1,1
40728,zəmanım,1,1
40729,zəmanədən,1,1
40730,zəmanəm,1,1
40731,zəmanəni,1,1
40732,zəmdir,1,1
40733,zəmhərir,1,1
40734,zəmhəririn,1,1
40735,zəmi,1,1
40736,zəmidən,1,1
40737,zəminə,1,1
40738,zəmirim,1,1
40739,zəmirin,1,1
40740,zəmirə,1,1
40741,zəmisini,1,1
40742,zəmm,1,1
40743,zəmzəmdürür,1,1
40744,zəmü,1,1
40745,zəməm,1,1
40746,zənaxdanlı,1,1
40747,zənburam,1,1
40748,zənburu,1,1
40749,zəncibədən,1,1
40750,zəncidir,1,1
40751,zəncirdə,1,1
40752,zəncirdən,1,1
40753,zəncirim,1,1
40754,zəncirimiz,1,1
40755,zəncirli,1,1
40756,zəncirləyib,1,1
40757,zəndimə,1,1
40758,zəng,1,1
40759,zəngani,1,1
40760,zəngbarü,1,1
40761,zəngdən,1,1
40762,zəngibarü,1,1
40763,zəngini,1,1
40764,zənginlikdən,1,1
40765,zəngitək,1,1
40766,zəngulə,1,1
40767,zənni,1,1
40768,zənnimdə,1,1
40769,zənə,1,1
40770,zənəb,1,1
40771,zənəxdanda,1,1
40772,zənəxdanı,1,1
40773,zənəxdanına,1,1
40774,zənəxdanınca,1,1
40775,zənəxdanəvü,1,1
40776,zərafətdi,1,1
40777,zərafətdən,1,1
40778,zərb,1,1
40779,zərbablı,1,1
40780,zərbabı,1,1
40781,zərbafın,1,1
40782,zərbin,1,1
40783,zərbül,1,1
40784,zərbədir,1,1
40785,zərbədən,1,1
40786,zərbəft,1,1
40787,zərbəsindən,1,1
40788,zərdabi,1,1
40789,zərdabə,1,1
40790,zərdimi,1,1
40791,zərdin,1,1
40792,zərdir,1,1
40793,zərdüşt,1,1
40794,zərdə,1,1
40795,zərdсə,1,1
40796,zərim,1,1
40797,zərlerini,1,1
40798,zərləri,1,1
40799,zərnigar,1,1
40800,zərnigarın,1,1
40801,zərnigarından,1,1
40802,zərqi,1,1
40803,zərqə,1,1
40804,zərrabları,1,1
40805,zərraq,1,1
40806,zərri,1,1
40807,zərrinin,1,1
40808,zərrinkəmər,1,1
40809,zərrü,1,1
40810,zərrədir,1,1
40811,zərrənin,1,1
40812,zərrəsini,1,1
40813,zərrəyə,1,1
40814,zərsiz,1,1
40815,zərtar,1,1
40816,zərtarı,1,1
40817,zərtək,1,1
40818,zəruriyyati,1,1
40819,zərurət,1,1
40820,zərxəridə,1,1
40821,zərzibildən,1,1
40822,zərzibilnən,1,1
40823,zərzəbil,1,1
40824,zərzər,1,1
40825,zərərdir,1,1
40826,zərəri,1,1
40827,zərərə,1,1
40828,zəvaiddir,1,1
40829,zəvaidsiz,1,1
40830,zəvali,1,1
40831,zəvalın,1,1
40832,zəxmim,1,1
40833,zəxmimdir,1,1
40834,zəxmindən,1,1
40835,zəxminə,1,1
40836,zəxmə,1,1
40837,zəğəldir,1,1
40838,zəğəlidir,1,1
40839,zəğənə,1,1
40840,zе,1,1
40841,zеynala,1,1
40842,zеynalla,1,1
40843,zеynəbin,1,1
40844,zәhmәtinә,1,1
40845,zәlal,1,1
40846,zәlәalәt,1,1
40847,zәrәbә,1,1
40848,çadra,1,1
40849,çadramı,1,1
40850,çadranı,1,1
40851,çadıra,1,1
40852,çahanmış,1,1
40853,çaharə,1,1
40854,çahdir,1,1
40855,çahinǝ,1,1
40856,çahlərə,1,1
40857,çaidı,1,1
40858,çaiz,1,1
40859,çakilə,1,1
40860,çakimdədir,1,1
40861,çakimdən,1,1
40862,çakindən,1,1
40863,çakinə,1,1
40864,çakərdir,1,1
40865,çakəridir,1,1
40866,çakərim,1,1
40867,çakərin,1,1
40868,çakəriyəm,1,1
40869,çalak,1,1
40870,çalalı,1,1
40871,çalan,1,1
40872,çalarsa,1,1
40873,çalarsan,1,1
40874,çaldıran,1,1
40875,çaldırmasa,1,1
40876,çallam,1,1
40877,çallaşmışam,1,1
40878,çalma,1,1
40879,çalmadın,1,1
40880,çalmalı,1,1
40881,çalmamışdr,1,1
40882,çalması,1,1
40883,çalmaxda,1,1
40884,çalmaya,1,1
40885,çalmağım,1,1
40886,çalmağımnan,1,1
40887,çalmağın,1,1
40888,çalmır,1,1
40889,çalsa,1,1
40890,çalsın,1,1
40891,çalxanan,1,1
40892,çalxandı,1,1
40893,çalxansalar,1,1
40894,çalxanıb,1,1
40895,çalçarpaz,1,1
40896,çalın,1,1
40897,çalınanda,1,1
40898,çalınmasına,1,1
40899,çalınsın,1,1
40900,çalınur,1,1
40901,çalınır,1,1
40902,çalınız,1,1
40903,çalıram,1,1
40904,çalırdı,1,1
40905,çalırsan,1,1
40906,çalışar,1,1
40907,çalışdılar,1,1
40908,çalışmalıdır,1,1
40909,çalışmış,1,1
40910,çalışmışlar,1,1
40911,çalışqani,1,1
40912,çalışsa,1,1
40913,çalışırdı,1,1
40914,çalışırdılar,1,1
40915,çamalın,1,1
40916,çamda,1,1
40917,çamura,1,1
40918,çamırrı,1,1
40919,çanaq,1,1
40920,çanaqdan,1,1
40921,çanaqla,1,1
40922,çanağında,1,1
40923,çanımız,1,1
40924,çapan,1,1
40925,çaparlar,1,1
40926,çaparmı,1,1
40927,çapikü,1,1
40928,çapmaqdan,1,1
40929,çapmazmı,1,1
40930,çapük,1,1
40931,çapüksüvarım,1,1
40932,çapükü,1,1
40933,çapıb,1,1
40934,çapıldı,1,1
40935,çapına,1,1
40936,çapırmaq,1,1
40937,çaq,1,1
40938,çaqqalә,1,1
40939,çardaxlı,1,1
40940,çardə,1,1
40941,çardəh,1,1
40942,çargahi,1,1
40943,çarhovuz,1,1
40944,çarmıx,1,1
40945,çarpa,1,1
40946,çarparaq,1,1
40947,çarpayının,1,1
40948,çarpaz,1,1
40949,çarqadağ,1,1
40950,çarsuyi,1,1
40951,çarxın,1,1
40952,çarxını,1,1
40953,çarümdə,1,1
40954,çarğat,1,1
40955,çarıqları,1,1
40956,çarıqın,1,1
40957,çarığa,1,1
40958,çarığı,1,1
40959,çarşənbə,1,1
40960,çarǝ,1,1
40961,çarədir,1,1
40962,çarəm,1,1
40963,çarəsizlikdən,1,1
40964,çatacaqdır,1,1
40965,çatalar,1,1
40966,çatana,1,1
40967,çatanadək,1,1
40968,çatardı,1,1
40969,çatarmı,1,1
40970,çatarsa,1,1
40971,çatarsan,1,1
40972,çataçat,1,1
40973,çataçatı,1,1
40974,çatdadı,1,1
40975,çatdım,1,1
40976,çatdır,1,1
40977,çatdıra,1,1
40978,çatdırandan,1,1
40979,çatdıraq,1,1
40980,çatdırdın,1,1
40981,çatdırsın,1,1
40982,çatdırır,1,1
40983,çatdırıram,1,1
40984,çatladı,1,1
40985,çatlar,1,1
40986,çatma,1,1
40987,çatmadı,1,1
40988,çatmadım,1,1
40989,çatmamışdı,1,1
40990,çatmaqmı,1,1
40991,çatmayan,1,1
40992,çatmayır,1,1
40993,çatmazsan,1,1
40994,çatsam,1,1
40995,çatsınlar,1,1
40996,çatı,1,1
40997,çatıbdır,1,1
40998,çatılar,1,1
40999,çatılmış,1,1
41000,çatılı,1,1
41001,çatım,1,1
41002,çatının,1,1
41003,çatırmı,1,1
41004,çavab,1,1
41005,çavabı,1,1
41006,çavuş,1,1
41007,çaxdın,1,1
41008,çaxmaği,1,1
41009,çaxnaşma,1,1
41010,çaxırlı,1,1
41011,çaxırsan,1,1
41012,çaya,1,1
41013,çaydan,1,1
41014,çayqılışlıda,1,1
41015,çayır,1,1
41016,çaçi,1,1
41017,çağa,1,1
41018,çağacan,1,1
41019,çağanə,1,1
41020,çağatay,1,1
41021,çağdan,1,1
41022,çağdır,1,1
41023,çağlar,1,1
41024,çağrılmamış,1,1
41025,çağsan,1,1
41026,çağsız,1,1
41027,çağından,1,1
41028,çağıran,1,1
41029,çağırar,1,1
41030,çağırdım,1,1
41031,çağırdığına,1,1
41032,çağırmaq,1,1
41033,çağırmışam,1,1
41034,çağırmışdı,1,1
41035,çağırsan,1,1
41036,çağırsın,1,1
41037,çağırtdırar,1,1
41038,çağırtdırmaq,1,1
41039,çağırtdırmışam,1,1
41040,çağırtdırsın,1,1
41041,çağırtdırırdınız,1,1
41042,çağırtmışdı,1,1
41043,çağırtmışdılar,1,1
41044,çağırıblarmış,1,1
41045,çağırılana,1,1
41046,çağırım,1,1
41047,çağırın,1,1
41048,çağırırdılar,1,1
41049,çağırırdısa,1,1
41050,çağırırlar,1,1
41051,çağırırlarsa,1,1
41052,çağırırsan,1,1
41053,çağırışına,1,1
41054,çağıydı,1,1
41055,çaş,1,1
41056,çaşa,1,1
41057,çaşgöz,1,1
41058,çaşıran,1,1
41059,çdikcə,1,1
41060,çdikdə,1,1
41061,çdilər,1,1
41062,çe,1,1
41063,çek,1,1
41064,çend,1,1
41065,çeravü,1,1
41066,çerlər,1,1
41067,çevik,1,1
41068,çevirdi,1,1
41069,çevirdilər,1,1
41070,çevirdin,1,1
41071,çevirir,1,1
41072,çevirmək,1,1
41073,çevirsə,1,1
41074,çevirər,1,1
41075,çevrilir,1,1
41076,çevrilə,1,1
41077,çevriləcəkdir,1,1
41078,çevrindi,1,1
41079,çevrǝsindǝ,1,1
41080,çevrəmi,1,1
41081,çevrəndə,1,1
41082,çevrəsindən,1,1
41083,çeynəmiş,1,1
41084,çeşmani,1,1
41085,çeşmimdir,1,1
41086,çeşmimdǝ,1,1
41087,çeşmimdən,1,1
41088,çeşmimi,1,1
41089,çeşmimin,1,1
41090,çeşmimǝ,1,1
41091,çeşmindǝn,1,1
41092,çeşmində,1,1
41093,çeşminlə,1,1
41094,çeşminə,1,1
41095,çeşmləri,1,1
41096,çeşmü,1,1
41097,çeşmədə,1,1
41098,çeşmələr,1,1
41099,çeşmən,1,1
41100,çeşməsardən,1,1
41101,çeşməsi,1,1
41102,çeşməsilə,1,1
41103,çeşməyə,1,1
41104,çeştədək,1,1
41105,çibalı,1,1
41106,çibalın,1,1
41107,çibindən,1,1
41108,çibinə,1,1
41109,çibən,1,1
41110,çilgöz,1,1
41111,çilir,1,1
41112,çilləsi,1,1
41113,çilləsində,1,1
41114,çiləndir,1,1
41115,çilər,1,1
41116,çimdə,1,1
41117,çimir,1,1
41118,çinarü,1,1
41119,çinarım,1,1
41120,çindən,1,1
41121,çingiz,1,1
41122,çinidi,1,1
41123,çinindədir,1,1
41124,çinlitək,1,1
41125,çinlə,1,1
41126,çinn,1,1
41127,çinеlin,1,1
41128,çinеllər,1,1
41129,çirağa,1,1
41130,çirağan,1,1
41131,çirağban,1,1
41132,çirağiləmi,1,1
41133,çirağın,1,1
41134,çirir,1,1
41135,çiriş,1,1
41136,çirkabıdır,1,1
41137,çirkabına,1,1
41138,çirkinləşər,1,1
41139,çirkinsən,1,1
41140,çirsən,1,1
41141,çit,1,1
41142,çiti,1,1
41143,çiyin,1,1
41144,çiyinlərindəki,1,1
41145,çiyni,1,1
41146,çizginir,1,1
41147,çiçəkli,1,1
41148,çiçəkləndi,1,1
41149,çiçəklərdən,1,1
41150,çiçəkləri,1,1
41151,çiçəyim,1,1
41152,çiçəyindən,1,1
41153,çləri,1,1
41154,çlərinə,1,1
41155,çmisən,1,1
41156,çmə,1,1
41157,çmədə,1,1
41158,çmək,1,1
41159,çməli,1,1
41160,çobanam,1,1
41161,çobanlıq,1,1
41162,çobanoğlu,1,1
41163,çobansan,1,1
41164,çokdülər,1,1
41165,çolaq,1,1
41166,çolpani,1,1
41167,çolvdarları,1,1
41168,çomaq,1,1
41169,çomaqdan,1,1
41170,çomağından,1,1
41171,çomağını,1,1
41172,çopur,1,1
41173,çopuru,1,1
41174,çornuqoriya,1,1
41175,çortkani,1,1
41176,çovgundan,1,1
41177,çovkan,1,1
41178,çovqanı,1,1
41179,çovqanına,1,1
41180,çovqundan,1,1
41181,çoxdurur,1,1
41182,çoxlarilə,1,1
41183,çoxun,1,1
41184,çoxunnan,1,1
41185,çoxusun,1,1
41186,çoxusunu,1,1
41187,çoхdan,1,1
41188,çsən,1,1
41189,çub,1,1
41190,çuban,1,1
41191,çubani,1,1
41192,çubdə,1,1
41193,çubuqla,1,1
41194,çubuğa,1,1
41195,çul,1,1
41196,çulda,1,1
41197,çullardı,1,1
41198,çullayıb,1,1
41199,çullayıblar,1,1
41200,çulqala,1,1
41201,çulun,1,1
41202,çulunu,1,1
41203,çulğaladı,1,1
41204,çulğamış,1,1
41205,çulğanmış,1,1
41206,çulğanıbdır,1,1
41207,çulğar,1,1
41208,çulğayar,1,1
41209,çulğaşar,1,1
41210,çulğaşır,1,1
41211,çuvala,1,1
41212,çuvalda,1,1
41213,çuvallara,1,1
41214,çuxadır,1,1
41215,çuxası,1,1
41216,çuxasını,1,1
41217,çuxeyi,1,1
41218,çuxuruna,1,1
41219,çxxar,1,1
41220,çöhrǝn,1,1
41221,çöhrədir,1,1
41222,çöhrəm,1,1
41223,çöhrəmə,1,1
41224,çöhrəndəki,1,1
41225,çöhrəsinə,1,1
41226,çöhrəsən,1,1
41227,çöhrəvü,1,1
41228,çöhrəyi,1,1
41229,çökdürməyə,1,1
41230,çökmərəm,1,1
41231,çöksə,1,1
41232,çöküb,1,1
41233,çöküntüdür,1,1
41234,çöldən,1,1
41235,çöllər,1,1
41236,çöllərdə,1,1
41237,çölün,1,1
41238,çölündə,1,1
41239,çöndərə,1,1
41240,çöpük,1,1
41241,çöpəm,1,1
41242,çörəh,1,1
41243,çörəkli,1,1
41244,çörəksiz,1,1
41245,çörəkçin,1,1
41246,çörəkçün,1,1
41247,çörəyi,1,1
41248,çörəyini,1,1
41249,çövkanın,1,1
41250,çövkanına,1,1
41251,çövriləydim,1,1
41252,çövrəmdə,1,1
41253,çöyrülmüşdü,1,1
41254,çöyür,1,1
41255,çöyürdü,1,1
41256,çöyürmədi,1,1
41257,çözər,1,1
41258,çül,1,1
41259,çümlə,1,1
41260,çürüdüb,1,1
41261,çürüdüyü,1,1
41262,çürütdüm,1,1
41263,çürütmə,1,1
41264,çürüyün,1,1
41265,çılpaqdır,1,1
41266,çılpaqlıq,1,1
41267,çıra,1,1
41268,çıraqdır,1,1
41269,çıraqlı,1,1
41270,çırağ,1,1
41271,çırağa,1,1
41272,çırağam,1,1
41273,çırağındayam,1,1
41274,çırağını,1,1
41275,çırmamır,1,1
41276,çırpardı,1,1
41277,çırpdı,1,1
41278,çırpım,1,1
41279,çırpınan,1,1
41280,çırpınmadayam,1,1
41281,çırtlayıb,1,1
41282,çıxacaqdır,1,1
41283,çıxacaqlı,1,1
41284,çıxacağammı,1,1
41285,çıxalım,1,1
41286,çıxalıq,1,1
41287,çıxam,1,1
41288,çıxanadək,1,1
41289,çıxandan,1,1
41290,çıxanlar,1,1
41291,çıxanlarda,1,1
41292,çıxanlardan,1,1
41293,çıxaraq,1,1
41294,çıxardacam,1,1
41295,çıxardacaq,1,1
41296,çıxardan,1,1
41297,çıxardaram,1,1
41298,çıxardaraq,1,1
41299,çıxardasan,1,1
41300,çıxardılar,1,1
41301,çıxardım,1,1
41302,çıxarmaq,1,1
41303,çıxarmayə,1,1
41304,çıxarmaz,1,1
41305,çıxarmış,1,1
41306,çıxartma,1,1
41307,çıxartmadı,1,1
41308,çıxartmadığı,1,1
41309,çıxartmayacağam,1,1
41310,çıxartmırdı,1,1
41311,çıxarır,1,1
41312,çıxarırdılar,1,1
41313,çıxarırlar,1,1
41314,çıxasan,1,1
41315,çıxaydı,1,1
41316,çıxdıqca,1,1
41317,çıxdıqda,1,1
41318,çıxdığın,1,1
41319,çıxmadılar,1,1
41320,çıxmadın,1,1
41321,çıxmadınız,1,1
41322,çıxmalı,1,1
41323,çıxmamalıdır,1,1
41324,çıxmamışdır,1,1
41325,çıxmamışlarsa,1,1
41326,çıxman,1,1
41327,çıxmasınnar,1,1
41328,çıxmayırsa,1,1
41329,çıxmazdan,1,1
41330,çıxmazdı,1,1
41331,çıxmazki,1,1
41332,çıxmağına,1,1
41333,çıxmışdılar,1,1
41334,çıxsam,1,1
41335,çıxsaydın,1,1
41336,çıxsınnar,1,1
41337,çıxtı,1,1
41338,çıxıbsa,1,1
41339,çıxıd,1,1
41340,çıxın,1,1
41341,çıxıram,1,1
41342,çıxırdılar,1,1
41343,çıxırsan,1,1
41344,çıxış,1,1
41345,çığnayıb,1,1
41346,çığrışır,1,1
41347,çığırtısına,1,1
41348,çığırırdı,1,1
41349,çıхarıq,1,1
41350,çǝkdi,1,1
41351,çǝkdik,1,1
41352,çǝkdirdi,1,1
41353,çǝkmǝgil,1,1
41354,çǝkǝ,1,1
41355,çǝkǝn,1,1
41356,çǝmǝndǝ,1,1
41357,çǝndan,1,1
41358,çǝngali,1,1
41359,çǝngindǝn,1,1
41360,çəfərullahdan,1,1
41361,çəhar,1,1
41362,çəhdi,1,1
41363,çəhdiyi,1,1
41364,çəkdigin,1,1
41365,çəkdikcə,1,1
41366,çəkdikdə,1,1
41367,çəkdilərmi,1,1
41368,çəkdirir,1,1
41369,çəkdirməyə,1,1
41370,çəkdirəcən,1,1
41371,çəkdirər,1,1
41372,çəkdiyi,1,1
41373,çəkdiyiçün,1,1
41374,çəkdiz,1,1
41375,çəkgü,1,1
41376,çəkibsiniz,1,1
41377,çəkif,1,1
41378,çəkifdi,1,1
41379,çəkil,1,1
41380,çəkilibdi,1,1
41381,çəkilin,1,1
41382,çəkilirdi,1,1
41383,çəkilirdim,1,1
41384,çəkilmək,1,1
41385,çəkilməmiş,1,1
41386,çəkilmərik,1,1
41387,çəkilməyə,1,1
41388,çəkilşin,1,1
41389,çəkiləndə,1,1
41390,çəkilərsən,1,1
41391,çəkiləsi,1,1
41392,çəkimmi,1,1
41393,çəkincə,1,1
41394,çəkindim,1,1
41395,çəkinib,1,1
41396,çəkinməz,1,1
41397,çəkirdim,1,1
41398,çəkirik,1,1
41399,çəkmir,1,1
41400,çəkmirsən,1,1
41401,çəkmisən,1,1
41402,çəkmədilər,1,1
41403,çəkmədim,1,1
41404,çəkmədən,1,1
41405,çəkməgin,1,1
41406,çəkməkdir,1,1
41407,çəkməklə,1,1
41408,çəkməkçün,1,1
41409,çəkməli,1,1
41410,çəkmələrini,1,1
41411,çəkməmiş,1,1
41412,çəkməmişəm,1,1
41413,çəkmən,1,1
41414,çəkməsi,1,1
41415,çəkməsinin,1,1
41416,çəkməsəm,1,1
41417,çəkməsən,1,1
41418,çəkməsəydi,1,1
41419,çəkməyi,1,1
41420,çəkməyibdir,1,1
41421,çəkməyibsən,1,1
41422,çəkməyincə,1,1
41423,çəkməyəcək,1,1
41424,çəkməyəjəhlər,1,1
41425,çəkməyələr,1,1
41426,çəkməzdi,1,1
41427,çəkməçidən,1,1
41428,çəkməçini,1,1
41429,çəkməçinin,1,1
41430,çəkməçiylə,1,1
41431,çəksinlər,1,1
41432,çəksəm,1,1
41433,çəkəndən,1,1
41434,çəkənlə,1,1
41435,çəkənlərdən,1,1
41436,çəkənləri,1,1
41437,çəkərdilər,1,1
41438,çəkərkən,1,1
41439,çəkərsə,1,1
41440,çəkərsəm,1,1
41441,çəkərək,1,1
41442,çəkəsi,1,1
41443,çəkəsiz,1,1
41444,çəlaləddin,1,1
41445,çəlipa,1,1
41446,çələbim,1,1
41447,çəm,1,1
41448,çəminə,1,1
41449,çəmənarayi,1,1
41450,çəmənin,1,1
41451,çəmənində,1,1
41452,çəmənindən,1,1
41453,çəmənlik,1,1
41454,çəmənlikdə,1,1
41455,çəmənliyə,1,1
41456,çəmənləri,1,1
41457,çəmənlərə,1,1
41458,çəmənnərə,1,1
41459,çənbəri,1,1
41460,çənbərək,1,1
41461,çənbərəkdi,1,1
41462,çəndanını,1,1
41463,çəndi,1,1
41464,çəndimə,1,1
41465,çəndinə,1,1
41466,çəngdə,1,1
41467,çəngdən,1,1
41468,çəngini,1,1
41469,çəngə,1,1
41470,çəngələrin,1,1
41471,çəni,1,1
41472,çənk,1,1
41473,çənədə,1,1
41474,çənəndən,1,1
41475,çənəsini,1,1
41476,çənəsinin,1,1
41477,çəp,1,1
41478,çəpər,1,1
41479,çəqqali,1,1
41480,çəqqalə,1,1
41481,çəragah,1,1
41482,çəridə,1,1
41483,çəridən,1,1
41484,çərimi,1,1
41485,çərkəzə,1,1
41486,çərxdə,1,1
41487,çərxe,1,1
41488,çərxidən,1,1
41489,çərxinə,1,1
41490,çərxü,1,1
41491,çərçi,1,1
41492,çərçivəsində,1,1
41493,çərən,1,1
41494,çətinlik,1,1
41495,çətinliklə,1,1
41496,çətinliklərə,1,1
41497,çətinsə,1,1
41498,çətir,1,1
41499,çətri,1,1
41500,çəyirtgənin,1,1
41501,çеvirmədi,1,1
41502,çеvrəsində,1,1
41503,çеçеn,1,1
41504,çеşmanım,1,1
41505,çеşmanə,1,1
41506,çеşmimiz,1,1
41507,çеşminə,1,1
41508,çеşmə,1,1
41509,çеşmələrin,1,1
41510,çеşmənin,1,1
41511,çеşməsin,1,1
41512,çеşməsində,1,1
41513,çеşməyə,1,1
41514,çохdur,1,1
41515,çохlu,1,1
41516,çәkәcәk,1,1
41517,îlə,1,1
41518,ödə,1,1
41519,ögrənir,1,1
41520,ögünmǝ,1,1
41521,ögünmə,1,1
41522,ögünür,1,1
41523,ögüş,1,1
41524,ögərsən,1,1
41525,öhdəndədir,1,1
41526,öhdəsinə,1,1
41527,öhtəsindən,1,1
41528,öküzdü,1,1
41529,öküzlər,1,1
41530,öküzüm,1,1
41531,öküzəm,1,1
41532,öküş,1,1
41533,öldügüm,1,1
41534,öldün,1,1
41535,öldürdüm,1,1
41536,öldürdün,1,1
41537,öldürdüyü,1,1
41538,öldürdüyünə,1,1
41539,öldürmüşdülər,1,1
41540,öldürmüşəm,1,1
41541,öldürmǝgil,1,1
41542,öldürməklə,1,1
41543,öldürməyib,1,1
41544,öldürməyinizə,1,1
41545,öldürməz,1,1
41546,öldürülmələrinin,1,1
41547,öldürülsəm,1,1
41548,öldürülüf,1,1
41549,öldürürdü,1,1
41550,öldürürəm,1,1
41551,öldürəcəkdi,1,1
41552,öldürəcəklər,1,1
41553,öldürəcəm,1,1
41554,öldürərlər,1,1
41555,öldürəsən,1,1
41556,öldürəydin,1,1
41557,öldüsə,1,1
41558,öldüyünü,1,1
41559,ölgil,1,1
41560,ölkələr,1,1
41561,ölkələrdə,1,1
41562,ölkələrin,1,1
41563,ölkələrində,1,1
41564,ölkələrinə,1,1
41565,ölkənin,1,1
41566,ölkəsi,1,1
41567,ölkəsindən,1,1
41568,ölkəyə,1,1
41569,ölmüyüb,1,1
41570,ölmüşlərə,1,1
41571,ölməkdir,1,1
41572,ölməli,1,1
41573,ölməmiş,1,1
41574,ölməyib,1,1
41575,ölməyim,1,1
41576,ölməyin,1,1
41577,ölsən,1,1
41578,ölçüsünü,1,1
41579,ölüdən,1,1
41580,ölülərə,1,1
41581,ölümdür,1,1
41582,ölümlər,1,1
41583,ölümümdən,1,1
41584,ölümünü,1,1
41585,ölürdü,1,1
41586,ölürkən,1,1
41587,ölürsə,1,1
41588,ölürsən,1,1
41589,öləcəkdir,1,1
41590,öləcəyik,1,1
41591,öləcəyini,1,1
41592,öləndən,1,1
41593,öləsən,1,1
41594,ölәn,1,1
41595,ömrüdür,1,1
41596,ömrümdən,1,1
41597,ömrümüz,1,1
41598,ömrümüzü,1,1
41599,ömründǝn,1,1
41600,ömrünün,1,1
41601,ömrünüzün,1,1
41602,ömürdür,1,1
41603,ömürdən,1,1
41604,ömərdir,1,1
41605,ömərdən,1,1
41606,ömərlər,1,1
41607,öndə,1,1
41608,önlərində,1,1
41609,önmüş,1,1
41610,önundə,1,1
41611,önülmüş,1,1
41612,önümə,1,1
41613,önün,1,1
41614,önündǝ,1,1
41615,önünlə,1,1
41616,önəbaxdıq,1,1
41617,önərmə,1,1
41618,öpmüşdür,1,1
41619,öpmədim,1,1
41620,öpməgə,1,1
41621,öpməyə,1,1
41622,öpsün,1,1
41623,öpsəm,1,1
41624,öpübən,1,1
41625,öpün,1,1
41626,öpǝr,1,1
41627,öpə,1,1
41628,öpələr,1,1
41629,öpən,1,1
41630,öpəndə,1,1
41631,öpərdi,1,1
41632,öpərdim,1,1
41633,öpərəm,1,1
41634,ördək,1,1
41635,örgədərəm,1,1
41636,örgəndi,1,1
41637,örgənmək,1,1
41638,örgənə,1,1
41639,örkü,1,1
41640,örnrüm,1,1
41641,örpəyi,1,1
41642,örtdü,1,1
41643,örtgil,1,1
41644,örtmüş,1,1
41645,örtməyə,1,1
41646,örtsələr,1,1
41647,örtükdədir,1,1
41648,örtüklü,1,1
41649,örtə,1,1
41650,örtən,1,1
41651,örüşü,1,1
41652,örəndə,1,1
41653,öskürür,1,1
41654,öskürərsə,1,1
41655,öter,1,1
41656,ötgün,1,1
41657,ötgəm,1,1
41658,ötmüşəm,1,1
41659,ötməli,1,1
41660,ötməsin,1,1
41661,ötübdü,1,1
41662,ötürüb,1,1
41663,ötürə,1,1
41664,ötürəm,1,1
41665,ötürərdilər,1,1
41666,ötürә,1,1
41667,ötüşər,1,1
41668,ötərkən,1,1
41669,ötərək,1,1
41670,ötəsi,1,1
41671,övbaşını,1,1
41672,övd,1,1
41673,övladiyǝm,1,1
41674,övladsansa,1,1
41675,övladı,1,1
41676,övladıdır,1,1
41677,övladır,1,1
41678,övliyadan,1,1
41679,övliyadır,1,1
41680,övliyaların,1,1
41681,övliyanın,1,1
41682,övliyaül,1,1
41683,övnü,1,1
41684,övqaf,1,1
41685,övqafdan,1,1
41686,övqati,1,1
41687,övqatı,1,1
41688,övqatını,1,1
41689,övraqini,1,1
41690,övraqın,1,1
41691,övraqına,1,1
41692,övrətin,1,1
41693,övsaflərin,1,1
41694,övsafü,1,1
41695,övzainə,1,1
41696,öy,1,1
41697,öydükcə,1,1
41698,öydədi,1,1
41699,öydəkilərin,1,1
41700,öylǝ,1,1
41701,öyləndi,1,1
41702,öylənmədi,1,1
41703,öylər,1,1
41704,öyməli,1,1
41705,öynədə,1,1
41706,öyrǝtdi,1,1
41707,öyrədirsən,1,1
41708,öyrədən,1,1
41709,öyrədər,1,1
41710,öyrədərəm,1,1
41711,öyrədəsən,1,1
41712,öyrəndilər,1,1
41713,öyrəndin,1,1
41714,öyrəndiyim,1,1
41715,öyrənibsən,1,1
41716,öyrənmişdi,1,1
41717,öyrənmişdilər,1,1
41718,öyrənmədiyi,1,1
41719,öyrənməmiş,1,1
41720,öyrənsin,1,1
41721,öyrənəcəkdir,1,1
41722,öyrənərəkdən,1,1
41723,öyrənərəm,1,1
41724,öyrənəsən,1,1
41725,öyrətmək,1,1
41726,öyrətməkmi,1,1
41727,öyüdnəsihət,1,1
41728,öyüdə,1,1
41729,öyümüzdə,1,1
41730,öyünmə,1,1
41731,öyünüb,1,1
41732,öyünǝ,1,1
41733,öyürsən,1,1
41734,özbaşıma,1,1
41735,özgǝ,1,1
41736,özgədi,1,1
41737,özgədir,1,1
41738,özgədı,1,1
41739,özgədən,1,1
41740,özgələrin,1,1
41741,özgənindi,1,1
41742,özgənindir,1,1
41743,özgəsini,1,1
41744,özgә,1,1
41745,özilə,1,1
41746,öziçün,1,1
41747,özkə,1,1
41748,özlərindən,1,1
41749,özləriylə,1,1
41750,özözünə,1,1
41751,özüdürmü,1,1
41752,özümnən,1,1
41753,özümündür,1,1
41754,özümüzdən,1,1
41755,özümüzük,1,1
41756,özümüzün,1,1
41757,özümüzə,1,1
41758,özündǝn,1,1
41759,özüni,1,1
41760,özünkü,1,1
41761,özünti,1,1
41762,özünüzlə,1,1
41763,özütək,1,1
41764,özüvü,1,1
41765,özüözünü,1,1
41766,übur,1,1
41767,ücac,1,1
41768,ücü,1,1
41769,üdvan,1,1
41770,üftadeyi,1,1
41771,üftadə,1,1
41772,üftadəlik,1,1
41773,üftadələr,1,1
41774,üftadələrdən,1,1
41775,üftadələrim,1,1
41776,üftadəsinə,1,1
41777,üftadəyəm,1,1
41778,üfunət,1,1
41779,üfüqdə,1,1
41780,üfüqləri,1,1
41781,üfüqlərə,1,1
41782,üfüqün,1,1
41783,üfüqündən,1,1
41784,ülfətinə,1,1
41785,ülfətlinin,1,1
41786,ülfәt,1,1
41787,ülgüc,1,1
41788,ülkər,1,1
41789,ülkərindən,1,1
41790,ülkərə,1,1
41791,ülməsanidir,1,1
41792,ülumi,1,1
41793,ülviyyət,1,1
41794,ülviyəm,1,1
41795,ülyam,1,1
41796,üləmalar,1,1
41797,üləmanın,1,1
41798,ümidimiz,1,1
41799,ümidinǝ,1,1
41800,ümidliydin,1,1
41801,ümidlə,1,1
41802,ümidlər,1,1
41803,ümidlərim,1,1
41804,ümidlərini,1,1
41805,ümidsizliyə,1,1
41806,ümidvar,1,1
41807,ümidvarı,1,1
41808,ümidvarım,1,1
41809,ümidə,1,1
41810,ümmandan,1,1
41811,ümmandır,1,1
41812,ümmani,1,1
41813,ümmanǝ,1,1
41814,ümmanə,1,1
41815,ümmidilə,1,1
41816,ümmidim,1,1
41817,ümmidin,1,1
41818,ümmidlə,1,1
41819,ümmisən,1,1
41820,ümmühat,1,1
41821,ümmülkitab,1,1
41822,ümmətdi,1,1
41823,ümmətindən,1,1
41824,ümmətinə,1,1
41825,ümmətlərin,1,1
41826,ümmәtini,1,1
41827,ümmәtinin,1,1
41828,ümqü,1,1
41829,ümumi,1,1
41830,ümumiləşdirməyə,1,1
41831,ümumiyyətlə,1,1
41832,ümur,1,1
41833,ümuri,1,1
41834,ümvət,1,1
41835,ümüvv,1,1
41836,üns,1,1
41837,ünsuri,1,1
41838,ünsü,1,1
41839,ünsürdə,1,1
41840,ünsürün,1,1
41841,ünsürə,1,1
41842,ünvanda,1,1
41843,ünvanıdır,1,1
41844,ünüm,1,1
41845,üqaba,1,1
41846,üqbada,1,1
41847,üqbadən,1,1
41848,üqbani,1,1
41849,üqbayı,1,1
41850,üqbəda,1,1
41851,üqdəgüşalər,1,1
41852,üqdəsi,1,1
41853,üqdəyi,1,1
41854,üqdеyi,1,1
41855,üqnumu,1,1
41856,üqubəti,1,1
41857,üqudumuz,1,1
41858,üqul,1,1
41859,ürayim,1,1
41860,ürbənddidi,1,1
41861,ürfansız,1,1
41862,ürfanı,1,1
41863,ürfanım,1,1
41864,ürkütdük,1,1
41865,ürkər,1,1
41866,ürucu,1,1
41867,üryana,1,1
41868,üryanımda,1,1
41869,üryanımı,1,1
41870,ürövşan,1,1
41871,ürüzgara,1,1
41872,ürəfa,1,1
41873,ürəgim,1,1
41874,ürəkdi,1,1
41875,ürəkdəndir,1,1
41876,ürəklisən,1,1
41877,ürəklərdə,1,1
41878,ürəkləri,1,1
41879,ürəksiz,1,1
41880,ürəksə,1,1
41881,ürəkçin,1,1
41882,ürəyimnən,1,1
41883,ürəyinin,1,1
41884,üslubla,1,1
41885,üslubu,1,1
41886,üsqüf,1,1
41887,üsrü,1,1
41888,üsrətdə,1,1
41889,üsrətdən,1,1
41890,üsrətəm,1,1
41891,üstdə,1,1
41892,üstidə,1,1
41893,üstivar,1,1
41894,üstixanimdə,1,1
41895,üstiündə,1,1
41896,üstunə,1,1
41897,üstxandan,1,1
41898,üstümdə,1,1
41899,üstüncə,1,1
41900,üstünlük,1,1
41901,üstünlüyünü,1,1
41902,üstünsən,1,1
41903,üstünəm,1,1
41904,üstüxandı,1,1
41905,üstüxanım,1,1
41906,üstəcib,1,1
41907,üstələdi,1,1
41908,üsulların,1,1
41909,üsulə,1,1
41910,üsyana,1,1
41911,üsyankar,1,1
41912,üsərayə,1,1
41913,ütariddir,1,1
41914,ütüllün,1,1
41915,üyüdüf,1,1
41916,üyünüb,1,1
41917,üyütdü,1,1
41918,üyütmək,1,1
41919,üzar,1,1
41920,üzarim,1,1
41921,üzarü,1,1
41922,üzarım,1,1
41923,üzde,1,1
41924,üzdülər,1,1
41925,üzdəndir,1,1
41926,üze,1,1
41927,üzgilə,1,1
41928,üzgüçüsü,1,1
41929,üzin,1,1
41930,üzlüm,1,1
41931,üzlə,1,1
41932,üzlərini,1,1
41933,üzlərinə,1,1
41934,üzlətim,1,1
41935,üzlətin,1,1
41936,üzləyib,1,1
41937,üzmadır,1,1
41938,üzmüş,1,1
41939,üzmüşdü,1,1
41940,üzmə,1,1
41941,üzmədi,1,1
41942,üzmərəm,1,1
41943,üzməyə,1,1
41944,üzməz,1,1
41945,üznü,1,1
41946,üzrilə,1,1
41947,üzrlə,1,1
41948,üzrxahlıq,1,1
41949,üzrü,1,1
41950,üzrüm,1,1
41951,üzrümü,1,1
41952,üzrünü,1,1
41953,üzrədir,1,1
41954,üzsən,1,1
41955,üzundən,1,1
41956,üzvləri,1,1
41957,üzvü,1,1
41958,üzüdür,1,1
41959,üzükdə,1,1
41960,üzüldüm,1,1
41961,üzülləm,1,1
41962,üzülmüşdür,1,1
41963,üzülsün,1,1
41964,üzülüb,1,1
41965,üzülübsən,1,1
41966,üzüləndən,1,1
41967,üzümdur,1,1
41968,üzümümdən,1,1
41969,üzümüzə,1,1
41970,üzündǝ,1,1
41971,üzündǝn,1,1
41972,üzünlə,1,1
41973,üzünmü,1,1
41974,üzünnən,1,1
41975,üzünu,1,1
41976,üzünün,1,1
41977,üzünüzdən,1,1
41978,üzünüzü,1,1
41979,üzünüzə,1,1
41980,üzüqara,1,1
41981,üzüqarə,1,1
41982,üzürdü,1,1
41983,üzüvü,1,1
41984,üzəngisini,1,1
41985,üzərindən,1,1
41986,üzərlik,1,1
41987,üzərmisən,1,1
41988,üzərə,1,1
41989,üzərək,1,1
41990,üzərəm,1,1
41991,üçaram,1,1
41992,üçlük,1,1
41993,üçlüyə,1,1
41994,üçmağın,1,1
41995,üçun,1,1
41996,üçümüz,1,1
41997,üçüncüsü,1,1
41998,üçüncüsünü,1,1
41999,üçündə,1,1
42000,üçünsə,1,1
42001,üçünçü,1,1
42002,üçünə,1,1
42003,üşaqqın,1,1
42004,üştǝ,1,1
42005,üşşaqdə,1,1
42006,üşər,1,1
42007,üə,1,1
42008,ğamizati,1,1
42009,ğayətdə,1,1
42010,ğayətdən,1,1
42011,ğazi,1,1
42012,ğazilǝrdǝn,1,1
42013,ğazilǝrin,1,1
42014,ğazinin,1,1
42015,ğeybü,1,1
42016,ğeyr,1,1
42017,ğeyrdə,1,1
42018,ğeyrə,1,1
42019,ğeyrəti,1,1
42020,ğezası,1,1
42021,ğilaf,1,1
42022,ğilmanə,1,1
42023,ğizadə,1,1
42024,ğovğayi,1,1
42025,ğozlərə,1,1
42026,ğubar,1,1
42027,ğulam,1,1
42028,ğönçǝ,1,1
42029,ğönçǝni,1,1
42030,ğönçəyi,1,1
42031,ğübar,1,1
42032,ğüfrani,1,1
42033,ğüfranpəzir,1,1
42034,ğül,1,1
42035,ğüli,1,1
42036,ğülündən,1,1
42037,ğürbeyi,1,1
42038,ğürbətda,1,1
42039,ğüssə,1,1
42040,ğǝddarǝ,1,1
42041,ğǝffar,1,1
42042,ğǝflǝt,1,1
42043,ğǝmdir,1,1
42044,ğǝmindǝ,1,1
42045,ğǝmindǝn,1,1
42046,ğǝmlǝrdǝn,1,1
42047,ğǝmxar,1,1
42048,ğǝmxarǝ,1,1
42049,ğǝmzǝ,1,1
42050,ğǝmü,1,1
42051,ğǝriqi,1,1
42052,ğəltan,1,1
42053,ğəmində,1,1
42054,ğəmküsarəm,1,1
42055,ğəmzeyi,1,1
42056,ğəmzədəyəm,1,1
42057,ğəmü,1,1
42058,ğəribü,1,1
42059,ğərqi,1,1
42060,ğərqə,1,1
42061,ğəyur,1,1
42062,ğəzalə,1,1
42063,ğəzəbin,1,1
42064,ğəşş,1,1
42065,ğеyn,1,1
42066,ıalan,1,1
42067,ınandı,1,1
42068,ınüqəmmordə,1,1
42069,şa,1,1
42070,şabalid,1,1
42071,şabaşı,1,1
42072,şabı,1,1
42073,şadan,1,1
42074,şaddıx,1,1
42075,şadi,1,1
42076,şadidehi,1,1
42077,şadimanam,1,1
42078,şadlanan,1,1
42079,şadlanaram,1,1
42080,şadlandı,1,1
42081,şadlandılar,1,1
42082,şadlanıb,1,1
42083,şadlıqda,1,1
42084,şadlıqlar,1,1
42085,şadlığımı,1,1
42086,şadsan,1,1
42087,şadu,1,1
42088,şafedir,1,1
42089,şafeini,1,1
42090,şafeinin,1,1
42091,şafi,1,1
42092,şaftali,1,1
42093,şafеyi,1,1
42094,şagirdin,1,1
42095,şagirdli,1,1
42096,şagirdlik,1,1
42097,şagirdlər,1,1
42098,şagirdü,1,1
42099,şagirdəm,1,1
42100,şagiridlikdə,1,1
42101,şahanǝ,1,1
42102,şahanə,1,1
42103,şahbazıma,1,1
42104,şahdir,1,1
42105,şahiddə,1,1
42106,şahididir,1,1
42107,şahidlərinə,1,1
42108,şahidü,1,1
42109,şahim,1,1
42110,şahini,1,1
42111,şahinin,1,1
42112,şahinlərin,1,1
42113,şahinü,1,1
42114,şahinə,1,1
42115,şahisən,1,1
42116,şahkan,1,1
42117,şahlardan,1,1
42118,şahlarını,1,1
42119,şahlarşahı,1,1
42120,şahlığa,1,1
42121,şahlığın,1,1
42122,şahlərə,1,1
42123,şahmarının,1,1
42124,şahmarə,1,1
42125,şahmatda,1,1
42126,şahnaz,1,1
42127,şahnazə,1,1
42128,şahnəzər,1,1
42129,şahpər,1,1
42130,şahrahi,1,1
42131,şahsevəndə,1,1
42132,şahsevənlər,1,1
42133,şahsənəm,1,1
42134,şahsəvar,1,1
42135,şahzadəyəm,1,1
42136,şahıdı,1,1
42137,şahıdır,1,1
42138,şahıma,1,1
42139,şahımü,1,1
42140,şahımın,1,1
42141,şahımıza,1,1
42142,şahından,1,1
42143,şahıya,1,1
42144,şahıydı,1,1
42145,şahǝ,1,1
42146,şahənşahının,1,1
42147,şairlikdən,1,1
42148,şairliyin,1,1
42149,şairlər,1,1
42150,şairlərindən,1,1
42151,şairlərə,1,1
42152,şal,1,1
42153,şali,1,1
42154,şalinə,1,1
42155,şalvarı,1,1
42156,şalın,1,1
42157,şamamanın,1,1
42158,şamaması,1,1
42159,şamamədən,1,1
42160,şamaməsi,1,1
42161,şamda,1,1
42162,şamdir,1,1
42163,şamdə,1,1
42164,şamildir,1,1
42165,şamla,1,1
42166,şamlarıyla,1,1
42167,şamsız,1,1
42168,şamtək,1,1
42169,şamu,1,1
42170,şamıdır,1,1
42171,şamımı,1,1
42172,şamımız,1,1
42173,şamın,1,1
42174,şamına,1,1
42175,şamında,1,1
42176,şamıyam,1,1
42177,şamə,1,1
42178,şani,1,1
42179,şanım,1,1
42180,şanımı,1,1
42181,şanımız,1,1
42182,şanın,1,1
42183,şanǝ,1,1
42184,şanǝdir,1,1
42185,şanǝdǝn,1,1
42186,şanǝhü,1,1
42187,şanədən,1,1
42188,şanədəndan,1,1
42189,şanədəndir,1,1
42190,şanəhu,1,1
42191,şanəhü,1,1
42192,şanələr,1,1
42193,şanələri,1,1
42194,şanələrin,1,1
42195,şaq,1,1
42196,şaqayıqdan,1,1
42197,şaqqalatdırdı,1,1
42198,şarehdi,1,1
42199,şarii,1,1
42200,şarǝt,1,1
42201,şarətlə,1,1
42202,şarətnən,1,1
42203,şax,1,1
42204,şaxlar,1,1
42205,şaxlǝr,1,1
42206,şaxı,1,1
42207,şaxə,1,1
42208,şaxədə,1,1
42209,şaxəsi,1,1
42210,şaxəsindən,1,1
42211,şayan,1,1
42212,şayəgan,1,1
42213,şayəni,1,1
42214,şaşırgil,1,1
42215,şdə,1,1
42216,şehdir,1,1
42217,şehini,1,1
42218,şehla,1,1
42219,şeir,1,1
42220,şeiriniz,1,1
42221,şeirlər,1,1
42222,şemin,1,1
42223,şeno,1,1
42224,şerdə,1,1
42225,şerilə,1,1
42226,şerimdir,1,1
42227,şerimdəki,1,1
42228,şerimə,1,1
42229,şerindəki,1,1
42230,şerinǝ,1,1
42231,şeriyyəti,1,1
42232,şeriətə,1,1
42233,şerlə,1,1
42234,şerlər,1,1
42235,şerə,1,1
42236,şeydavü,1,1
42237,şeydayi,1,1
42238,şeydayə,1,1
42239,şeydir,1,1
42240,şeyitbaz,1,1
42241,şeylərini,1,1
42242,şeytanidir,1,1
42243,şeytanüvü,1,1
42244,şeyxdən,1,1
42245,şeyxin,1,1
42246,şeyxini,1,1
42247,şeyxlər,1,1
42248,şeyxəli,1,1
42249,şeyә,1,1
42250,şeşguşə,1,1
42251,şeşpər,1,1
42252,şeşpəri,1,1
42253,şeşxanaya,1,1
42254,şeşəltdi,1,1
42255,şibliyü,1,1
42256,şidir,1,1
42257,şifrəsi,1,1
42258,şiftədən,1,1
42259,şikafi,1,1
42260,şikardən,1,1
42261,şikarimi,1,1
42262,şikaristanı,1,1
42263,şikarı,1,1
42264,şikarını,1,1
42265,şikarəfkən,1,1
42266,şikayǝt,1,1
42267,şikayəti,1,1
42268,şikayətim,1,1
42269,şikayətimdir,1,1
42270,şikayətinə,1,1
42271,şikayətlə,1,1
42272,şikayətləndi,1,1
42273,şikayətçi,1,1
42274,şikvǝ,1,1
42275,şikəm,1,1
42276,şikəni,1,1
42277,şikəsti,1,1
42278,şikəstədil,1,1
42279,şil,1,1
42280,şimal,1,1
42281,şimalın,1,1
42282,şimdir,1,1
42283,şimdən,1,1
42284,şimr,1,1
42285,şimri,1,1
42286,şimşad,1,1
42287,şimşadın,1,1
42288,şiraz,1,1
42289,şirazə,1,1
42290,şirazəsin,1,1
42291,şircəng,1,1
42292,şirdil,1,1
42293,şirdir,1,1
42294,şireyi,1,1
42295,şirim,1,1
42296,şirimiz,1,1
42297,şirindil,1,1
42298,şirindəhən,1,1
42299,şirinim,1,1
42300,şirinindən,1,1
42301,şirinkara,1,1
42302,şirinkəlam,1,1
42303,şirinlik,1,1
42304,şirinliyini,1,1
42305,şirinlərin,1,1
42306,şirinlərə,1,1
42307,şirinruzigarım,1,1
42308,şirinsüxəni,1,1
42309,şirinsüxənim,1,1
42310,şirinzebanın,1,1
42311,şirinzǝban,1,1
42312,şirinzəban,1,1
42313,şirinzəbansan,1,1
42314,şirinüsul,1,1
42315,şirk,1,1
42316,şirkət,1,1
42317,şirməmməd,1,1
42318,şirnim,1,1
42319,şirnisin,1,1
42320,şirniyyat,1,1
42321,şirvam,1,1
42322,şirvandan,1,1
42323,şirvandır,1,1
42324,şirvanlı,1,1
42325,şirvanski,1,1
42326,şirvanım,1,1
42327,şirvanşahın,1,1
42328,şirvanşahə,1,1
42329,şirvanşəhilər,1,1
42330,şirxarə,1,1
42331,şirəmlə,1,1
42332,şirəsilə,1,1
42333,şirә,1,1
42334,şit,1,1
42335,şita,1,1
42336,şitadə1,1,1
42337,şitil,1,1
42338,şiv,1,1
42339,şivdə,1,1
42340,şivlərdi,1,1
42341,şivədə,1,1
42342,şivəsi,1,1
42343,şivəsin,1,1
42344,şiybanda,1,1
42345,şiybanlı,1,1
42346,şiyvə,1,1
42347,şiyvən,1,1
42348,şişib,1,1
42349,şişirdirsən,1,1
42350,şişlikli,1,1
42351,şişmantuluq,1,1
42352,şişə,1,1
42353,şişədaşında,1,1
42354,şişədən,1,1
42355,şişələr,1,1
42356,şişəmi,1,1
42357,şişər,1,1
42358,şişəsin,1,1
42359,şişəsiyçin,1,1
42360,şişəyə,1,1
42361,şiədən,1,1
42362,şiəlik,1,1
42363,şiələrdən,1,1
42364,şiələrim,1,1
42365,şkkər,1,1
42366,şlədi,1,1
42367,şlənən,1,1
42368,şokker,1,1
42369,şolə,1,1
42370,şorcalının,1,1
42371,şovinizm,1,1
42372,şox,1,1
42373,şrǝtü,1,1
42374,şrət,1,1
42375,ştiyaqından,1,1
42376,şumlamağa,1,1
42377,şumlayanda,1,1
42378,şumlayıb,1,1
42379,şumsən,1,1
42380,şumü,1,1
42381,şumün,1,1
42382,şumə,1,1
42383,şunşu,1,1
42384,şuq,1,1
42385,şuqdan,1,1
42386,şuqdən,1,1
42387,şuqi,1,1
42388,şuqindən,1,1
42389,şuqu,1,1
42390,şuqunun,1,1
42391,şuqədən,1,1
42392,şuqəsi,1,1
42393,şura,1,1
42394,şuridə,1,1
42395,şurişi,1,1
42396,şurutu,1,1
42397,şurü,1,1
42398,şurəzarlər,1,1
42399,şuxdan,1,1
42400,şuxin,1,1
42401,şuхumü,1,1
42402,şvə,1,1
42403,şvəli,1,1
42404,şvəvü,1,1
42405,şöbədəbaz,1,1
42406,şöhrǝti,1,1
42407,şöhrətdi,1,1
42408,şöhrətilə,1,1
42409,şöhrətimlə,1,1
42410,şöhrətindən,1,1
42411,şölədir,1,1
42412,şölədən,1,1
42413,şölələnərkən,1,1
42414,şöləm,1,1
42415,şöləsin,1,1
42416,şöləsini,1,1
42417,şöləyə,1,1
42418,şölеyi,1,1
42419,şövhər,1,1
42420,şövkətdə,1,1
42421,şövkətim,1,1
42422,şövkətli,1,1
42423,şövqdən,1,1
42424,şövqindən,1,1
42425,şövqini,1,1
42426,şövqünlə,1,1
42427,şövqünəm,1,1
42428,şövqəm,1,1
42429,şövqən,1,1
42430,şöylǝ,1,1
42431,şüa,1,1
42432,şüaində,1,1
42433,şüalarını,1,1
42434,şüaın,1,1
42435,şübhəli,1,1
42436,şübhələnib,1,1
42437,şübhələr,1,1
42438,şübhəsin,1,1
42439,şübhеyi,1,1
42440,şücaǝt,1,1
42441,şücaət,1,1
42442,şücaətdi,1,1
42443,şücaətlə,1,1
42444,şühud,1,1
42445,şühudumuz,1,1
42446,şühəda,1,1
42447,şükra,1,1
42448,şükrana,1,1
42449,şükraneyi,1,1
42450,şükranə,1,1
42451,şükranədir,1,1
42452,şükranəsi,1,1
42453,şükranəsidir,1,1
42454,şükrlillah,1,1
42455,şükrlər,1,1
42456,şükrü,1,1
42457,şükufeleri,1,1
42458,şükuhü,1,1
42459,şüküfte,1,1
42460,şümar,1,1
42461,şümari,1,1
42462,şümarımı,1,1
42463,şümri,1,1
42464,şümrü,1,1
42465,şümrün,1,1
42466,şümrə,1,1
42467,şümşada,1,1
42468,şümşaddə,1,1
42469,şümşadıdır,1,1
42470,şürbi,1,1
42471,şüreyh,1,1
42472,şürurdən,1,1
42473,şütürbeççə,1,1
42474,şüura,1,1
42475,şüuraltı,1,1
42476,şüuru,1,1
42477,şüyui,1,1
42478,şüştərin,1,1
42479,şüşədir,1,1
42480,şüşəni,1,1
42481,şüşəsinə,1,1
42482,şüşəsitək,1,1
42483,şüərayi,1,1
42484,şüсaət,1,1
42485,şıllaq,1,1
42486,şıq,1,1
42487,şıqqıltısıtıqqıltısı,1,1
42488,şşrarət,1,1
42489,şǝbab,1,1
42490,şǝbistan,1,1
42491,şǝbrǝngini,1,1
42492,şǝcǝr,1,1
42493,şǝfa,1,1
42494,şǝhbazi,1,1
42495,şǝhi,1,1
42496,şǝhidi,1,1
42497,şǝhrindǝn,1,1
42498,şǝhzadeyi,1,1
42499,şǝhǝnşahi,1,1
42500,şǝkli,1,1
42501,şǝmidir,1,1
42502,şǝminǝ,1,1
42503,şǝms,1,1
42504,şǝmsi,1,1
42505,şǝnindǝ,1,1
42506,şǝninǝ,1,1
42507,şǝrab,1,1
42508,şǝrabın,1,1
42509,şǝrasi,1,1
42510,şǝrbǝti,1,1
42511,şǝrbǝtin,1,1
42512,şǝrhini,1,1
42513,şǝrhinin,1,1
42514,şǝrmisarǝm,1,1
42515,şǝrmsar,1,1
42516,şǝrmǝndǝdir,1,1
42517,şǝrmǝsar,1,1
42518,şǝrǝf,1,1
42519,şǝtrǝnc,1,1
42520,şəbahəti,1,1
42521,şəbandır,1,1
42522,şəbani,1,1
42523,şəbanə,1,1
42524,şəbaşə,1,1
42525,şəbimsən,1,1
42526,şəbistan,1,1
42527,şəbistandır,1,1
42528,şəbistanım,1,1
42529,şəbistanın,1,1
42530,şəbistanındadır,1,1
42531,şəbnəmmidir,1,1
42532,şəbnəmə,1,1
42533,şəbrəng,1,1
42534,şəbrəvü,1,1
42535,şəbxun,1,1
42536,şəbxunu,1,1
42537,şəbü,1,1
42538,şəbəkəyə,1,1
42539,şəbхun,1,1
42540,şəcərlər,1,1
42541,şəfanı,1,1
42542,şəfası,1,1
42543,şəfayi,1,1
42544,şəfayinə,1,1
42545,şəffəqqət,1,1
42546,şəfi,1,1
42547,şəfiin,1,1
42548,şəfiqim,1,1
42549,şəfiül,1,1
42550,şəfqətdir,1,1
42551,şəfqətin,1,1
42552,şəfqətindir,1,1
42553,şəfqətindü,1,1
42554,şəfqətindən,1,1
42555,şəfqətinlə,1,1
42556,şəfəqlə,1,1
42557,şəfəqlərdən,1,1
42558,şəfəqləridir,1,1
42559,şəfəqləriylə,1,1
42560,şəfəqlərlə,1,1
42561,şəfəqqətlinin,1,1
42562,şəfəqtək,1,1
42563,şəfəqü,1,1
42564,şəhabı,1,1
42565,şəhadətdən,1,1
42566,şəhadətnamə,1,1
42567,şəhbaz,1,1
42568,şəhdidir,1,1
42569,şəhdilə,1,1
42570,şəhdin,1,1
42571,şəhdə,1,1
42572,şəhdən,1,1
42573,şəhiddi,1,1
42574,şəhidlik,1,1
42575,şəhidlər,1,1
42576,şəhim,1,1
42577,şəhimin,1,1
42578,şəhin,1,1
42579,şəhinşahi,1,1
42580,şəhlalənir,1,1
42581,şəhlasinə,1,1
42582,şəhlayi,1,1
42583,şəhli,1,1
42584,şəhmarə,1,1
42585,şəhnaz,1,1
42586,şəhneyi,1,1
42587,şəhnəsiz,1,1
42588,şəhpərdir,1,1
42589,şəhridir,1,1
42590,şəhrimiz,1,1
42591,şəhrinin,1,1
42592,şəhrinizi,1,1
42593,şəhristanda,1,1
42594,şəhriyar,1,1
42595,şəhriyari,1,1
42596,şəhriyarı,1,1
42597,şəhriyarım,1,1
42598,şəhriyarın,1,1
42599,şəhrlərdə,1,1
42600,şəhrü,1,1
42601,şəhvari,1,1
42602,şəhvarinə,1,1
42603,şəhvarsız,1,1
42604,şəhvarı,1,1
42605,şəhvətin,1,1
42606,şəhənşahi,1,1
42607,şəhənşəhi,1,1
42608,şəhəri,1,1
42609,şəhərliyə,1,1
42610,şəhərlərdə,1,1
42611,şəkib,1,1
42612,şəkili,1,1
42613,şəkker,1,1
42614,şəkkərbarın,1,1
42615,şəkkərdən,1,1
42616,şəkkərilə,1,1
42617,şəkkərimi,1,1
42618,şəkkərsən,1,1
42619,şəkkərşikən,1,1
42620,şəkkərşikəni,1,1
42621,şəkkərəfşanındadır,1,1
42622,şəkkərхəndinə,1,1
42623,şəklihi,1,1
42624,şəklimizi,1,1
42625,şəklində,1,1
42626,şəkliçün,1,1
42627,şəklə,1,1
42628,şəkləyib,1,1
42629,şəkur,1,1
42630,şəkvə,1,1
42631,şəkə,1,1
42632,şəkərbara,1,1
42633,şəkərbarı,1,1
42634,şəkərbarım,1,1
42635,şəkərbarımız,1,1
42636,şəkərdildən,1,1
42637,şəkəristan,1,1
42638,şəkəristanə,1,1
42639,şəkərləb,1,1
42640,şəkərxab,1,1
42641,şəkərxayə,1,1
42642,şəlixaya,1,1
42643,şələsi,1,1
42644,şələsin,1,1
42645,şəmadət,1,1
42646,şəmatət,1,1
42647,şəmayil,1,1
42648,şəmayildə,1,1
42649,şəmdən,1,1
42650,şəmidə,1,1
42651,şəmil,1,1
42652,şəmində,1,1
42653,şəmini,1,1
42654,şəminə,1,1
42655,şəmkirə,1,1
42656,şəmmasa,1,1
42657,şəmmeyi,1,1
42658,şəmmə,1,1
42659,şəmsdir,1,1
42660,şəmsim,1,1
42661,şəmsün,1,1
42662,şəmsüzzüha,1,1
42663,şəmsə,1,1
42664,şəmsəddinin,1,1
42665,şəmşir,1,1
42666,şəmşirə,1,1
42667,şəməddin,1,1
42668,şəneyi,1,1
42669,şəng,1,1
42670,şəngi,1,1
42671,şəngim,1,1
42672,şənin,1,1
42673,şənini,1,1
42674,şənliyini,1,1
42675,şənliyinə,1,1
42676,şənsən,1,1
42677,şənudumuz,1,1
42678,şənü,1,1
42679,şənüvə,1,1
42680,şəqayiqgirü,1,1
42681,şəqayiqvar,1,1
42682,şəqi,1,1
42683,şəqq,1,1
42684,şəqqülqəmər,1,1
42685,şərablə,1,1
42686,şərabü,1,1
42687,şərabımdır,1,1
42688,şərabını,1,1
42689,şərafət,1,1
42690,şərafəti,1,1
42691,şərait,1,1
42692,şərari,1,1
42693,şərarilə,1,1
42694,şərarı,1,1
42695,şərbətdir,1,1
42696,şərbətdən,1,1
42697,şərbətimə,1,1
42698,şərbətindən,1,1
42699,şərbətinin,1,1
42700,şərbətinlə,1,1
42701,şərbətinlən,1,1
42702,şərbətlərdən,1,1
42703,şərbətəm,1,1
42704,şəridə,1,1
42705,şərifilə,1,1
42706,şərifim,1,1
42707,şərifində,1,1
42708,şərifini,1,1
42709,şərifü,1,1
42710,şərik,1,1
42711,şərikdir,1,1
42712,şəriksiz,1,1
42713,şərili,1,1
42714,şərini,1,1
42715,şərinə,1,1
42716,şərir,1,1
42717,şəriyyə,1,1
42718,şəriətin,1,1
42719,şəriətlə,1,1
42720,şərlinin,1,1
42721,şərlərdən,1,1
42722,şərmdən,1,1
42723,şərmnak,1,1
42724,şərməndeyi,1,1
42725,şərməndədir,1,1
42726,şərqdir,1,1
42727,şərqin,1,1
42728,şərqə,1,1
42729,şərrindən,1,1
42730,şərrini,1,1
42731,şərrinə,1,1
42732,şərtin,1,1
42733,şərvanda,1,1
42734,şərəfdir,1,1
42735,şərəfdə,1,1
42736,şərəfdən,1,1
42737,şərəfilə,1,1
42738,şərəfim,1,1
42739,şərərbar,1,1
42740,şərəri,1,1
42741,şəstilə,1,1
42742,şətrəbə,1,1
42743,şətrəncü,1,1
42744,şətt,1,1
42745,şətəli,1,1
42746,şəvə,1,1
42747,şəvəkara,1,1
42748,şəxsdən,1,1
42749,şəxsiyyətdə,1,1
42750,şəxsiyyətlərdən,1,1
42751,şəxsiyyətlərinin,1,1
42752,şəxsiyyətə,1,1
42753,şəxslər,1,1
42754,şəyir,1,1
42755,şəyirdimdir,1,1
42756,şəyirdimi,1,1
42757,şəyirdini,1,1
42758,şəyirdli,1,1
42759,şəyirdləri,1,1
42760,şəyirdlərimdi,1,1
42761,şəyirdlərimdir,1,1
42762,şəyirdlərindən,1,1
42763,şəyirdlərini,1,1
42764,şəyirdsən,1,1
42765,şəşəati,1,1
42766,şəəsindən,1,1
42767,şеri,1,1
42768,şеyda,1,1
42769,şеydalənir,1,1
42770,şеydayə,1,1
42771,şеydi,1,1
42772,şеyin,1,1
42773,şеyitbaz,1,1
42774,şеylərdən,1,1
42775,şеytandan,1,1
42776,şеytanı,1,1
42777,şеyx,1,1
42778,şеyхi,1,1
42779,şәrdә,1,1
42780,şәriәt,1,1
42781,ǝbabil,1,1
42782,ǝbru,1,1
42783,ǝcayib,1,1
42784,ǝdvar,1,1
42785,ǝfkar,1,1
42786,ǝflaki,1,1
42787,ǝfsanǝ,1,1
42788,ǝfv,1,1
42789,ǝgmǝz,1,1
42790,ǝgǝr,1,1
42791,ǝhdü,1,1
42792,ǝhlinin,1,1
42793,ǝhlinǝ,1,1
42794,ǝhmǝq,1,1
42795,ǝhmǝr,1,1
42796,ǝhmǝrdir,1,1
42797,ǝhsǝni,1,1
42798,ǝjdǝha,1,1
42799,ǝkabirimiz,1,1
42800,ǝkbǝrǝ,1,1
42801,ǝksi,1,1
42802,ǝksindǝn,1,1
42803,ǝl,1,1
42804,ǝliflǝr,1,1
42805,ǝlimdir,1,1
42806,ǝlindǝ,1,1
42807,ǝllǝzi,1,1
42808,ǝlǝstǝm,1,1
42809,ǝmavü,1,1
42810,ǝmni,1,1
42811,ǝmri,1,1
42812,ǝmǝl,1,1
42813,ǝnadil,1,1
42814,ǝnam,1,1
42815,ǝnbiyalǝr,1,1
42816,ǝnbǝr,1,1
42817,ǝnbǝrdir,1,1
42818,ǝnbǝri,1,1
42819,ǝnbǝridir,1,1
42820,ǝnbǝrǝfşan,1,1
42821,ǝncümǝn,1,1
42822,ǝndamı,1,1
42823,ǝngüştǝri,1,1
42824,ǝqlim,1,1
42825,ǝr,1,1
42826,ǝrdir,1,1
42827,ǝri,1,1
42828,ǝrkan,1,1
42829,ǝrkanım,1,1
42830,ǝrz,1,1
42831,ǝrzan,1,1
42832,ǝrşdir,1,1
42833,ǝrşin,1,1
42834,ǝrşǝ,1,1
42835,ǝsası,1,1
42836,ǝsli,1,1
42837,ǝsra,1,1
42838,ǝta,1,1
42839,ǝttar,1,1
42840,ǝtǝyim,1,1
42841,ǝyan,1,1
42842,ǝyaqda,1,1
42843,ǝyağın,1,1
42844,ǝzbǝr,1,1
42845,ǝziz,1,1
42846,ǝzizi,1,1
42847,ǝzm,1,1
42848,ǝzmi,1,1
42849,ǝzzinǝs,1,1
42850,ǝzǝldǝ,1,1
42851,ǝzǝm,1,1
42852,ǝşarın,1,1
42853,ǝşgi,1,1
42854,ǝşk,1,1
42855,ǝşki,1,1
42856,əbadı,1,1
42857,əbası,1,1
42858,əbavü,1,1
42859,əbcədi,1,1
42860,əbcədim,1,1
42861,əbdallar,1,1
42862,əbdüküm,1,1
42863,əbdül,1,1
42864,əbdülməcid,1,1
42865,əbdülqəffarın,1,1
42866,əbdüləzimlə,1,1
42867,əbhəməm,1,1
42868,əbhərin,1,1
42869,əbid,1,1
42870,əbirə,1,1
42871,əbkəm,1,1
42872,əbkəməm,1,1
42873,əbrin,1,1
42874,əbrində,1,1
42875,əbrindən,1,1
42876,əbrişim,1,1
42877,əbru,1,1
42878,əbrudur,1,1
42879,əbruləri,1,1
42880,əbrun,1,1
42881,əbruni,1,1
42882,əbrunu,1,1
42883,əbrunə,1,1
42884,əbrusilə,1,1
42885,əbrusinə,1,1
42886,əbruydə,1,1
42887,əbsarə,1,1
42888,əbtəhi,1,1
42889,əbtər,1,1
42890,əbtərdir,1,1
42891,əbubəkr,1,1
42892,əbubəkrə,1,1
42893,əbunəvası,1,1
42894,əbus,1,1
42895,əbvabı,1,1
42896,əbülhəsəndən,1,1
42897,əbülhəsənə,1,1
42898,əbülqasim,1,1
42899,əbəddir,1,1
42900,əbədilik,1,1
42901,əbəlfəzin,1,1
42902,əbəsdir,1,1
42903,əbəsvar,1,1
42904,əcamir,1,1
42905,əcazi,1,1
42906,əcazü,1,1
42907,əcazı,1,1
42908,əcdaba,1,1
42909,əcdadını,1,1
42910,əcdadə,1,1
42911,əcib,1,1
42912,əciz,1,1
42913,əcri,1,1
42914,əcrsiz,1,1
42915,əcrə,1,1
42916,əcz,1,1
42917,əczası,1,1
42918,əczü,1,1
42919,əcəbdi,1,1
42920,əcəldir,1,1
42921,əcəldən,1,1
42922,əcəlidir,1,1
42923,əcəlin,1,1
42924,əcəlinin,1,1
42925,əcəll,1,1
42926,əcəmdə,1,1
42927,ədadən,1,1
42928,ədalər,1,1
42929,ədalətilə,1,1
42930,ədalətsiz,1,1
42931,ədasindən,1,1
42932,ədası,1,1
42933,ədavəti,1,1
42934,ədayə,1,1
42935,ədibü,1,1
42936,ədibə,1,1
42937,ədim,1,1
42938,ədldir,1,1
42939,ədlindən,1,1
42940,ədlini,1,1
42941,ədlün,1,1
42942,ədlə,1,1
42943,ədn,1,1
42944,ədnayi,1,1
42945,ədnayədir,1,1
42946,ədni,1,1
42947,ədulərin,1,1
42948,əduyi,1,1
42949,ədvanə,1,1
42950,ədvar,1,1
42951,ədyan,1,1
42952,ədyani,1,1
42953,ədyanə,1,1
42954,ədü,1,1
42955,ədüvvü,1,1
42956,ədəbini,1,1
42957,ədəbinən,1,1
42958,ədəbsiz,1,1
42959,ədəbxanə,1,1
42960,ədədi,1,1
42961,ədəlü,1,1
42962,ədəmdən,1,1
42963,əf,1,1
42964,əfafü,1,1
42965,əfalə,1,1
42966,əfazil,1,1
42967,əfganım,1,1
42968,əfidir,1,1
42969,əfkarı,1,1
42970,əfkarının,1,1
42971,əflaka,1,1
42972,əflakdən,1,1
42973,əfqan,1,1
42974,əfqana,1,1
42975,əfqandan,1,1
42976,əfqandır,1,1
42977,əfqanı,1,1
42978,əfqanım,1,1
42979,əfrad,1,1
42980,əfsanədi,1,1
42981,əfsanədəndir,1,1
42982,əfsanəgu,1,1
42983,əfsanəsi,1,1
42984,əfsanəsin,1,1
42985,əfsanəsindən,1,1
42986,əfsanəyə,1,1
42987,əfsanəçi,1,1
42988,əfsordə,1,1
42989,əfsundur,1,1
42990,əfsürdə,1,1
42991,əfsər,1,1
42992,əfsərdir,1,1
42993,əfvdən,1,1
42994,əfvi,1,1
42995,əfvimi,1,1
42996,əfvindən,1,1
42997,əfzadır,1,1
42998,əfzunə,1,1
42999,əfzəldir,1,1
43000,əfzəlidir,1,1
43001,əfğanimi,1,1
43002,əfğanxm,1,1
43003,əfğanım,1,1
43004,əfğanıma,1,1
43005,əfğanımı,1,1
43006,əfğanın,1,1
43007,əfğanınca,1,1
43008,əfğanınla,1,1
43009,əfı,1,1
43010,əfşanın,1,1
43011,əgerçi,1,1
43012,əgməqlə,1,1
43013,əgnimdə,1,1
43014,əgor,1,1
43015,əgr,1,1
43016,əgridürür,1,1
43017,əhaliyi,1,1
43018,əhatə,1,1
43019,əhbabın,1,1
43020,əhbabə,1,1
43021,əhbar,1,1
43022,əhdimizin,1,1
43023,əhdin,1,1
43024,əhdinəvü,1,1
43025,əhdlərdən,1,1
43026,əhdüvə,1,1
43027,əhlal,1,1
43028,əhldən,1,1
43029,əhlidi,1,1
43030,əhlilə,1,1
43031,əhlində,1,1
43032,əhliyik,1,1
43033,əhliylə,1,1
43034,əhməddir,1,1
43035,əhməqdir,1,1
43036,əhməqliyin,1,1
43037,əhmərdir,1,1
43038,əhmərdən,1,1
43039,əhvala,1,1
43040,əhvalini,1,1
43041,əhvalinə,1,1
43042,əhvəl,1,1
43043,əhzanımda,1,1
43044,əhzanın,1,1
43045,əhzanə,1,1
43046,əhəmiyyətsiz,1,1
43047,əhəmiyyətsizdir,1,1
43048,əiacımız,1,1
43049,əjdahadır,1,1
43050,əjdahalı,1,1
43051,əjdahayı,1,1
43052,əjdəhalar,1,1
43053,əjdəhanın,1,1
43054,əjdəhayı,1,1
43055,əjdərsən,1,1
43056,əkbərimin,1,1
43057,əkbərin,1,1
43058,əkbərinin,1,1
43059,əkbərü,1,1
43060,əkdin,1,1
43061,əkdiyi,1,1
43062,əkdiyinə,1,1
43063,əkilən,1,1
43064,əkinci,1,1
43065,əkini,1,1
43066,əkinsiz,1,1
43067,əkinçiyə,1,1
43068,əkirdin,1,1
43069,əkirəm,1,1
43070,əkizdir,1,1
43071,əkl,1,1
43072,əklil,1,1
43073,əkmişdir,1,1
43074,əkmə,1,1
43075,əkmədik,1,1
43076,əkməklikdən,1,1
43077,əkməl,1,1
43078,əkməldir,1,1
43079,əkməliyyəti,1,1
43080,əkməsən,1,1
43081,əkməz,1,1
43082,əknun,1,1
43083,əksikdir,1,1
43084,əksilib,1,1
43085,əksilir,1,1
43086,əksilməsin,1,1
43087,əksimizi,1,1
43088,əksinin,1,1
43089,əksiydi,1,1
43090,əksəri,1,1
43091,əksəriyyət,1,1
43092,əksəriyyətinin,1,1
43093,əkşi,1,1
43094,əkəcəyik,1,1
43095,əkəndə,1,1
43096,əkənlər,1,1
43097,əkərsən,1,1
43098,əkərəm,1,1
43099,əlaci,1,1
43100,əlacım,1,1
43101,əlacımız,1,1
43102,əladə,1,1
43103,əlamətin,1,1
43104,əlamətinə,1,1
43105,əlamətlər,1,1
43106,əlaqə,1,1
43107,əlavə,1,1
43108,əlayiq,1,1
43109,əlaһəddə,1,1
43110,əlbir,1,1
43111,əldın,1,1
43112,əldǝ,1,1
43113,əldəki,1,1
43114,əldənmi,1,1
43115,əleyha,1,1
43116,əleyhi,1,1
43117,əlhal,1,1
43118,əlhani,1,1
43119,əlhǝmdurur,1,1
43120,əlhəmdülillah,1,1
43121,əlhəmdüllah,1,1
43122,əliallah,1,1
43123,əliaçıq,1,1
43124,əlidaşlı,1,1
43125,əlidə,1,1
43126,əlifbanı,1,1
43127,əlifi,1,1
43128,əlifla,1,1
43129,əliflərdir,1,1
43130,əliflərdən,1,1
43131,əlil,1,1
43132,əlilü,1,1
43133,əliləm,1,1
43134,əlimizdən,1,1
43135,əlimizdənü,1,1
43136,əlimizi,1,1
43137,əlimıən,1,1
43138,əlindǝ,1,1
43139,əlindǝn,1,1
43140,əlindədi,1,1
43141,əlindədir,1,1
43142,əlinizdədir,1,1
43143,əlinı,1,1
43144,əliqəribdir,1,1
43145,əlisə,1,1
43146,əliynən,1,1
43147,əliyyən,1,1
43148,əliyǝ,1,1
43149,əlizadə,1,1
43150,əlkasibü,1,1
43151,əlkəhf,1,1
43152,əllaf,1,1
43153,əllameyi,1,1
43154,əllamədir,1,1
43155,əllim,1,1
43156,əllüq,1,1
43157,əllərilə,1,1
43158,əllərim,1,1
43159,əllərimdən,1,1
43160,əllərimi,1,1
43161,əllərindir,1,1
43162,əllərintək,1,1
43163,əlləşdi,1,1
43164,əlləşməyə,1,1
43165,əlləşsən,1,1
43166,əlminnətülillah,1,1
43167,əlqissə,1,1
43168,əlqüdrəti,1,1
43169,əlsiz,1,1
43170,əltafi,1,1
43171,əltafü,1,1
43172,əltəfi,1,1
43173,əlvana,1,1
43174,əlvandı,1,1
43175,əlvandır,1,1
43176,əlvani,1,1
43177,əlvənd,1,1
43178,əlyazmalar,1,1
43179,əlün,1,1
43180,əlüstü,1,1
43181,ələddovam,1,1
43182,ələdi,1,1
43183,ələfiniz,1,1
43184,ələfzarı,1,1
43185,ələk,1,1
43186,ələllahi,1,1
43187,ələlərş,1,1
43188,ələmdə,1,1
43189,ələmim,1,1
43190,ələmindən,1,1
43191,ələminə,1,1
43192,ələmlə,1,1
43193,ələmlər,1,1
43194,ələmü,1,1
43195,ələmül,1,1
43196,ələmşahın,1,1
43197,ələr,1,1
43198,ələs,1,1
43199,ələsgərgildir,1,1
43200,ələsgərgillə,1,1
43201,ələsgərim,1,1
43202,ələsgərinki,1,1
43203,ələsgərl,1,1
43204,ələsgərsənsə,1,1
43205,ələsgərtək,1,1
43206,ələsgərəgilin,1,1
43207,ələssəlam,1,1
43208,ələstdir,1,1
43209,ələsğər,1,1
43210,ələsəgərin,1,1
43211,ələyirdi,1,1
43212,ələyküməsəlam,1,1
43213,ələykəssalam,1,1
43214,ələzzahir,1,1
43215,əlеykümsalam,1,1
43216,əlеykəssalam,1,1
43217,əlеynəl,1,1
43218,əma,1,1
43219,əmali,1,1
43220,əmalini,1,1
43221,əmanlıq,1,1
43222,əmanımızdır,1,1
43223,əmanə,1,1
43224,əmanətdir,1,1
43225,əmanətimdir,1,1
43226,əmanətini,1,1
43227,əmanətləri,1,1
43228,əmda,1,1
43229,əmdi,1,1
43230,əmdin,1,1
43231,əmibsən,1,1
43232,əmimin,1,1
43233,əmində,1,1
43234,əminidir,1,1
43235,əminimsən,1,1
43236,əminlə,1,1
43237,əmioğlu,1,1
43238,əmiranə,1,1
43239,əmirim,1,1
43240,əmirin,1,1
43241,əmirlərlə,1,1
43242,əmirü,1,1
43243,əmirə,1,1
43244,əmirəm,1,1
43245,əmisi,1,1
43246,əmisindən,1,1
43247,əmizdirdikdən,1,1
43248,əmləhüş,1,1
43249,əmmaməli,1,1
43250,əmmaməsi,1,1
43251,əmmara,1,1
43252,əmmarə,1,1
43253,əmmaəni,1,1
43254,əmn,1,1
43255,əmniyyətdir,1,1
43256,əmnu,1,1
43257,əmoğluma,1,1
43258,əmrazinə,1,1
43259,əmrdə,1,1
43260,əmrindən,1,1
43261,əmrinlə,1,1
43262,əmrüvə,1,1
43263,əmvati,1,1
43264,əmvatı,1,1
43265,əməldən,1,1
43266,əməlidir,1,1
43267,əməlini,1,1
43268,əməllərdən,1,1
43269,əməndədi,1,1
43270,əməyə,1,1
43271,əna,1,1
43272,ənarəl,1,1
43273,ənasirdir,1,1
43274,ənasirdən,1,1
43275,ənbiyadır,1,1
43276,ənbərbar,1,1
43277,ənbərdir,1,1
43278,ənbərfam,1,1
43279,ənbərimi,1,1
43280,ənbərlinin,1,1
43281,ənbərmi,1,1
43282,ənbərsayə,1,1
43283,ənbərtək,1,1
43284,ənbərə,1,1
43285,ənbərəfşandır,1,1
43286,ənbərəfşanın,1,1
43287,əncami,1,1
43288,əncamına,1,1
43289,əncamını,1,1
43290,əncamə,1,1
43291,ənci,1,1
43292,əncum,1,1
43293,əncümən,1,1
43294,əncüməndən,1,1
43295,əncümənə,1,1
43296,əndamdır,1,1
43297,əndamlar,1,1
43298,əndamlı,1,1
43299,əndamlının,1,1
43300,əndamın,1,1
43301,əndişəm,1,1
43302,əndişəsi,1,1
43303,əndişəsindən,1,1
43304,əndişəsiz,1,1
43305,ənduhginimdir,1,1
43306,ənduhü,1,1
43307,ənduhə,1,1
43308,əndəkü,1,1
43309,əndəli,1,1
43310,əndəlibin,1,1
43311,əndərun,1,1
43312,əngüşti,1,1
43313,əngələ,1,1
43314,ənharə,1,1
43315,ənil,1,1
43316,ənin,1,1
43317,ənis,1,1
43318,ənisül,1,1
43319,ənkabut,1,1
43320,ənkisü,1,1
43321,ənkərəl,1,1
43322,ənliyi,1,1
43323,ənnab,1,1
43324,ənnar,1,1
43325,ənniktək,1,1
43326,ənqamisal,1,1
43327,ənqanın,1,1
43328,ənqayi,1,1
43329,ənqərib,1,1
43330,ənsariyə,1,1
43331,ənsarü,1,1
43332,ənsarım,1,1
43333,ənsarə,1,1
43334,əntə,1,1
43335,əntəri,1,1
43336,əntərə,1,1
43337,ənvarımız,1,1
43338,ənvarın,1,1
43339,ənvərindir,1,1
43340,ənıma,1,1
43341,ənədi,1,1
43342,ənəlhəqdir,1,1
43343,ənəlhəqdən,1,1
43344,ənəlhəqqi,1,1
43345,ənəllahın,1,1
43346,ənənəyə,1,1
43347,ənəslə,1,1
43348,əppək,1,1
43349,əppəyə,1,1
43350,əprimişdir,1,1
43351,əq,1,1
43352,əqani,1,1
43353,əqidə,1,1
43354,əqiq,1,1
43355,əqiqi,1,1
43356,əqiqim,1,1
43357,əqiqü,1,1
43358,əqldə,1,1
43359,əqlimin,1,1
43360,əqlində,1,1
43361,əqlu,1,1
43362,əqlüvə,1,1
43363,əqrəba,1,1
43364,əqrəbin,1,1
43365,əqrəbtək,1,1
43366,əqrəbü,1,1
43367,əqsam,1,1
43368,əqsanı,1,1
43369,əqtərib,1,1
43370,əqümdə,1,1
43371,əqəl,1,1
43372,ərad,1,1
43373,əraqi,1,1
43374,əraqü,1,1
43375,ərbab,1,1
43376,ərdür,1,1
43377,ərdǝbildǝ,1,1
43378,ərdəbilin,1,1
43379,əridibdi,1,1
43380,əridifdi,1,1
43381,əridər,1,1
43382,ərimin,1,1
43383,ərimlə,1,1
43384,ərir,1,1
43385,əritsə,1,1
43386,əriyib,1,1
43387,əriyir,1,1
43388,əriyə,1,1
43389,əriyən,1,1
43390,əriyər,1,1
43391,ərizələr,1,1
43392,ərkanda,1,1
43393,ərkandır,1,1
43394,ərkanidir,1,1
43395,ərkanımız,1,1
43396,ərkanımızdır,1,1
43397,ərkanın,1,1
43398,ərkanına,1,1
43399,ərkinazı,1,1
43400,ərkinazını,1,1
43401,ərliyini,1,1
43402,ərlər,1,1
43403,ərmağının,1,1
43404,ərməni,1,1
43405,ərreyi,1,1
43406,ərsin,1,1
43407,ərsəyə,1,1
43408,ərtun,1,1
43409,ərtuni,1,1
43410,ərtəng,1,1
43411,ərvaha,1,1
43412,ərvahımı,1,1
43413,ərvahə,1,1
43414,ərziniz,1,1
43415,ərzǝ,1,1
43416,ərzəçinin,1,1
43417,ərğavəni,1,1
43418,ərğüvan,1,1
43419,ərşcəlal,1,1
43420,ərşdə,1,1
43421,ərşilə,1,1
43422,ərşini,1,1
43423,ərşlə,1,1
43424,ərəbcədən,1,1
43425,ərəbdir,1,1
43426,ərəbdən,1,1
43427,ərəbi,1,1
43428,ərəbistana,1,1
43429,ərəblər,1,1
43430,ərəbü,1,1
43431,ərəqi,1,1
43432,ərəqü,1,1
43433,ərər,1,1
43434,ərərdən,1,1
43435,ərəs,1,1
43436,ərəsati,1,1
43437,ərəstuyü,1,1
43438,ərəsvar,1,1
43439,ərəsətdə,1,1
43440,ərəz,1,1
43441,əsabi,1,1
43442,əsanı,1,1
43443,əsasa,1,1
43444,əsaslandıranda,1,1
43445,əsasıdır,1,1
43446,əsasına,1,1
43447,əsasən,1,1
43448,əsayı,1,1
43449,əsbabim,1,1
43450,əsbabına,1,1
43451,əsbabından,1,1
43452,əsbabə,1,1
43453,əscədü,1,1
43454,əsdullah,1,1
43455,əsfəldədir,1,1
43456,əsgəri,1,1
43457,əsgəriz,1,1
43458,əshab,1,1
43459,əshabindən,1,1
43460,əshabü,1,1
43461,əsicək,1,1
43462,əsinciyəm,1,1
43463,əsirgədi,1,1
43464,əsirgəməm,1,1
43465,əsirgəyir,1,1
43466,əsiridir,1,1
43467,əsirin,1,1
43468,əsirləri,1,1
43469,əsirə,1,1
43470,əsirəm,1,1
43471,əskih,1,1
43472,əskikdir,1,1
43473,əskiklik,1,1
43474,əskəriyə,1,1
43475,əsldə,1,1
43476,əslidir,1,1
43477,əslilə,1,1
43478,əslimdə,1,1
43479,əslinə,1,1
43480,əslisiz,1,1
43481,əsliyi,1,1
43482,əsləhə,1,1
43483,əslən,1,1
43484,əsmayi,1,1
43485,əsmayə,1,1
43486,əsmər,1,1
43487,əsməu,1,1
43488,əsməyə,1,1
43489,əspir,1,1
43490,əsradə,1,1
43491,əsrara,1,1
43492,əsrardə,1,1
43493,əsrarım,1,1
43494,əsrarımı,1,1
43495,əsrarə,1,1
43496,əsrayə,1,1
43497,əsrdə,1,1
43498,əsrimin,1,1
43499,əsrimizin,1,1
43500,əsrimişdir,1,1
43501,əsrinin,1,1
43502,əsrük,1,1
43503,əsrümüş,1,1
43504,əsrə,1,1
43505,əsrəyübən,1,1
43506,əssəm,1,1
43507,əssən,1,1
43508,əstər,1,1
43509,əsvəbi,1,1
43510,əsvəd,1,1
43511,əsǝn,1,1
43512,əsəddə,1,1
43513,əsədin,1,1
43514,əsədlə,1,1
43515,əsədulla,1,1
43516,əsədullahdan,1,1
43517,əsədullahgildən,1,1
43518,əsədullahgilin,1,1
43519,əsədullahnan,1,1
43520,əsədullahı,1,1
43521,əsəldir,1,1
43522,əsəlidir,1,1
43523,əsən,1,1
43524,əsəndə,1,1
43525,əsərim,1,1
43526,əsərin,1,1
43527,əsərində,1,1
43528,əsərini,1,1
43529,əsərinin,1,1
43530,əsərlərim,1,1
43531,əsərlərini,1,1
43532,əsəs,1,1
43533,əsəsi,1,1
43534,ətalər,1,1
43535,ətasan,1,1
43536,ətası,1,1
43537,ətfa,1,1
43538,ətfalüvü,1,1
43539,ətfalın,1,1
43540,ətfalə,1,1
43541,ətibbayi,1,1
43542,ətidir,1,1
43543,ətinin,1,1
43544,ətirlə,1,1
43545,ətirlərin,1,1
43546,ətirri,1,1
43547,ətiyyeyi,1,1
43548,ətiçün,1,1
43549,ətlazı,1,1
43550,ətlərindən,1,1
43551,ətləs,1,1
43552,ətrafdakı,1,1
43553,ətrafıma,1,1
43554,ətrafındadır,1,1
43555,ətrafını,1,1
43556,ətrdən,1,1
43557,ətrin,1,1
43558,ətrinisə,1,1
43559,ətrü,1,1
43560,əttardir,1,1
43561,əttarın,1,1
43562,ətvarım,1,1
43563,ətvarın,1,1
43564,ətşam,1,1
43565,ətşanım,1,1
43566,ətəgi,1,1
43567,ətəgində,1,1
43568,ətəkdən,1,1
43569,ətəklərdən,1,1
43570,ətəklərim,1,1
43571,ətəna,1,1
43572,ətəyim,1,1
43573,ətəyimi,1,1
43574,ətəyini,1,1
43575,ətəyinə,1,1
43576,ətəyə,1,1
43577,əvani,1,1
43578,əvanı,1,1
43579,əvdən,1,1
43580,əvf,1,1
43581,əvhayü,1,1
43582,əvhayə,1,1
43583,əvinə,1,1
43584,əvvala,1,1
43585,əvvəla,1,1
43586,əvvəlcədən,1,1
43587,əvvəldə,1,1
43588,əvvəlin,1,1
43589,əvvəlkindən,1,1
43590,əvvəlləri,1,1
43591,əvəki,1,1
43592,əvəzlədikcə,1,1
43593,əxbar,1,1
43594,əxbarın,1,1
43595,əxgərim,1,1
43596,əxilər,1,1
43597,əxkərdir,1,1
43598,əxlaq,1,1
43599,əxlaqü,1,1
43600,əxlaqı,1,1
43601,əxlaqın,1,1
43602,əxməri,1,1
43603,əxtərdir,1,1
43604,əxzər,1,1
43605,əxzərin,1,1
43606,əyalı,1,1
43607,əyalına,1,1
43608,əyalını,1,1
43609,əyana,1,1
43610,əyani,1,1
43611,əyansan,1,1
43612,əyaq,1,1
43613,əyaqdən,1,1
43614,əyar,1,1
43615,əyasi,1,1
43616,əyaxsızdarı,1,1
43617,əyaz,1,1
43618,əyağımdan,1,1
43619,əydim,1,1
43620,əyibdi,1,1
43621,əyibsən,1,1
43622,əyifdi,1,1
43623,əyildi,1,1
43624,əyildilər,1,1
43625,əyilin,1,1
43626,əyilir,1,1
43627,əyilirdim,1,1
43628,əyilməz,1,1
43629,əyilsin,1,1
43630,əyir,1,1
43631,əyirir,1,1
43632,əyirsən,1,1
43633,əylən,1,1
43634,əyləndigimcə,1,1
43635,əylənim,1,1
43636,əylənsin,1,1
43637,əylənəm,1,1
43638,əylənən,1,1
43639,əyləşdim,1,1
43640,əyləşdirdi,1,1
43641,əyləşdiyi,1,1
43642,əyləşibdir,1,1
43643,əyləşiblər,1,1
43644,əyləşmisən,1,1
43645,əyləşmişdilər,1,1
43646,əyləşmədi,1,1
43647,əyləşsin,1,1
43648,əyləşə,1,1
43649,əyləşən,1,1
43650,əymə,1,1
43651,əymək,1,1
43652,əyməm,1,1
43653,əyməsə,1,1
43654,əyməyin,1,1
43655,əynində,1,1
43656,əynindən,1,1
43657,əyridirsə,1,1
43658,əyrisinə,1,1
43659,əyriylə,1,1
43660,əyriyə,1,1
43661,əyrüiyə,1,1
43662,əyyahu,1,1
43663,əyyamda,1,1
43664,əyyamdır,1,1
43665,əyyamidən,1,1
43666,əyyamıdır,1,1
43667,əyyamın,1,1
43668,əyyamına,1,1
43669,əyyamını,1,1
43670,əyyamə,1,1
43671,əyyuba,1,1
43672,əyyubun,1,1
43673,əyyühəl,1,1
43674,əyzə,1,1
43675,əyəc,1,1
43676,əyənlər,1,1
43677,əza,1,1
43678,əzabdan,1,1
43679,əzabin,1,1
43680,əzablar,1,1
43681,əzablarım,1,1
43682,əzablarından,1,1
43683,əzabmı,1,1
43684,əzabü,1,1
43685,əzabın,1,1
43686,əzabını,1,1
43687,əzabəziyyəti,1,1
43688,əzadari,1,1
43689,əzafnan,1,1
43690,əzainə,1,1
43691,əzaları,1,1
43692,əzamıza,1,1
43693,əzamə,1,1
43694,əzani,1,1
43695,əzasinə,1,1
43696,əzasın,1,1
43697,əzaxanı,1,1
43698,əzayimxanə,1,1
43699,əzazilsurət,1,1
43700,əzbün,1,1
43701,əzbərləmişdi,1,1
43702,əzbərləyir,1,1
43703,əzbərriyərdilər,1,1
43704,əzbərrədi,1,1
43705,əzbərrədilər,1,1
43706,əzbərxan,1,1
43707,əzdi,1,1
43708,əzgüsün,1,1
43709,əzhar,1,1
43710,əzharə,1,1
43711,əzildi,1,1
43712,əzilib,1,1
43713,əzimli,1,1
43714,əzimüşşan,1,1
43715,əzimət,1,1
43716,əzimətin,1,1
43717,əzir,1,1
43718,əziyyətli,1,1
43719,əziyyətlərinə,1,1
43720,əziyyətə,1,1
43721,əziza,1,1
43722,əzizağa,1,1
43723,əzizdi,1,1
43724,əzizimdən,1,1
43725,əziziyəm,1,1
43726,əzizliklə,1,1
43727,əzizliyi,1,1
43728,əzizləyərlər,1,1
43729,əzizləyərək,1,1
43730,əzizəm,1,1
43731,əzkar,1,1
43732,əzlü,1,1
43733,əzmimizi,1,1
43734,əzminlə,1,1
43735,əzminə,1,1
43736,əzmişdir,1,1
43737,əznəmaz,1,1
43738,əzra,1,1
43739,əzraili,1,1
43740,əzrasını,1,1
43741,əzrayə,1,1
43742,əzrə,1,1
43743,əzrəailə,1,1
43744,əzzəl,1,1
43745,əzzəm,1,1
43746,əzəcək,1,1
43747,əzəldir,1,1
43748,əzəldəndir,1,1
43749,əzəlidir,1,1
43750,əzəlki,1,1
43751,əzəlkindən,1,1
43752,əzəllər,1,1
43753,əzəminə,1,1
43754,əzəməm,1,1
43755,əzəmət,1,1
43756,əzəmətdə,1,1
43757,əzəmətini,1,1
43758,əzən,1,1
43759,əzərsə,1,1
43760,əzərsən,1,1
43761,əzərəm,1,1
43762,əğlə,1,1
43763,əğyara,1,1
43764,əğyardan,1,1
43765,əğyaridən,1,1
43766,əğyarlıq,1,1
43767,əğyarım,1,1
43768,əğyarın,1,1
43769,əş,1,1
43770,əşa,1,1
43771,əşarımı,1,1
43772,əşağə,1,1
43773,əşcar,1,1
43774,əşcarım,1,1
43775,əşcarə,1,1
43776,əşhabi,1,1
43777,əşkalıdır,1,1
43778,əşkbari,1,1
43779,əşkbarımdan,1,1
43780,əşkbarından,1,1
43781,əşkdir,1,1
43782,əşkdən,1,1
43783,əşkfəşan,1,1
43784,əşkimi,1,1
43785,əşkimə,1,1
43786,əşkinlə,1,1
43787,əşksiz,1,1
43788,əşkəfşanlığm,1,1
43789,əşkəfşanlığım,1,1
43790,əşrafın,1,1
43791,əşrar,1,1
43792,əşrəfidi,1,1
43793,əşrəfili,1,1
43794,əşrəfə,1,1
43795,əşrəqət,1,1
43796,əşxası,1,1
43797,əşyada,1,1
43798,əşyası,1,1
43799,əşyayi,1,1
43800,əşəmi,1,1
43801,əşərə,1,1
43802,əхanam,1,1
43803,еdibdir,1,1
43804,еdim,1,1
43805,еdirdi,1,1
43806,еdirik,1,1
43807,еdirsən,1,1
43808,еdirəm,1,1
43809,еdəcək,1,1
43810,еdəlim,1,1
43811,еdəm,1,1
43812,еdərmi,1,1
43813,еdərsə,1,1
43814,еdəsən,1,1
43815,еhsana,1,1
43816,еhsanü,1,1
43817,еhtidarın,1,1
43818,еhtiyacın,1,1
43819,еhtiyatın,1,1
43820,еldar,1,1
43821,еldarda,1,1
43822,еli,1,1
43823,еlim,1,1
43824,еlində,1,1
43825,еlini,1,1
43826,еliyib,1,1
43827,еliyir,1,1
43828,еliyirlərsə,1,1
43829,еliyəndə,1,1
43830,еliyənnən,1,1
43831,еliyər,1,1
43832,еliyərəm,1,1
43833,еllərə,1,1
43834,еlm,1,1
43835,еlmində,1,1
43836,еlmiylə,1,1
43837,еlmül,1,1
43838,еlmə,1,1
43839,еlnən,1,1
43840,еlçilərdən,1,1
43841,еlçilərin,1,1
43842,еlədik,1,1
43843,еlədilərsə,1,1
43844,еlədisə,1,1
43845,еləmir,1,1
43846,еləmirdilər,1,1
43847,еləmişdilər,1,1
43848,еləmədilər,1,1
43849,еləməmiş,1,1
43850,еləməz,1,1
43851,еləməzdi,1,1
43852,еləməzsiniz,1,1
43853,еlər,1,1
43854,еləsi,1,1
43855,еləsinlər,1,1
43856,еləsə,1,1
43857,еlətdi,1,1
43858,еlətdirdin,1,1
43859,еlətdirsəm,1,1
43860,еlətdirəcəksən,1,1
43861,еləyibsən,1,1
43862,еləyim,1,1
43863,еləyirdilərsə,1,1
43864,еləyirdisə,1,1
43865,еləyirik,1,1
43866,еləyəcək,1,1
43867,еləyəcəksən,1,1
43868,еləyəm,1,1
43869,еləyərdi,1,1
43870,еləyərik,1,1
43871,еləyərsiniz,1,1
43872,еləyərəm,1,1
43873,еmin,1,1
43874,еndirərsən,1,1
43875,еnişə,1,1
43876,еnmədi,1,1
43877,еnməz,1,1
43878,еrkəkdi,1,1
43879,еrməni,1,1
43880,еrmənilərdən,1,1
43881,еtdikcə,1,1
43882,еtdiyin,1,1
43883,еtibar,1,1
43884,еtibarın,1,1
43885,еtibarınız,1,1
43886,еtiqadla,1,1
43887,еtiqadı,1,1
43888,еtiqadından,1,1
43889,еtmiş,1,1
43890,еtmişəm,1,1
43891,еtmə,1,1
43892,еtməkdədir,1,1
43893,еtmərəm,1,1
43894,еtməyən,1,1
43895,еtməz,1,1
43896,еtməzəm,1,1
43897,еtsən,1,1
43898,еulоn,1,1
43899,еvinin,1,1
43900,еvliliyimin,1,1
43901,еvlənməli,1,1
43902,еvlənməsən,1,1
43903,еvlənməyin,1,1
43904,еvlənməyəcək,1,1
43905,еvlənsək,1,1
43906,еvlərdə,1,1
43907,еyb,1,1
43908,еydü,1,1
43909,еyhamla,1,1
43910,еyhamınan,1,1
43911,еyi,1,1
43912,еyib,1,1
43913,еyliyə,1,1
43914,еylədik,1,1
43915,еylədikcə,1,1
43916,еylədivü,1,1
43917,еyləgil,1,1
43918,еylərsiz,1,1
43919,еylərsən,1,1
43920,еyləsəm,1,1
43921,еyləyibdi,1,1
43922,еyləyibsən,1,1
43923,еyləyim,1,1
43924,еyləyirsiz,1,1
43925,еyləyək,1,1
43926,еyn,1,1
43927,еynimiz,1,1
43928,еynimə,1,1
43929,еynin,1,1
43930,еynində,1,1
43931,еyninin,1,1
43932,еyninmi,1,1
43933,еynə,1,1
43934,еytac,1,1
43935,еyvanı,1,1
43936,еyyühəl,1,1
43937,еyşi,1,1
43938,еşidildi,1,1
43939,еşidilmir,1,1
43940,еşidin,1,1
43941,еşidir,1,1
43942,еşidirik,1,1
43943,еşidəcək,1,1
43944,еşidək,1,1
43945,еşidəlidən,1,1
43946,еşidənlərdən,1,1
43947,еşikdə,1,1
43948,еşitcək,1,1
43949,еşitdin,1,1
43950,еşitmişdi,1,1
43951,еşitmədinmi,1,1
43952,еşitmək,1,1
43953,еşitməmişəm,1,1
43954,еşitməsin,1,1
43955,еşitməsə,1,1
43956,еşitməzliyə,1,1
43957,еşiyi,1,1
43958,еşiyə,1,1
43959,еşməkü,1,1
43960,еşqdə,1,1
43961,еşqi,1,1
43962,еşqindən,1,1
43963,еşqinlə,1,1
43964,еşşək,1,1
43965,еşşəkdi,1,1
43966,еşşəyə,1,1
43967,еşərəm,1,1
43968,оbam,1,1
43969,оcaq,1,1
43970,оcaqdır,1,1
43971,оcağı,1,1
43972,оdlara,1,1
43973,оdlu,1,1
43974,оlalı,1,1
43975,оlandan,1,1
43976,оlanı,1,1
43977,оlar,1,1
43978,оldum,1,1
43979,оldun,1,1
43980,оlduqca,1,1
43981,оldur,1,1
43982,оlma,1,1
43983,оlmadıq,1,1
43984,оlmagilən,1,1
43985,оlmuşam,1,1
43986,оlsalar,1,1
43987,оlsan,1,1
43988,оlsaydı,1,1
43989,оlunca,1,1
43990,оnla,1,1
43991,оraya,1,1
43992,оrdaca,1,1
43993,оtaq,1,1
43994,оtağı,1,1
43995,оtağından,1,1
43996,оtur,1,1
43997,оturu,1,1
43998,оvlar,1,1
43999,оxların,1,1
44000,оxusun,1,1
44001,оxşar,1,1
44002,оyana,1,1
44003,оynar,1,1
44004,оğlan,1,1
44005,оğlundan,1,1
44006,охşamayırsan,1,1
44007,охşarı,1,1
44008,сami,1,1
44009,сan,1,1
44010,сuyə,1,1
44011,сüda,1,1
44012,сürət,1,1
44013,сəhanə,1,1
44014,сəmalindən,1,1
44015,сəmşid,1,1
44016,хab,1,1
44017,хain,1,1
44018,хaliqin,1,1
44019,хalis,1,1
44020,хalı,1,1
44021,хalıdır,1,1
44022,хalə,1,1
44023,хanım,1,1
44024,хara,1,1
44025,хardır,1,1
44026,хarlıq,1,1
44027,хarədir,1,1
44028,хasir,1,1
44029,хasiyyəti,1,1
44030,хatadır,1,1
44031,хatəmdir,1,1
44032,хavər,1,1
44033,хidmətində,1,1
44034,хidmətinə,1,1
44035,хilafı,1,1
44036,хilqəti,1,1
44037,хilqətimin,1,1
44038,хirməni,1,1
44039,хirmənində,1,1
44040,хitab,1,1
44041,хizri,1,1
44042,хizrlə,1,1
44043,хoşavaz,1,1
44044,хoşəlhanım,1,1
44045,хubansan,1,1
44046,хubim,1,1
44047,хublar,1,1
44048,хubun,1,1
44049,хudavəndim,1,1
44050,хumari,1,1
44051,хunabəmi,1,1
44052,хuni,1,1
44053,хuraman,1,1
44054,хuramanım,1,1
44055,хurşidü,1,1
44056,хümarımı,1,1
44057,хümarına,1,1
44058,хüraman,1,1
44059,хüruç,1,1
44060,хızra,1,1
44061,хızrnın,1,1
44062,хəbərdar,1,1
44063,хəbəri,1,1
44064,хəbərin,1,1
44065,хəddinmi,1,1
44066,хəldir,1,1
44067,хələtlərə,1,1
44068,хərabatiyə,1,1
44069,хəsarətü,1,1
44070,хəstənin,1,1
44071,хət,1,1
44072,хəta,1,1
44073,хətin,1,1
44074,хətm,1,1
44075,хətti,1,1
44076,хəttin,1,1
44077,хəttü,1,1
44078,хətü,1,1
44079,хəyaldan,1,1
44080,хəyalı,1,1
44081,хəyalından,1,1
44082,хəzinəm,1,1
44083,хəznədarı,1,1
44084,хеyli,1,1
44085,хоfi,1,1
44086,хоşbəхt,1,1
44087,әdavәt,1,1
44088,әfzun,1,1
44089,әgәr,1,1
44090,әhli,1,1
44091,әhsәnül,1,1
44092,әkbәrinә,1,1
44093,әl,1,1
44094,әlacı,1,1
44095,әlilә,1,1
44096,әlini,1,1
44097,әlinә,1,1
44098,әlә,1,1
44099,әndişә,1,1
44100,әnһar,1,1
44101,әqlü,1,1
44102,әqlә,1,1
44103,әrbabi,1,1
44104,әrzü,1,1
44105,әsğәrinә,1,1
44106,әtfal,1,1
44107,әvvәl,1,1
44108,әyyami,1,1
44109,әzadarları,1,1
44110,әzizim,1,1
44111,әzzәldә,1,1
44112,әşarları,1,1
